serviceId,id,category,criterion,status,evidence
banner,C001,公開・導線,定義と公開一覧と終了済み一覧が一致する,部分検証済み：正本の公開・稼働17件一致と終了14件除外、本番トップ・sitemap・llmsの17導線一致／終了API・認証後導線は別途検証,service-catalog-current.json; verify-service-catalog-current.cjs
banner,C002,公開・導線,LP・料金・利用画面に到達できる,一部検証済み：公開LP・料金390px計測とログイン前導線／認証後・実機未検証,public-mobile-navigation.json; public-mobile-pricing.json; README.md
banner,C003,公開・導線,主要CTAが正しいログイン後の戻り先へ遷移する,一部検証済み：公開LP・料金390px計測とログイン前導線／認証後・実機未検証,public-mobile-navigation.json; public-mobile-pricing.json; README.md
banner,C004,公開・導線,終了APIが実生成・課金を受け付けない,部分検証済み：共通の終了14サービス配下＋既知の旧別名111ルート147処理で入口410を実フラグ評価／モジュール初期化・未発見別名・本番API通しは未検証,retired-route-entry-current.json; verify-retired-route-entry-current.cjs
banner,C005,公開・導線,スマートフォンで横はみ出し・操作不能がない,一部検証済み：公開LP・料金390px計測とログイン前導線／認証後・実機未検証,public-mobile-navigation.json; public-mobile-pricing.json; README.md
banner,C006,公開・導線,空状態・読込中・失敗状態が表示される,現在版での項目別通し検証待ち,
banner,C007,認証,未ログインで私有データを取得・変更できない,現在版での項目別通し検証待ち,
banner,C008,認証,期限切れセッションを拒否する,現在版での項目別通し検証待ち,
banner,C009,認証,ログアウト後に他人のキャッシュを表示しない,現在版での項目別通し検証待ち,
banner,C010,認証,ID欠落時のメール補完が一貫している,現在版での項目別通し検証待ち,
banner,C011,認証,管理画面と一般画面の認証が分離される,現在版での項目別通し検証待ち,
banner,C012,認証,招待トークンの期限・使い回し・失効が守られる,現在版での項目別通し検証待ち,
banner,C013,権限・組織,他ユーザーのIDによる取得・更新・削除を拒否する,現在版での項目別通し検証待ち,
banner,C014,権限・組織,明示した組織が不正なら別組織へ切り替えない,現在版での項目別通し検証待ち,
banner,C015,権限・組織,退会済み・無効メンバーの権限を拒否する,現在版での項目別通し検証待ち,
banner,C016,権限・組織,一般メンバー・管理者・オーナーの操作を分ける,現在版での項目別通し検証待ち,
banner,C017,権限・組織,関連IDが同一組織に属することを検査する,現在版での項目別通し検証待ち,
banner,C018,権限・組織,自己評価・上長評価・最終評価の列権限を分ける,現在版での項目別通し検証待ち,
banner,C019,権限・組織,組織切替中の遅延応答を破棄する,現在版での項目別通し検証待ち／共通上限案内の画面・クエリ切替は87合成画面検証合格、他応答・実機・本番通し未検証,service-limit-navigation-current.json; service-limit-navigation-comparison-baseline.json（Nextナビゲーションはモック、明示イベントの遅延元は別途監査）
banner,C020,権限・組織,共有URLから秘密情報や内部指示が漏れない,現在版での項目別通し検証待ち,
banner,C021,課金,有料判定の正本と旧プラン正規化が統一される,不整合を再現・修正中（本番通し確認待ち）,; 専用modalのPRO上限CTAが相談先を捨て非販売Enterprise価格を表示: banner-limit-contact-baseline.json。描画/CTA7ケース修正成功 banner-limit-contact-regression.log、全体build40435進行中。URL画面の非販売Enterprise案内/統一PRO・bannerPlanFREEの無料表示はbanner-url-plan-baseline.jsonlで再現、未修正。合成SSR/認証/Routerで実課金や生成はなし。
banner,C022,課金,決済セッションの所有者を検証する,現在版での項目別通し検証待ち,
banner,C023,課金,解約済み・未払い・未完了から権限復活しない,現在版での項目別通し検証待ち,
banner,C024,課金,有効契約がある場合の二重契約を防ぐ,現在版での項目別通し検証待ち,
banner,C025,課金,全サービスへの権限同期が原子的である,現在版での項目別通し検証待ち,
banner,C026,課金,Webhook署名・再送・順序逆転に対応する,現在版での項目別通し検証待ち,
banner,C027,課金,Webhook不達時の再同期と監査が働く,現在版での項目別通し検証待ち,
banner,C028,課金,解約・無料体験終了・再契約の状態遷移が正しい,現在版での項目別通し検証待ち,
banner,C029,課金,決済失敗時に再申込不要と案内する,現在版での項目別通し検証待ち,
banner,C030,課金,手動付与した有料権限が誤って失われない,現在版での項目別通し検証待ち,
banner,C031,利用上限,料金ページの数値・単位・期間がAPIと一致する,現在版での項目別通し検証待ち,
banner,C032,利用上限,表示残数とサーバー実使用数が一致する,現在版での項目別通し検証待ち,
banner,C033,利用上限,上限0と上限直前と超過時を正しく扱う,現在版での項目別通し検証待ち,
banner,C034,利用上限,同時リクエストでも上限を超えない,現在版での項目別通し検証待ち,
banner,C035,利用上限,利用枠を予約してから従量課金APIを呼ぶ,現在版での項目別通し検証待ち,
banner,C036,利用上限,生成失敗・中断時の予約を過不足なく戻す,現在版での項目別通し検証待ち,
banner,C037,利用上限,月次・日次境界のタイムゾーンが統一される,現在版での項目別通し検証待ち,
banner,C038,利用上限,履歴削除によって消費済み枠が復活しない,現在版での項目別通し検証待ち,
banner,C039,利用上限,DB障害時に無制限の生成を許可しない,現在版での項目別通し検証待ち,
banner,C040,利用上限,ゲストのCookie削除で有料原価が無制限にならない,現在版での項目別通し検証待ち,
banner,C041,利用上限,チーム枠の契約者と操作ユーザーを取り違えない,現在版での項目別通し検証待ち,
banner,C042,利用上限,全上限経路に適切な次の操作を提示する,不整合を再現・修正中（本番通し確認待ち）,; 専用modalのPRO上限CTAが相談先を捨て非販売Enterprise価格を表示: banner-limit-contact-baseline.json。描画/CTA7ケース修正成功 banner-limit-contact-regression.log、全体build40435進行中。URL画面の非販売Enterprise案内/統一PRO・bannerPlanFREEの無料表示はbanner-url-plan-baseline.jsonlで再現、未修正。合成SSR/認証/Routerで実課金や生成はなし。
banner,C043,利用上限,無料体験対象外に無料を約束しない,現在版での項目別通し検証待ち,
banner,C044,利用上限,混雑・サイズ超過・認証エラーを課金誘導しない,現在版での項目別通し検証待ち,
banner,C045,データ・DB,モデルのテーブル・列・null制約が実DBと一致する,一部検証済み：本番DBの列存在・型・非配列の必須設定／配列NULL・業務整合性未検証,production-readonly-schema.json; production-readonly-constraints.json; README.md
banner,C046,データ・DB,必要な外部キー・複合一意制約が存在する,一部検証済み：本番DBのFK列対応・一意制約／削除規則・通常インデックス未検証,production-readonly-schema.json; production-readonly-constraints.json; README.md
banner,C047,データ・DB,孤立したユーザー・組織参照がない,現在版での項目別通し検証待ち,
banner,C048,データ・DB,同一組織内の関連付け制約が守られる,現在版での項目別通し検証待ち,
banner,C049,データ・DB,部署・タスク階層に循環を作れない,現在版での項目別通し検証待ち,
banner,C050,データ・DB,採番の同時実行が衝突しない,現在版での項目別通し検証待ち,
banner,C051,データ・DB,複数テーブル更新が途中失敗で片落ちしない,現在版での項目別通し検証待ち,
banner,C052,データ・DB,削除・退会時の保持と匿名化の方針が定義される,現在版での項目別通し検証待ち,
banner,C053,入力・外部接続,本文・配列・ファイル数・長さをサーバーで制限する,現在版での項目別通し検証待ち,
banner,C054,入力・外部接続,URL取得で内部IP・リダイレクトSSRFを防ぐ,現在版での項目別通し検証待ち,
banner,C055,入力・外部接続,HTML表示で保存型XSSを防ぐ,現在版での項目別通し検証待ち,
banner,C056,入力・外部接続,金額・数量・日時の異常値を拒否する,現在版での項目別通し検証待ち,
banner,C057,入力・外部接続,ファイル形式を拡張子だけで判断しない,現在版での項目別通し検証待ち,
banner,C058,入力・外部接続,ストレージの所有権・署名URL期限が守られる,現在版での項目別通し検証待ち,
banner,C059,入力・外部接続,外部APIのタイムアウト・再試行が有界である,部分補修：画像修正API・両画面の永続操作ID/結果復元を接続。実React会話13/作成7/復元12、隔離PG24、入力9群、コールバック24/生成6通過。320x50・連打・入力保持・画像別Undo・React再描画後の送信不能も補修。現行ソース全体ゲート・ネイティブ共通処理5通過、未反映。本番認証後/本番画面/他経路未検証。AI相談APIの重複受付・不確実な再試行を追加再現、未補修,banner-url-plan-cta-regression.log; banner-generation-recovery-regression.log; client-read-deadlines-regression.log; banner-chat-remaining-baseline.json; README.md; banner-chat-current-lifecycle-baseline.json; banner-chat-current-repair-plan.json; banner-chat-mounted-results.json; banner-refine-operation-baseline.json; banner-refine-operation-repair-plan.json; banner-refine-operation-postgres-results.json; banner-refine-operation-postgres-supervisor.json; banner-refine-input-results.log; banner-refine-recovery-mounted-results.json; banner-create-mounted-results.json; banner-refine-native-browser.json; banner-chat-operation-current-baseline.json
banner,C060,入力・外部接続,通知先・本文に利用者入力を安全に扱う,現在版での項目別通し検証待ち,
banner,C061,生成・ジョブ,連打・再送に冪等性がある,現在版での項目別通し検証待ち,
banner,C062,生成・ジョブ,ジョブの所有者と結果取得権限を検査する,現在版での項目別通し検証待ち,
banner,C063,生成・ジョブ,ストリーム途中失敗を成功として表示しない,現在版での項目別通し検証待ち,
banner,C064,生成・ジョブ,生成結果と履歴・使用量の保存が整合する,現在版での項目別通し検証待ち,
banner,C065,生成・ジョブ,プロセス終了時に永久処理中にならない,不具合再現・修正中：chat/copy/refineの期限なしpendingを15分で終端化、遅延保存を拒否／他の生成経路・実際の本番プロセス停止は未検証,banner-text-stale-pending-baseline.json; verify-banner-operation-lease.cjs; banner-text-operation-postgres-results.json; banner-refine-operation-postgres-results.json
banner,C066,生成・ジョブ,再生成と編集にも上限を適用する,現在版での項目別通し検証待ち,
banner,C067,生成・ジョブ,公開音声ルームの同意・期限・人数を守る,現在版での項目別通し検証待ち,
banner,C068,生成・ジョブ,エクスポートで他人の成果物を含めない,現在版での項目別通し検証待ち,
banner,C069,UI・アクセシビリティ,モーダルのフォーカス・Escape・復帰が機能する,現在版での項目別通し検証待ち,
banner,C070,UI・アクセシビリティ,入力をエラー時に失わない,現在版での項目別通し検証待ち,
banner,C071,UI・アクセシビリティ,上限案内が二重表示されない,現在版での項目別通し検証待ち,
banner,C072,UI・アクセシビリティ,有料会員に同じプランへの重複契約を促さない,現在版での項目別通し検証待ち,
banner,C073,UI・アクセシビリティ,APIエラーを消えるトーストだけに依存しない,現在版での項目別通し検証待ち,
banner,C074,UI・アクセシビリティ,色だけに依存せずラベルと操作名を持つ,現在版での項目別通し検証待ち,
banner,C075,運用・リリース,本番ソースと監査対象のハッシュが一致する,現在版での項目別通し検証待ち,
banner,C076,運用・リリース,別作業の未公開修正を検証済みと混同しない,現在版での項目別通し検証待ち,
banner,C077,運用・リリース,型チェック・ビルド・回帰試験が必須化される,現在版での項目別通し検証待ち,
banner,C078,運用・リリース,デプロイでDB変更を無条件実行しない,現在版での項目別通し検証待ち,
banner,C079,運用・リリース,個人情報・認証情報をログに出さない,現在版での項目別通し検証待ち,
banner,C080,運用・リリース,監視の対象期間と未観測範囲を明示する,現在版での項目別通し検証待ち,
banner,C081,運用・リリース,バックアップからの復元を実証できる,現在版での項目別通し検証待ち,
banner,C082,運用・リリース,障害時に旧版へ戻す手順が用意される,現在版での項目別通し検証待ち,
banner,U01,user-experience,トップの説明、LP、料金、ヘルプ、設定、APIの数値・単位が一致する。,現在版での項目別通し検証待ち,
banner,U02,user-experience,「無料」「使い放題」「無制限」の対象と例外が申込前に分かる。,現在版での項目別通し検証待ち,
banner,U03,user-experience,1回/1枚/1コンセプト/1分/1席/1件の意味と、再生成・修正の消費を説明する。,現在版での項目別通し検証待ち,
banner,U04,user-experience,日次・月次・累計・同時保存件数・直近7日間を区別し、次回復旧日時が分かる。,現在版での項目別通し検証待ち,
banner,U05,user-experience,公開LP/料金/主要CTAがPC・スマートフォンで表示でき、終了サービスへ迷い込まない。,一部検証済み：公開LP・料金390px計測とログイン前導線／認証後・実機未検証,public-mobile-navigation.json; public-mobile-pricing.json; README.md
banner,U06,user-experience,ログイン必須か、無料体験の開始条件は何かが入力前に分かる。,現在版での項目別通し検証待ち,
banner,U07,user-experience,入力途中にログイン・料金確認へ移動しても内容が消えない。,現在版での項目別通し検証待ち,
banner,U08,user-experience,組織作成・メンバー招待・既存組織参加の順序と役割が分かる。,現在版での項目別通し検証待ち,
banner,U09,user-experience,URL・ファイル形式/容量・数値・必須項目を実処理前に検証し、入力を別の意味へ黙って変えない。,現在版での項目別通し検証待ち,
banner,U10,user-experience,マイク・録音・タブ共有・対応ブラウザ・スマホ対応の条件を開始前に説明する。,現在版での項目別通し検証待ち,
banner,U11,user-experience,開始・進行中・完了・失敗・中止の状態を区別し、いつ待ちをやめてよいか分かる。,部分補修：画像修正API・両画面の永続操作ID/結果復元を接続。実React会話13/作成7/復元12、隔離PG24、入力9群、コールバック24/生成6通過。320x50・連打・入力保持・画像別Undo・React再描画後の送信不能も補修。現行ソース全体ゲート・ネイティブ共通処理5通過、未反映。本番認証後/本番画面/他経路未検証。AI相談APIの重複受付・不確実な再試行を追加再現、未補修,banner-url-plan-cta-regression.log; banner-generation-recovery-regression.log; client-read-deadlines-regression.log; banner-chat-remaining-baseline.json; README.md; banner-chat-current-lifecycle-baseline.json; banner-chat-current-repair-plan.json; banner-chat-mounted-results.json; banner-refine-operation-baseline.json; banner-refine-operation-repair-plan.json; banner-refine-operation-postgres-results.json; banner-refine-operation-postgres-supervisor.json; banner-refine-input-results.log; banner-refine-recovery-mounted-results.json; banner-create-mounted-results.json; banner-refine-native-browser.json; banner-chat-operation-current-baseline.json
banner,U12,user-experience,通信失敗を「0件」「保存済み」「ダウンロード済み」と表示しない。,部分補修：画像修正API・両画面の永続操作ID/結果復元を接続。実React会話13/作成7/復元12、隔離PG24、入力9群、コールバック24/生成6通過。320x50・連打・入力保持・画像別Undo・React再描画後の送信不能も補修。現行ソース全体ゲート・ネイティブ共通処理5通過、未反映。本番認証後/本番画面/他経路未検証。AI相談APIの重複受付・不確実な再試行を追加再現、未補修,banner-url-plan-cta-regression.log; banner-generation-recovery-regression.log; client-read-deadlines-regression.log; banner-chat-remaining-baseline.json; README.md; banner-chat-current-lifecycle-baseline.json; banner-chat-current-repair-plan.json; banner-chat-mounted-results.json; banner-refine-operation-baseline.json; banner-refine-operation-repair-plan.json; banner-refine-operation-postgres-results.json; banner-refine-operation-postgres-supervisor.json; banner-refine-input-results.log; banner-refine-recovery-mounted-results.json; banner-create-mounted-results.json; banner-refine-native-browser.json; banner-chat-operation-current-baseline.json
banner,U13,user-experience,二重クリック・再読込・戻る・別タブで、二重作成や二重消費を起こさない。,現在版での項目別通し検証待ち,
banner,U14,user-experience,生成途中の失敗・一部成功でも成果物を救出でき、再試行対象と追加消費が分かる。,部分補修：画像修正API・両画面の永続操作ID/結果復元を接続。実React会話13/作成7/復元12、隔離PG24、入力9群、コールバック24/生成6通過。320x50・連打・入力保持・画像別Undo・React再描画後の送信不能も補修。現行ソース全体ゲート・ネイティブ共通処理5通過、未反映。本番認証後/本番画面/他経路未検証。AI相談APIの重複受付・不確実な再試行を追加再現、未補修,banner-url-plan-cta-regression.log; banner-generation-recovery-regression.log; client-read-deadlines-regression.log; banner-chat-remaining-baseline.json; README.md; banner-chat-current-lifecycle-baseline.json; banner-chat-current-repair-plan.json; banner-chat-mounted-results.json; banner-refine-operation-baseline.json; banner-refine-operation-repair-plan.json; banner-refine-operation-postgres-results.json; banner-refine-operation-postgres-supervisor.json; banner-refine-input-results.log; banner-refine-recovery-mounted-results.json; banner-create-mounted-results.json; banner-refine-native-browser.json; banner-chat-operation-current-baseline.json
banner,U15,user-experience,確定済み書類・終了した評価・締めた勤怠は通常操作で意図せず書き換わらない。,現在版での項目別通し検証待ち,
banner,U16,user-experience,残量をサーバー実績に合わせ、端末変更や再ログインで一致する。,現在版での項目別通し検証待ち,
banner,U17,user-experience,残量を超える注文を入力時点で説明し、一部生成になる場合は先に分かる。,現在版での項目別通し検証待ち,
banner,U18,user-experience,上限到達後、入力を保ったまま利用条件・正しい契約者・相談先へ進める。,不整合を再現・修正中（本番通し確認待ち）,; 専用modalのPRO上限CTAが相談先を捨て非販売Enterprise価格を表示: banner-limit-contact-baseline.json。描画/CTA7ケース修正成功 banner-limit-contact-regression.log、全体build40435進行中。URL画面の非販売Enterprise案内/統一PRO・bannerPlanFREEの無料表示はbanner-url-plan-baseline.jsonlで再現、未修正。合成SSR/認証/Routerで実課金や生成はなし。
banner,U19,user-experience,すでに有料の利用者、招待された従業員、面接の応募者に無関係な新規課金を勧めない。,不整合を再現・修正中（本番通し確認待ち）,; 専用modalのPRO上限CTAが相談先を捨て非販売Enterprise価格を表示: banner-limit-contact-baseline.json。描画/CTA7ケース修正成功 banner-limit-contact-regression.log、全体build40435進行中。URL画面の非販売Enterprise案内/統一PRO・bannerPlanFREEの無料表示はbanner-url-plan-baseline.jsonlで再現、未修正。合成SSR/認証/Routerで実課金や生成はなし。
banner,U20,user-experience,月替わり・解約・再契約・失敗返却・削除で使用量が矛盾せず、復旧理由も説明できる。,現在版での項目別通し検証待ち,
banner,U21,user-experience,保存期間、起算日、無料化後の扱い、削除前通知が表示と処理で一致する。,現在版での項目別通し検証待ち,
banner,U22,user-experience,端末限定保存とアカウント保存を区別し、別端末で失われる場合は事前に分かる。,現在版での項目別通し検証待ち,
banner,U23,user-experience,大量データの201件目等へ到達でき、検索・ページ送り・出力で欠落しない。,現在版での項目別通し検証待ち,
banner,U24,user-experience,CSV/PDF/PPTX/ZIPの内容・件数・金額・文字化けを確認し、取得失敗から再試行できる。,現在版での項目別通し検証待ち,
banner,U25,user-experience,履歴削除、素材削除、プロジェクト削除、アーカイブで消える関連データを事前に説明する。,現在版での項目別通し検証待ち,
banner,U26,user-experience,個人用/組織用/公開の境界と、URLを知るだけで見られる範囲が分かる。,現在版での項目別通し検証待ち,
banner,U27,user-experience,「閲覧のみ」のゲストは編集できず、一般社員は他人の人事情報を勝手に見られない。,現在版での項目別通し検証待ち,
banner,U28,user-experience,別組織のURLで別の作業場所へ黙って移動せず、現在の組織が常に分かる。,現在版での項目別通し検証待ち,
banner,U29,user-experience,ログアウト・アカウント切替・共有PCで前利用者のキャッシュが表示されない。,現在版での項目別通し検証待ち,
banner,U30,user-experience,招待取消・権限変更・録音同意撤回・共有URL失効が利用者の期待どおり反映される。,現在版での項目別通し検証待ち,
banner,U31,user-experience,初回限定30日体験と通常無料枠を区別し、終了後の料金・更新条件が分かる。,現在版での項目別通し検証待ち,
banner,U32,user-experience,契約直後に全対象サービスへ反映し、未反映時は二重申込ではなく復旧へ誘導する。,現在版での項目別通し検証待ち,
banner,U33,user-experience,個人の課金・OWNERの課金・チーム席の意味を全サービスで説明し、払っても解決しない案内をしない。,現在版での項目別通し検証待ち,
banner,U34,user-experience,解約確認で全サービスへの影響、停止日、残るデータ、上限超過データの扱いが分かる。,現在版での項目別通し検証待ち,
banner,U35,user-experience,支払失敗・更新失敗・解約取消・再契約・Webhook遅延でも契約表示と利用権が一致する。,現在版での項目別通し検証待ち,
banner,U36,user-experience,解約と退会と履歴削除の違いが分かり、退会の手続き先に到達できる。,現在版での項目別通し検証待ち,
banner,U37,user-experience,退会時に自分だけでなく共同作業者のデータまで消えるか説明する。,現在版での項目別通し検証待ち,
banner,U38,user-experience,退会・保存期限前に必要なデータを持ち出せる。,現在版での項目別通し検証待ち,
banner,U39,user-experience,準備中・利用不可機能は操作前に分かり、スマホでも理由を読める。,現在版での項目別通し検証待ち,
banner,U40,user-experience,困った時の問い合わせ先と、伝えるべきエラー情報を分かりやすく表示する。,現在版での項目別通し検証待ち,
seo,C001,公開・導線,定義と公開一覧と終了済み一覧が一致する,部分検証済み：正本の公開・稼働17件一致と終了14件除外、本番トップ・sitemap・llmsの17導線一致／終了API・認証後導線は別途検証,service-catalog-current.json; verify-service-catalog-current.cjs
seo,C002,公開・導線,LP・料金・利用画面に到達できる,一部検証済み：公開LP・料金390px計測とログイン前導線／認証後・実機未検証,public-mobile-navigation.json; public-mobile-pricing.json; README.md
seo,C003,公開・導線,主要CTAが正しいログイン後の戻り先へ遷移する,一部検証済み：公開LP・料金390px計測とログイン前導線／認証後・実機未検証,public-mobile-navigation.json; public-mobile-pricing.json; README.md
seo,C004,公開・導線,終了APIが実生成・課金を受け付けない,部分検証済み：共通の終了14サービス配下＋既知の旧別名111ルート147処理で入口410を実フラグ評価／モジュール初期化・未発見別名・本番API通しは未検証,retired-route-entry-current.json; verify-retired-route-entry-current.cjs
seo,C005,公開・導線,スマートフォンで横はみ出し・操作不能がない,一部検証済み：公開LP・料金390px計測とログイン前導線／認証後・実機未検証,public-mobile-navigation.json; public-mobile-pricing.json; README.md
seo,C006,公開・導線,空状態・読込中・失敗状態が表示される,現在版での項目別通し検証待ち,
seo,C007,認証,未ログインで私有データを取得・変更できない,現在版での項目別通し検証待ち,
seo,C008,認証,期限切れセッションを拒否する,現在版での項目別通し検証待ち,
seo,C009,認証,ログアウト後に他人のキャッシュを表示しない,現在版での項目別通し検証待ち,
seo,C010,認証,ID欠落時のメール補完が一貫している,現在版での項目別通し検証待ち,
seo,C011,認証,管理画面と一般画面の認証が分離される,現在版での項目別通し検証待ち,
seo,C012,認証,招待トークンの期限・使い回し・失効が守られる,現在版での項目別通し検証待ち,
seo,C013,権限・組織,他ユーザーのIDによる取得・更新・削除を拒否する,現在版での項目別通し検証待ち,
seo,C014,権限・組織,明示した組織が不正なら別組織へ切り替えない,現在版での項目別通し検証待ち,
seo,C015,権限・組織,退会済み・無効メンバーの権限を拒否する,現在版での項目別通し検証待ち,
seo,C016,権限・組織,一般メンバー・管理者・オーナーの操作を分ける,現在版での項目別通し検証待ち,
seo,C017,権限・組織,関連IDが同一組織に属することを検査する,現在版での項目別通し検証待ち,
seo,C018,権限・組織,自己評価・上長評価・最終評価の列権限を分ける,現在版での項目別通し検証待ち,
seo,C019,権限・組織,組織切替中の遅延応答を破棄する,現在版での項目別通し検証待ち／共通上限案内の画面・クエリ切替は87合成画面検証合格、他応答・実機・本番通し未検証,service-limit-navigation-current.json; service-limit-navigation-comparison-baseline.json（Nextナビゲーションはモック、明示イベントの遅延元は別途監査）
seo,C020,権限・組織,共有URLから秘密情報や内部指示が漏れない,現在版での項目別通し検証待ち,
seo,C021,課金,有料判定の正本と旧プラン正規化が統一される,現在版での項目別通し検証待ち,
seo,C022,課金,決済セッションの所有者を検証する,現在版での項目別通し検証待ち,
seo,C023,課金,解約済み・未払い・未完了から権限復活しない,現在版での項目別通し検証待ち,
seo,C024,課金,有効契約がある場合の二重契約を防ぐ,現在版での項目別通し検証待ち,
seo,C025,課金,全サービスへの権限同期が原子的である,現在版での項目別通し検証待ち,
seo,C026,課金,Webhook署名・再送・順序逆転に対応する,現在版での項目別通し検証待ち,
seo,C027,課金,Webhook不達時の再同期と監査が働く,現在版での項目別通し検証待ち,
seo,C028,課金,解約・無料体験終了・再契約の状態遷移が正しい,現在版での項目別通し検証待ち,
seo,C029,課金,決済失敗時に再申込不要と案内する,現在版での項目別通し検証待ち,
seo,C030,課金,手動付与した有料権限が誤って失われない,現在版での項目別通し検証待ち,
seo,C031,利用上限,料金ページの数値・単位・期間がAPIと一致する,現在版での項目別通し検証待ち,
seo,C032,利用上限,表示残数とサーバー実使用数が一致する,現在版での項目別通し検証待ち,
seo,C033,利用上限,上限0と上限直前と超過時を正しく扱う,現在版での項目別通し検証待ち,
seo,C034,利用上限,同時リクエストでも上限を超えない,現在版での項目別通し検証待ち,
seo,C035,利用上限,利用枠を予約してから従量課金APIを呼ぶ,現在版での項目別通し検証待ち,
seo,C036,利用上限,生成失敗・中断時の予約を過不足なく戻す,現在版での項目別通し検証待ち,
seo,C037,利用上限,月次・日次境界のタイムゾーンが統一される,現在版での項目別通し検証待ち,
seo,C038,利用上限,履歴削除によって消費済み枠が復活しない,現在版での項目別通し検証待ち,
seo,C039,利用上限,DB障害時に無制限の生成を許可しない,現在版での項目別通し検証待ち,
seo,C040,利用上限,ゲストのCookie削除で有料原価が無制限にならない,現在版での項目別通し検証待ち,
seo,C041,利用上限,チーム枠の契約者と操作ユーザーを取り違えない,現在版での項目別通し検証待ち,
seo,C042,利用上限,全上限経路に適切な次の操作を提示する,現在版での項目別通し検証待ち,
seo,C043,利用上限,無料体験対象外に無料を約束しない,現在版での項目別通し検証待ち,
seo,C044,利用上限,混雑・サイズ超過・認証エラーを課金誘導しない,現在版での項目別通し検証待ち,
seo,C045,データ・DB,モデルのテーブル・列・null制約が実DBと一致する,一部検証済み：本番DBの列存在・型・非配列の必須設定／配列NULL・業務整合性未検証,production-readonly-schema.json; production-readonly-constraints.json; README.md
seo,C046,データ・DB,必要な外部キー・複合一意制約が存在する,一部検証済み：本番DBのFK列対応・一意制約／削除規則・通常インデックス未検証,production-readonly-schema.json; production-readonly-constraints.json; README.md
seo,C047,データ・DB,孤立したユーザー・組織参照がない,現在版での項目別通し検証待ち,
seo,C048,データ・DB,同一組織内の関連付け制約が守られる,現在版での項目別通し検証待ち,
seo,C049,データ・DB,部署・タスク階層に循環を作れない,現在版での項目別通し検証待ち,
seo,C050,データ・DB,採番の同時実行が衝突しない,現在版での項目別通し検証待ち,
seo,C051,データ・DB,複数テーブル更新が途中失敗で片落ちしない,現在版での項目別通し検証待ち,
seo,C052,データ・DB,削除・退会時の保持と匿名化の方針が定義される,現在版での項目別通し検証待ち,
seo,C053,入力・外部接続,本文・配列・ファイル数・長さをサーバーで制限する,現在版での項目別通し検証待ち,
seo,C054,入力・外部接続,URL取得で内部IP・リダイレクトSSRFを防ぐ,現在版での項目別通し検証待ち,
seo,C055,入力・外部接続,HTML表示で保存型XSSを防ぐ,現在版での項目別通し検証待ち,
seo,C056,入力・外部接続,金額・数量・日時の異常値を拒否する,現在版での項目別通し検証待ち,
seo,C057,入力・外部接続,ファイル形式を拡張子だけで判断しない,現在版での項目別通し検証待ち,
seo,C058,入力・外部接続,ストレージの所有権・署名URL期限が守られる,現在版での項目別通し検証待ち,
seo,C059,入力・外部接続,外部APIのタイムアウト・再試行が有界である,一部修正・検証済み：ジョブ取得25ケースと全体ビルド合格／全項目・本番E2E未検証,client-read-deadlines-regression.log; client-read-deadlines-build.json; seo-job-read-baseline.json; README.md
seo,C060,入力・外部接続,通知先・本文に利用者入力を安全に扱う,現在版での項目別通し検証待ち,
seo,C061,生成・ジョブ,連打・再送に冪等性がある,現在版での項目別通し検証待ち,
seo,C062,生成・ジョブ,ジョブの所有者と結果取得権限を検査する,現在版での項目別通し検証待ち,
seo,C063,生成・ジョブ,ストリーム途中失敗を成功として表示しない,現在版での項目別通し検証待ち,
seo,C064,生成・ジョブ,生成結果と履歴・使用量の保存が整合する,現在版での項目別通し検証待ち,
seo,C065,生成・ジョブ,プロセス終了時に永久処理中にならない,現在版での項目別通し検証待ち,
seo,C066,生成・ジョブ,再生成と編集にも上限を適用する,現在版での項目別通し検証待ち,
seo,C067,生成・ジョブ,公開音声ルームの同意・期限・人数を守る,現在版での項目別通し検証待ち,
seo,C068,生成・ジョブ,エクスポートで他人の成果物を含めない,現在版での項目別通し検証待ち,
seo,C069,UI・アクセシビリティ,モーダルのフォーカス・Escape・復帰が機能する,現在版での項目別通し検証待ち,
seo,C070,UI・アクセシビリティ,入力をエラー時に失わない,現在版での項目別通し検証待ち,
seo,C071,UI・アクセシビリティ,上限案内が二重表示されない,現在版での項目別通し検証待ち,
seo,C072,UI・アクセシビリティ,有料会員に同じプランへの重複契約を促さない,現在版での項目別通し検証待ち,
seo,C073,UI・アクセシビリティ,APIエラーを消えるトーストだけに依存しない,現在版での項目別通し検証待ち,
seo,C074,UI・アクセシビリティ,色だけに依存せずラベルと操作名を持つ,現在版での項目別通し検証待ち,
seo,C075,運用・リリース,本番ソースと監査対象のハッシュが一致する,現在版での項目別通し検証待ち,
seo,C076,運用・リリース,別作業の未公開修正を検証済みと混同しない,現在版での項目別通し検証待ち,
seo,C077,運用・リリース,型チェック・ビルド・回帰試験が必須化される,現在版での項目別通し検証待ち,
seo,C078,運用・リリース,デプロイでDB変更を無条件実行しない,現在版での項目別通し検証待ち,
seo,C079,運用・リリース,個人情報・認証情報をログに出さない,現在版での項目別通し検証待ち,
seo,C080,運用・リリース,監視の対象期間と未観測範囲を明示する,現在版での項目別通し検証待ち,
seo,C081,運用・リリース,バックアップからの復元を実証できる,現在版での項目別通し検証待ち,
seo,C082,運用・リリース,障害時に旧版へ戻す手順が用意される,現在版での項目別通し検証待ち,
seo,U01,user-experience,トップの説明、LP、料金、ヘルプ、設定、APIの数値・単位が一致する。,現在版での項目別通し検証待ち,
seo,U02,user-experience,「無料」「使い放題」「無制限」の対象と例外が申込前に分かる。,現在版での項目別通し検証待ち,
seo,U03,user-experience,1回/1枚/1コンセプト/1分/1席/1件の意味と、再生成・修正の消費を説明する。,現在版での項目別通し検証待ち,
seo,U04,user-experience,日次・月次・累計・同時保存件数・直近7日間を区別し、次回復旧日時が分かる。,現在版での項目別通し検証待ち,
seo,U05,user-experience,公開LP/料金/主要CTAがPC・スマートフォンで表示でき、終了サービスへ迷い込まない。,一部検証済み：公開LP・料金390px計測とログイン前導線／認証後・実機未検証,public-mobile-navigation.json; public-mobile-pricing.json; README.md
seo,U06,user-experience,ログイン必須か、無料体験の開始条件は何かが入力前に分かる。,現在版での項目別通し検証待ち,
seo,U07,user-experience,入力途中にログイン・料金確認へ移動しても内容が消えない。,現在版での項目別通し検証待ち,
seo,U08,user-experience,組織作成・メンバー招待・既存組織参加の順序と役割が分かる。,現在版での項目別通し検証待ち,
seo,U09,user-experience,URL・ファイル形式/容量・数値・必須項目を実処理前に検証し、入力を別の意味へ黙って変えない。,現在版での項目別通し検証待ち,
seo,U10,user-experience,マイク・録音・タブ共有・対応ブラウザ・スマホ対応の条件を開始前に説明する。,現在版での項目別通し検証待ち,
seo,U11,user-experience,開始・進行中・完了・失敗・中止の状態を区別し、いつ待ちをやめてよいか分かる。,一部修正・検証済み：ジョブ取得25ケースと全体ビルド合格／全項目・本番E2E未検証,client-read-deadlines-regression.log; client-read-deadlines-build.json; seo-job-read-baseline.json; README.md
seo,U12,user-experience,通信失敗を「0件」「保存済み」「ダウンロード済み」と表示しない。,一部修正・回帰7群合格：保存削除の確認。全体ビルド中／他の処理・本番E2E未完,save-delete-response-confirmation-regression.log; save-delete-response-baseline.json; doyaslide-project-read-baseline.json; README.md
seo,U13,user-experience,二重クリック・再読込・戻る・別タブで、二重作成や二重消費を起こさない。,現在版での項目別通し検証待ち,
seo,U14,user-experience,生成途中の失敗・一部成功でも成果物を救出でき、再試行対象と追加消費が分かる。,現在版での項目別通し検証待ち,
seo,U15,user-experience,確定済み書類・終了した評価・締めた勤怠は通常操作で意図せず書き換わらない。,現在版での項目別通し検証待ち,
seo,U16,user-experience,残量をサーバー実績に合わせ、端末変更や再ログインで一致する。,現在版での項目別通し検証待ち,
seo,U17,user-experience,残量を超える注文を入力時点で説明し、一部生成になる場合は先に分かる。,現在版での項目別通し検証待ち,
seo,U18,user-experience,上限到達後、入力を保ったまま利用条件・正しい契約者・相談先へ進める。,現在版での項目別通し検証待ち,
seo,U19,user-experience,すでに有料の利用者、招待された従業員、面接の応募者に無関係な新規課金を勧めない。,現在版での項目別通し検証待ち,
seo,U20,user-experience,月替わり・解約・再契約・失敗返却・削除で使用量が矛盾せず、復旧理由も説明できる。,現在版での項目別通し検証待ち,
seo,U21,user-experience,保存期間、起算日、無料化後の扱い、削除前通知が表示と処理で一致する。,現在版での項目別通し検証待ち,
seo,U22,user-experience,端末限定保存とアカウント保存を区別し、別端末で失われる場合は事前に分かる。,現在版での項目別通し検証待ち,
seo,U23,user-experience,大量データの201件目等へ到達でき、検索・ページ送り・出力で欠落しない。,現在版での項目別通し検証待ち,
seo,U24,user-experience,CSV/PDF/PPTX/ZIPの内容・件数・金額・文字化けを確認し、取得失敗から再試行できる。,現在版での項目別通し検証待ち,
seo,U25,user-experience,履歴削除、素材削除、プロジェクト削除、アーカイブで消える関連データを事前に説明する。,現在版での項目別通し検証待ち,
seo,U26,user-experience,個人用/組織用/公開の境界と、URLを知るだけで見られる範囲が分かる。,現在版での項目別通し検証待ち,
seo,U27,user-experience,「閲覧のみ」のゲストは編集できず、一般社員は他人の人事情報を勝手に見られない。,現在版での項目別通し検証待ち,
seo,U28,user-experience,別組織のURLで別の作業場所へ黙って移動せず、現在の組織が常に分かる。,現在版での項目別通し検証待ち,
seo,U29,user-experience,ログアウト・アカウント切替・共有PCで前利用者のキャッシュが表示されない。,現在版での項目別通し検証待ち,
seo,U30,user-experience,招待取消・権限変更・録音同意撤回・共有URL失効が利用者の期待どおり反映される。,現在版での項目別通し検証待ち,
seo,U31,user-experience,初回限定30日体験と通常無料枠を区別し、終了後の料金・更新条件が分かる。,現在版での項目別通し検証待ち,
seo,U32,user-experience,契約直後に全対象サービスへ反映し、未反映時は二重申込ではなく復旧へ誘導する。,現在版での項目別通し検証待ち,
seo,U33,user-experience,個人の課金・OWNERの課金・チーム席の意味を全サービスで説明し、払っても解決しない案内をしない。,現在版での項目別通し検証待ち,
seo,U34,user-experience,解約確認で全サービスへの影響、停止日、残るデータ、上限超過データの扱いが分かる。,現在版での項目別通し検証待ち,
seo,U35,user-experience,支払失敗・更新失敗・解約取消・再契約・Webhook遅延でも契約表示と利用権が一致する。,現在版での項目別通し検証待ち,
seo,U36,user-experience,解約と退会と履歴削除の違いが分かり、退会の手続き先に到達できる。,現在版での項目別通し検証待ち,
seo,U37,user-experience,退会時に自分だけでなく共同作業者のデータまで消えるか説明する。,現在版での項目別通し検証待ち,
seo,U38,user-experience,退会・保存期限前に必要なデータを持ち出せる。,現在版での項目別通し検証待ち,
seo,U39,user-experience,準備中・利用不可機能は操作前に分かり、スマホでも理由を読める。,現在版での項目別通し検証待ち,
seo,U40,user-experience,困った時の問い合わせ先と、伝えるべきエラー情報を分かりやすく表示する。,現在版での項目別通し検証待ち,
interview,C001,公開・導線,定義と公開一覧と終了済み一覧が一致する,部分検証済み：正本の公開・稼働17件一致と終了14件除外、本番トップ・sitemap・llmsの17導線一致／終了API・認証後導線は別途検証,service-catalog-current.json; verify-service-catalog-current.cjs
interview,C002,公開・導線,LP・料金・利用画面に到達できる,一部検証済み：公開LP・料金390px計測とログイン前導線／認証後・実機未検証,public-mobile-navigation.json; public-mobile-pricing.json; README.md
interview,C003,公開・導線,主要CTAが正しいログイン後の戻り先へ遷移する,一部検証済み：公開LP・料金390px計測とログイン前導線／認証後・実機未検証,public-mobile-navigation.json; public-mobile-pricing.json; README.md
interview,C004,公開・導線,終了APIが実生成・課金を受け付けない,部分検証済み：共通の終了14サービス配下＋既知の旧別名111ルート147処理で入口410を実フラグ評価／モジュール初期化・未発見別名・本番API通しは未検証,retired-route-entry-current.json; verify-retired-route-entry-current.cjs
interview,C005,公開・導線,スマートフォンで横はみ出し・操作不能がない,一部検証済み：公開LP・料金390px計測とログイン前導線／認証後・実機未検証,public-mobile-navigation.json; public-mobile-pricing.json; README.md
interview,C006,公開・導線,空状態・読込中・失敗状態が表示される,現在版での項目別通し検証待ち,
interview,C007,認証,未ログインで私有データを取得・変更できない,現在版での項目別通し検証待ち,
interview,C008,認証,期限切れセッションを拒否する,現在版での項目別通し検証待ち,
interview,C009,認証,ログアウト後に他人のキャッシュを表示しない,現在版での項目別通し検証待ち,
interview,C010,認証,ID欠落時のメール補完が一貫している,現在版での項目別通し検証待ち,
interview,C011,認証,管理画面と一般画面の認証が分離される,現在版での項目別通し検証待ち,
interview,C012,認証,招待トークンの期限・使い回し・失効が守られる,現在版での項目別通し検証待ち,
interview,C013,権限・組織,他ユーザーのIDによる取得・更新・削除を拒否する,現在版での項目別通し検証待ち,
interview,C014,権限・組織,明示した組織が不正なら別組織へ切り替えない,現在版での項目別通し検証待ち,
interview,C015,権限・組織,退会済み・無効メンバーの権限を拒否する,現在版での項目別通し検証待ち,
interview,C016,権限・組織,一般メンバー・管理者・オーナーの操作を分ける,現在版での項目別通し検証待ち,
interview,C017,権限・組織,関連IDが同一組織に属することを検査する,現在版での項目別通し検証待ち,
interview,C018,権限・組織,自己評価・上長評価・最終評価の列権限を分ける,現在版での項目別通し検証待ち,
interview,C019,権限・組織,組織切替中の遅延応答を破棄する,現在版での項目別通し検証待ち／共通上限案内の画面・クエリ切替は87合成画面検証合格、他応答・実機・本番通し未検証,service-limit-navigation-current.json; service-limit-navigation-comparison-baseline.json（Nextナビゲーションはモック、明示イベントの遅延元は別途監査）
interview,C020,権限・組織,共有URLから秘密情報や内部指示が漏れない,現在版での項目別通し検証待ち,
interview,C021,課金,有料判定の正本と旧プラン正規化が統一される,現在版での項目別通し検証待ち,
interview,C022,課金,決済セッションの所有者を検証する,現在版での項目別通し検証待ち,
interview,C023,課金,解約済み・未払い・未完了から権限復活しない,現在版での項目別通し検証待ち,
interview,C024,課金,有効契約がある場合の二重契約を防ぐ,現在版での項目別通し検証待ち,
interview,C025,課金,全サービスへの権限同期が原子的である,現在版での項目別通し検証待ち,
interview,C026,課金,Webhook署名・再送・順序逆転に対応する,現在版での項目別通し検証待ち,
interview,C027,課金,Webhook不達時の再同期と監査が働く,現在版での項目別通し検証待ち,
interview,C028,課金,解約・無料体験終了・再契約の状態遷移が正しい,現在版での項目別通し検証待ち,
interview,C029,課金,決済失敗時に再申込不要と案内する,現在版での項目別通し検証待ち,
interview,C030,課金,手動付与した有料権限が誤って失われない,現在版での項目別通し検証待ち,
interview,C031,利用上限,料金ページの数値・単位・期間がAPIと一致する,現在版での項目別通し検証待ち,
interview,C032,利用上限,表示残数とサーバー実使用数が一致する,現在版での項目別通し検証待ち,
interview,C033,利用上限,上限0と上限直前と超過時を正しく扱う,現在版での項目別通し検証待ち,
interview,C034,利用上限,同時リクエストでも上限を超えない,現在版での項目別通し検証待ち,
interview,C035,利用上限,利用枠を予約してから従量課金APIを呼ぶ,現在版での項目別通し検証待ち,
interview,C036,利用上限,生成失敗・中断時の予約を過不足なく戻す,現在版での項目別通し検証待ち,
interview,C037,利用上限,月次・日次境界のタイムゾーンが統一される,現在版での項目別通し検証待ち,
interview,C038,利用上限,履歴削除によって消費済み枠が復活しない,現在版での項目別通し検証待ち,
interview,C039,利用上限,DB障害時に無制限の生成を許可しない,現在版での項目別通し検証待ち,
interview,C040,利用上限,ゲストのCookie削除で有料原価が無制限にならない,現在版での項目別通し検証待ち,
interview,C041,利用上限,チーム枠の契約者と操作ユーザーを取り違えない,現在版での項目別通し検証待ち,
interview,C042,利用上限,全上限経路に適切な次の操作を提示する,現在版での項目別通し検証待ち,
interview,C043,利用上限,無料体験対象外に無料を約束しない,現在版での項目別通し検証待ち,
interview,C044,利用上限,混雑・サイズ超過・認証エラーを課金誘導しない,現在版での項目別通し検証待ち,
interview,C045,データ・DB,モデルのテーブル・列・null制約が実DBと一致する,一部検証済み：本番DBの列存在・型・非配列の必須設定／配列NULL・業務整合性未検証,production-readonly-schema.json; production-readonly-constraints.json; README.md
interview,C046,データ・DB,必要な外部キー・複合一意制約が存在する,一部検証済み：本番DBのFK列対応・一意制約／削除規則・通常インデックス未検証,production-readonly-schema.json; production-readonly-constraints.json; README.md
interview,C047,データ・DB,孤立したユーザー・組織参照がない,現在版での項目別通し検証待ち,
interview,C048,データ・DB,同一組織内の関連付け制約が守られる,現在版での項目別通し検証待ち,
interview,C049,データ・DB,部署・タスク階層に循環を作れない,現在版での項目別通し検証待ち,
interview,C050,データ・DB,採番の同時実行が衝突しない,現在版での項目別通し検証待ち,
interview,C051,データ・DB,複数テーブル更新が途中失敗で片落ちしない,現在版での項目別通し検証待ち,
interview,C052,データ・DB,削除・退会時の保持と匿名化の方針が定義される,現在版での項目別通し検証待ち,
interview,C053,入力・外部接続,本文・配列・ファイル数・長さをサーバーで制限する,現在版での項目別通し検証待ち,
interview,C054,入力・外部接続,URL取得で内部IP・リダイレクトSSRFを防ぐ,現在版での項目別通し検証待ち,
interview,C055,入力・外部接続,HTML表示で保存型XSSを防ぐ,現在版での項目別通し検証待ち,
interview,C056,入力・外部接続,金額・数量・日時の異常値を拒否する,現在版での項目別通し検証待ち,
interview,C057,入力・外部接続,ファイル形式を拡張子だけで判断しない,現在版での項目別通し検証待ち,
interview,C058,入力・外部接続,ストレージの所有権・署名URL期限が守られる,現在版での項目別通し検証待ち,
interview,C059,入力・外部接続,外部APIのタイムアウト・再試行が有界である,現在版での項目別通し検証待ち,
interview,C060,入力・外部接続,通知先・本文に利用者入力を安全に扱う,現在版での項目別通し検証待ち,
interview,C061,生成・ジョブ,連打・再送に冪等性がある,現在版での項目別通し検証待ち,
interview,C062,生成・ジョブ,ジョブの所有者と結果取得権限を検査する,現在版での項目別通し検証待ち,
interview,C063,生成・ジョブ,ストリーム途中失敗を成功として表示しない,現在版での項目別通し検証待ち,
interview,C064,生成・ジョブ,生成結果と履歴・使用量の保存が整合する,現在版での項目別通し検証待ち,
interview,C065,生成・ジョブ,プロセス終了時に永久処理中にならない,現在版での項目別通し検証待ち,
interview,C066,生成・ジョブ,再生成と編集にも上限を適用する,現在版での項目別通し検証待ち,
interview,C067,生成・ジョブ,公開音声ルームの同意・期限・人数を守る,現在版での項目別通し検証待ち,
interview,C068,生成・ジョブ,エクスポートで他人の成果物を含めない,現在版での項目別通し検証待ち,
interview,C069,UI・アクセシビリティ,モーダルのフォーカス・Escape・復帰が機能する,現在版での項目別通し検証待ち,
interview,C070,UI・アクセシビリティ,入力をエラー時に失わない,現在版での項目別通し検証待ち,
interview,C071,UI・アクセシビリティ,上限案内が二重表示されない,現在版での項目別通し検証待ち,
interview,C072,UI・アクセシビリティ,有料会員に同じプランへの重複契約を促さない,現在版での項目別通し検証待ち,
interview,C073,UI・アクセシビリティ,APIエラーを消えるトーストだけに依存しない,現在版での項目別通し検証待ち,
interview,C074,UI・アクセシビリティ,色だけに依存せずラベルと操作名を持つ,現在版での項目別通し検証待ち,
interview,C075,運用・リリース,本番ソースと監査対象のハッシュが一致する,現在版での項目別通し検証待ち,
interview,C076,運用・リリース,別作業の未公開修正を検証済みと混同しない,現在版での項目別通し検証待ち,
interview,C077,運用・リリース,型チェック・ビルド・回帰試験が必須化される,現在版での項目別通し検証待ち,
interview,C078,運用・リリース,デプロイでDB変更を無条件実行しない,現在版での項目別通し検証待ち,
interview,C079,運用・リリース,個人情報・認証情報をログに出さない,現在版での項目別通し検証待ち,
interview,C080,運用・リリース,監視の対象期間と未観測範囲を明示する,現在版での項目別通し検証待ち,
interview,C081,運用・リリース,バックアップからの復元を実証できる,現在版での項目別通し検証待ち,
interview,C082,運用・リリース,障害時に旧版へ戻す手順が用意される,現在版での項目別通し検証待ち,
interview,U01,user-experience,トップの説明、LP、料金、ヘルプ、設定、APIの数値・単位が一致する。,現在版での項目別通し検証待ち,
interview,U02,user-experience,「無料」「使い放題」「無制限」の対象と例外が申込前に分かる。,現在版での項目別通し検証待ち,
interview,U03,user-experience,1回/1枚/1コンセプト/1分/1席/1件の意味と、再生成・修正の消費を説明する。,現在版での項目別通し検証待ち,
interview,U04,user-experience,日次・月次・累計・同時保存件数・直近7日間を区別し、次回復旧日時が分かる。,現在版での項目別通し検証待ち,
interview,U05,user-experience,公開LP/料金/主要CTAがPC・スマートフォンで表示でき、終了サービスへ迷い込まない。,一部検証済み：公開LP・料金390px計測とログイン前導線／認証後・実機未検証,public-mobile-navigation.json; public-mobile-pricing.json; README.md
interview,U06,user-experience,ログイン必須か、無料体験の開始条件は何かが入力前に分かる。,現在版での項目別通し検証待ち,
interview,U07,user-experience,入力途中にログイン・料金確認へ移動しても内容が消えない。,現在版での項目別通し検証待ち,
interview,U08,user-experience,組織作成・メンバー招待・既存組織参加の順序と役割が分かる。,現在版での項目別通し検証待ち,
interview,U09,user-experience,URL・ファイル形式/容量・数値・必須項目を実処理前に検証し、入力を別の意味へ黙って変えない。,現在版での項目別通し検証待ち,
interview,U10,user-experience,マイク・録音・タブ共有・対応ブラウザ・スマホ対応の条件を開始前に説明する。,現在版での項目別通し検証待ち,
interview,U11,user-experience,開始・進行中・完了・失敗・中止の状態を区別し、いつ待ちをやめてよいか分かる。,現在版での項目別通し検証待ち,
interview,U12,user-experience,通信失敗を「0件」「保存済み」「ダウンロード済み」と表示しない。,現在版での項目別通し検証待ち,
interview,U13,user-experience,二重クリック・再読込・戻る・別タブで、二重作成や二重消費を起こさない。,現在版での項目別通し検証待ち,
interview,U14,user-experience,生成途中の失敗・一部成功でも成果物を救出でき、再試行対象と追加消費が分かる。,現在版での項目別通し検証待ち,
interview,U15,user-experience,確定済み書類・終了した評価・締めた勤怠は通常操作で意図せず書き換わらない。,現在版での項目別通し検証待ち,
interview,U16,user-experience,残量をサーバー実績に合わせ、端末変更や再ログインで一致する。,現在版での項目別通し検証待ち,
interview,U17,user-experience,残量を超える注文を入力時点で説明し、一部生成になる場合は先に分かる。,現在版での項目別通し検証待ち,
interview,U18,user-experience,上限到達後、入力を保ったまま利用条件・正しい契約者・相談先へ進める。,現在版での項目別通し検証待ち,
interview,U19,user-experience,すでに有料の利用者、招待された従業員、面接の応募者に無関係な新規課金を勧めない。,現在版での項目別通し検証待ち,
interview,U20,user-experience,月替わり・解約・再契約・失敗返却・削除で使用量が矛盾せず、復旧理由も説明できる。,現在版での項目別通し検証待ち,
interview,U21,user-experience,保存期間、起算日、無料化後の扱い、削除前通知が表示と処理で一致する。,現在版での項目別通し検証待ち,
interview,U22,user-experience,端末限定保存とアカウント保存を区別し、別端末で失われる場合は事前に分かる。,現在版での項目別通し検証待ち,
interview,U23,user-experience,大量データの201件目等へ到達でき、検索・ページ送り・出力で欠落しない。,現在版での項目別通し検証待ち,
interview,U24,user-experience,CSV/PDF/PPTX/ZIPの内容・件数・金額・文字化けを確認し、取得失敗から再試行できる。,現在版での項目別通し検証待ち,
interview,U25,user-experience,履歴削除、素材削除、プロジェクト削除、アーカイブで消える関連データを事前に説明する。,現在版での項目別通し検証待ち,
interview,U26,user-experience,個人用/組織用/公開の境界と、URLを知るだけで見られる範囲が分かる。,現在版での項目別通し検証待ち,
interview,U27,user-experience,「閲覧のみ」のゲストは編集できず、一般社員は他人の人事情報を勝手に見られない。,現在版での項目別通し検証待ち,
interview,U28,user-experience,別組織のURLで別の作業場所へ黙って移動せず、現在の組織が常に分かる。,現在版での項目別通し検証待ち,
interview,U29,user-experience,ログアウト・アカウント切替・共有PCで前利用者のキャッシュが表示されない。,現在版での項目別通し検証待ち,
interview,U30,user-experience,招待取消・権限変更・録音同意撤回・共有URL失効が利用者の期待どおり反映される。,現在版での項目別通し検証待ち,
interview,U31,user-experience,初回限定30日体験と通常無料枠を区別し、終了後の料金・更新条件が分かる。,現在版での項目別通し検証待ち,
interview,U32,user-experience,契約直後に全対象サービスへ反映し、未反映時は二重申込ではなく復旧へ誘導する。,現在版での項目別通し検証待ち,
interview,U33,user-experience,個人の課金・OWNERの課金・チーム席の意味を全サービスで説明し、払っても解決しない案内をしない。,現在版での項目別通し検証待ち,
interview,U34,user-experience,解約確認で全サービスへの影響、停止日、残るデータ、上限超過データの扱いが分かる。,現在版での項目別通し検証待ち,
interview,U35,user-experience,支払失敗・更新失敗・解約取消・再契約・Webhook遅延でも契約表示と利用権が一致する。,現在版での項目別通し検証待ち,
interview,U36,user-experience,解約と退会と履歴削除の違いが分かり、退会の手続き先に到達できる。,現在版での項目別通し検証待ち,
interview,U37,user-experience,退会時に自分だけでなく共同作業者のデータまで消えるか説明する。,現在版での項目別通し検証待ち,
interview,U38,user-experience,退会・保存期限前に必要なデータを持ち出せる。,現在版での項目別通し検証待ち,
interview,U39,user-experience,準備中・利用不可機能は操作前に分かり、スマホでも理由を読める。,現在版での項目別通し検証待ち,
interview,U40,user-experience,困った時の問い合わせ先と、伝えるべきエラー情報を分かりやすく表示する。,現在版での項目別通し検証待ち,
persona,C001,公開・導線,定義と公開一覧と終了済み一覧が一致する,部分検証済み：正本の公開・稼働17件一致と終了14件除外、本番トップ・sitemap・llmsの17導線一致／終了API・認証後導線は別途検証,service-catalog-current.json; verify-service-catalog-current.cjs
persona,C002,公開・導線,LP・料金・利用画面に到達できる,一部検証済み：公開LP・料金390px計測とログイン前導線／認証後・実機未検証,public-mobile-navigation.json; public-mobile-pricing.json; README.md
persona,C003,公開・導線,主要CTAが正しいログイン後の戻り先へ遷移する,一部検証済み：公開LP・料金390px計測とログイン前導線／認証後・実機未検証,public-mobile-navigation.json; public-mobile-pricing.json; README.md
persona,C004,公開・導線,終了APIが実生成・課金を受け付けない,部分検証済み：共通の終了14サービス配下＋既知の旧別名111ルート147処理で入口410を実フラグ評価／モジュール初期化・未発見別名・本番API通しは未検証,retired-route-entry-current.json; verify-retired-route-entry-current.cjs
persona,C005,公開・導線,スマートフォンで横はみ出し・操作不能がない,一部検証済み：公開LP・料金390px計測とログイン前導線／認証後・実機未検証,public-mobile-navigation.json; public-mobile-pricing.json; README.md
persona,C006,公開・導線,空状態・読込中・失敗状態が表示される,現在版での項目別通し検証待ち,
persona,C007,認証,未ログインで私有データを取得・変更できない,現在版での項目別通し検証待ち,
persona,C008,認証,期限切れセッションを拒否する,現在版での項目別通し検証待ち,
persona,C009,認証,ログアウト後に他人のキャッシュを表示しない,現在版での項目別通し検証待ち,
persona,C010,認証,ID欠落時のメール補完が一貫している,現在版での項目別通し検証待ち,
persona,C011,認証,管理画面と一般画面の認証が分離される,現在版での項目別通し検証待ち,
persona,C012,認証,招待トークンの期限・使い回し・失効が守られる,現在版での項目別通し検証待ち,
persona,C013,権限・組織,他ユーザーのIDによる取得・更新・削除を拒否する,現在版での項目別通し検証待ち,
persona,C014,権限・組織,明示した組織が不正なら別組織へ切り替えない,現在版での項目別通し検証待ち,
persona,C015,権限・組織,退会済み・無効メンバーの権限を拒否する,現在版での項目別通し検証待ち,
persona,C016,権限・組織,一般メンバー・管理者・オーナーの操作を分ける,現在版での項目別通し検証待ち,
persona,C017,権限・組織,関連IDが同一組織に属することを検査する,現在版での項目別通し検証待ち,
persona,C018,権限・組織,自己評価・上長評価・最終評価の列権限を分ける,現在版での項目別通し検証待ち,
persona,C019,権限・組織,組織切替中の遅延応答を破棄する,現在版での項目別通し検証待ち／共通上限案内の画面・クエリ切替は87合成画面検証合格、他応答・実機・本番通し未検証,service-limit-navigation-current.json; service-limit-navigation-comparison-baseline.json（Nextナビゲーションはモック、明示イベントの遅延元は別途監査）
persona,C020,権限・組織,共有URLから秘密情報や内部指示が漏れない,現在版での項目別通し検証待ち,
persona,C021,課金,有料判定の正本と旧プラン正規化が統一される,現在版での項目別通し検証待ち,
persona,C022,課金,決済セッションの所有者を検証する,現在版での項目別通し検証待ち,
persona,C023,課金,解約済み・未払い・未完了から権限復活しない,現在版での項目別通し検証待ち,
persona,C024,課金,有効契約がある場合の二重契約を防ぐ,現在版での項目別通し検証待ち,
persona,C025,課金,全サービスへの権限同期が原子的である,現在版での項目別通し検証待ち,
persona,C026,課金,Webhook署名・再送・順序逆転に対応する,現在版での項目別通し検証待ち,
persona,C027,課金,Webhook不達時の再同期と監査が働く,現在版での項目別通し検証待ち,
persona,C028,課金,解約・無料体験終了・再契約の状態遷移が正しい,現在版での項目別通し検証待ち,
persona,C029,課金,決済失敗時に再申込不要と案内する,現在版での項目別通し検証待ち,
persona,C030,課金,手動付与した有料権限が誤って失われない,現在版での項目別通し検証待ち,
persona,C031,利用上限,料金ページの数値・単位・期間がAPIと一致する,現在版での項目別通し検証待ち,
persona,C032,利用上限,表示残数とサーバー実使用数が一致する,現在版での項目別通し検証待ち,
persona,C033,利用上限,上限0と上限直前と超過時を正しく扱う,現在版での項目別通し検証待ち,
persona,C034,利用上限,同時リクエストでも上限を超えない,現在版での項目別通し検証待ち,
persona,C035,利用上限,利用枠を予約してから従量課金APIを呼ぶ,現在版での項目別通し検証待ち,
persona,C036,利用上限,生成失敗・中断時の予約を過不足なく戻す,現在版での項目別通し検証待ち,
persona,C037,利用上限,月次・日次境界のタイムゾーンが統一される,現在版での項目別通し検証待ち,
persona,C038,利用上限,履歴削除によって消費済み枠が復活しない,現在版での項目別通し検証待ち,
persona,C039,利用上限,DB障害時に無制限の生成を許可しない,現在版での項目別通し検証待ち,
persona,C040,利用上限,ゲストのCookie削除で有料原価が無制限にならない,現在版での項目別通し検証待ち,
persona,C041,利用上限,チーム枠の契約者と操作ユーザーを取り違えない,現在版での項目別通し検証待ち,
persona,C042,利用上限,全上限経路に適切な次の操作を提示する,現在版での項目別通し検証待ち,
persona,C043,利用上限,無料体験対象外に無料を約束しない,現在版での項目別通し検証待ち,
persona,C044,利用上限,混雑・サイズ超過・認証エラーを課金誘導しない,現在版での項目別通し検証待ち,
persona,C045,データ・DB,モデルのテーブル・列・null制約が実DBと一致する,一部検証済み：本番DBの列存在・型・非配列の必須設定／配列NULL・業務整合性未検証,production-readonly-schema.json; production-readonly-constraints.json; README.md
persona,C046,データ・DB,必要な外部キー・複合一意制約が存在する,一部検証済み：本番DBのFK列対応・一意制約／削除規則・通常インデックス未検証,production-readonly-schema.json; production-readonly-constraints.json; README.md
persona,C047,データ・DB,孤立したユーザー・組織参照がない,現在版での項目別通し検証待ち,
persona,C048,データ・DB,同一組織内の関連付け制約が守られる,現在版での項目別通し検証待ち,
persona,C049,データ・DB,部署・タスク階層に循環を作れない,現在版での項目別通し検証待ち,
persona,C050,データ・DB,採番の同時実行が衝突しない,現在版での項目別通し検証待ち,
persona,C051,データ・DB,複数テーブル更新が途中失敗で片落ちしない,現在版での項目別通し検証待ち,
persona,C052,データ・DB,削除・退会時の保持と匿名化の方針が定義される,現在版での項目別通し検証待ち,
persona,C053,入力・外部接続,本文・配列・ファイル数・長さをサーバーで制限する,現在版での項目別通し検証待ち,
persona,C054,入力・外部接続,URL取得で内部IP・リダイレクトSSRFを防ぐ,現在版での項目別通し検証待ち,
persona,C055,入力・外部接続,HTML表示で保存型XSSを防ぐ,現在版での項目別通し検証待ち,
persona,C056,入力・外部接続,金額・数量・日時の異常値を拒否する,現在版での項目別通し検証待ち,
persona,C057,入力・外部接続,ファイル形式を拡張子だけで判断しない,現在版での項目別通し検証待ち,
persona,C058,入力・外部接続,ストレージの所有権・署名URL期限が守られる,現在版での項目別通し検証待ち,
persona,C059,入力・外部接続,外部APIのタイムアウト・再試行が有界である,現在版での項目別通し検証待ち,
persona,C060,入力・外部接続,通知先・本文に利用者入力を安全に扱う,現在版での項目別通し検証待ち,
persona,C061,生成・ジョブ,連打・再送に冪等性がある,一部検証済み：3画像callbackの同期連打拒否・期限・不正応答拒否・旧画像と再試行キー保持／実認証・DB・複数タブ通し未検証,persona-image-response-regression.json; persona-image-callbacks-regression.json; persona-image-owner-image-response-regression.log; README.md
persona,C062,生成・ジョブ,ジョブの所有者と結果取得権限を検査する,現在版での項目別通し検証待ち,
persona,C063,生成・ジョブ,ストリーム途中失敗を成功として表示しない,現在版での項目別通し検証待ち,
persona,C064,生成・ジョブ,生成結果と履歴・使用量の保存が整合する,現在版での項目別通し検証待ち,
persona,C065,生成・ジョブ,プロセス終了時に永久処理中にならない,現在版での項目別通し検証待ち,
persona,C066,生成・ジョブ,再生成と編集にも上限を適用する,現在版での項目別通し検証待ち,
persona,C067,生成・ジョブ,公開音声ルームの同意・期限・人数を守る,現在版での項目別通し検証待ち,
persona,C068,生成・ジョブ,エクスポートで他人の成果物を含めない,現在版での項目別通し検証待ち,
persona,C069,UI・アクセシビリティ,モーダルのフォーカス・Escape・復帰が機能する,現在版での項目別通し検証待ち,
persona,C070,UI・アクセシビリティ,入力をエラー時に失わない,現在版での項目別通し検証待ち,
persona,C071,UI・アクセシビリティ,上限案内が二重表示されない,現在版での項目別通し検証待ち,
persona,C072,UI・アクセシビリティ,有料会員に同じプランへの重複契約を促さない,現在版での項目別通し検証待ち,
persona,C073,UI・アクセシビリティ,APIエラーを消えるトーストだけに依存しない,現在版での項目別通し検証待ち,
persona,C074,UI・アクセシビリティ,色だけに依存せずラベルと操作名を持つ,現在版での項目別通し検証待ち,
persona,C075,運用・リリース,本番ソースと監査対象のハッシュが一致する,現在版での項目別通し検証待ち,
persona,C076,運用・リリース,別作業の未公開修正を検証済みと混同しない,現在版での項目別通し検証待ち,
persona,C077,運用・リリース,型チェック・ビルド・回帰試験が必須化される,現在版での項目別通し検証待ち,
persona,C078,運用・リリース,デプロイでDB変更を無条件実行しない,現在版での項目別通し検証待ち,
persona,C079,運用・リリース,個人情報・認証情報をログに出さない,現在版での項目別通し検証待ち,
persona,C080,運用・リリース,監視の対象期間と未観測範囲を明示する,現在版での項目別通し検証待ち,
persona,C081,運用・リリース,バックアップからの復元を実証できる,現在版での項目別通し検証待ち,
persona,C082,運用・リリース,障害時に旧版へ戻す手順が用意される,現在版での項目別通し検証待ち,
persona,U01,user-experience,トップの説明、LP、料金、ヘルプ、設定、APIの数値・単位が一致する。,現在版での項目別通し検証待ち,
persona,U02,user-experience,「無料」「使い放題」「無制限」の対象と例外が申込前に分かる。,現在版での項目別通し検証待ち,
persona,U03,user-experience,1回/1枚/1コンセプト/1分/1席/1件の意味と、再生成・修正の消費を説明する。,現在版での項目別通し検証待ち,
persona,U04,user-experience,日次・月次・累計・同時保存件数・直近7日間を区別し、次回復旧日時が分かる。,現在版での項目別通し検証待ち,
persona,U05,user-experience,公開LP/料金/主要CTAがPC・スマートフォンで表示でき、終了サービスへ迷い込まない。,一部検証済み：公開LP・料金390px計測とログイン前導線／認証後・実機未検証,public-mobile-navigation.json; public-mobile-pricing.json; README.md
persona,U06,user-experience,ログイン必須か、無料体験の開始条件は何かが入力前に分かる。,現在版での項目別通し検証待ち,
persona,U07,user-experience,入力途中にログイン・料金確認へ移動しても内容が消えない。,現在版での項目別通し検証待ち,
persona,U08,user-experience,組織作成・メンバー招待・既存組織参加の順序と役割が分かる。,現在版での項目別通し検証待ち,
persona,U09,user-experience,URL・ファイル形式/容量・数値・必須項目を実処理前に検証し、入力を別の意味へ黙って変えない。,現在版での項目別通し検証待ち,
persona,U10,user-experience,マイク・録音・タブ共有・対応ブラウザ・スマホ対応の条件を開始前に説明する。,現在版での項目別通し検証待ち,
persona,U11,user-experience,開始・進行中・完了・失敗・中止の状態を区別し、いつ待ちをやめてよいか分かる。,現在版での項目別通し検証待ち,
persona,U12,user-experience,通信失敗を「0件」「保存済み」「ダウンロード済み」と表示しない。,一部検証済み：3画像callbackの同期連打拒否・期限・不正応答拒否・旧画像と再試行キー保持／実認証・DB・複数タブ通し未検証,persona-image-response-regression.json; persona-image-callbacks-regression.json; persona-image-owner-image-response-regression.log; README.md
persona,U13,user-experience,二重クリック・再読込・戻る・別タブで、二重作成や二重消費を起こさない。,一部検証済み：3画像callbackの同期連打拒否・期限・不正応答拒否・旧画像と再試行キー保持／実認証・DB・複数タブ通し未検証,persona-image-response-regression.json; persona-image-callbacks-regression.json; persona-image-owner-image-response-regression.log; README.md
persona,U14,user-experience,生成途中の失敗・一部成功でも成果物を救出でき、再試行対象と追加消費が分かる。,一部検証済み：3画像callbackの同期連打拒否・期限・不正応答拒否・旧画像と再試行キー保持／実認証・DB・複数タブ通し未検証,persona-image-response-regression.json; persona-image-callbacks-regression.json; persona-image-owner-image-response-regression.log; README.md
persona,U15,user-experience,確定済み書類・終了した評価・締めた勤怠は通常操作で意図せず書き換わらない。,現在版での項目別通し検証待ち,
persona,U16,user-experience,残量をサーバー実績に合わせ、端末変更や再ログインで一致する。,現在版での項目別通し検証待ち,
persona,U17,user-experience,残量を超える注文を入力時点で説明し、一部生成になる場合は先に分かる。,現在版での項目別通し検証待ち,
persona,U18,user-experience,上限到達後、入力を保ったまま利用条件・正しい契約者・相談先へ進める。,現在版での項目別通し検証待ち,
persona,U19,user-experience,すでに有料の利用者、招待された従業員、面接の応募者に無関係な新規課金を勧めない。,現在版での項目別通し検証待ち,
persona,U20,user-experience,月替わり・解約・再契約・失敗返却・削除で使用量が矛盾せず、復旧理由も説明できる。,現在版での項目別通し検証待ち,
persona,U21,user-experience,保存期間、起算日、無料化後の扱い、削除前通知が表示と処理で一致する。,現在版での項目別通し検証待ち,
persona,U22,user-experience,端末限定保存とアカウント保存を区別し、別端末で失われる場合は事前に分かる。,現在版での項目別通し検証待ち,
persona,U23,user-experience,大量データの201件目等へ到達でき、検索・ページ送り・出力で欠落しない。,現在版での項目別通し検証待ち,
persona,U24,user-experience,CSV/PDF/PPTX/ZIPの内容・件数・金額・文字化けを確認し、取得失敗から再試行できる。,現在版での項目別通し検証待ち,
persona,U25,user-experience,履歴削除、素材削除、プロジェクト削除、アーカイブで消える関連データを事前に説明する。,現在版での項目別通し検証待ち,
persona,U26,user-experience,個人用/組織用/公開の境界と、URLを知るだけで見られる範囲が分かる。,現在版での項目別通し検証待ち,
persona,U27,user-experience,「閲覧のみ」のゲストは編集できず、一般社員は他人の人事情報を勝手に見られない。,現在版での項目別通し検証待ち,
persona,U28,user-experience,別組織のURLで別の作業場所へ黙って移動せず、現在の組織が常に分かる。,現在版での項目別通し検証待ち,
persona,U29,user-experience,ログアウト・アカウント切替・共有PCで前利用者のキャッシュが表示されない。,現在版での項目別通し検証待ち,
persona,U30,user-experience,招待取消・権限変更・録音同意撤回・共有URL失効が利用者の期待どおり反映される。,現在版での項目別通し検証待ち,
persona,U31,user-experience,初回限定30日体験と通常無料枠を区別し、終了後の料金・更新条件が分かる。,現在版での項目別通し検証待ち,
persona,U32,user-experience,契約直後に全対象サービスへ反映し、未反映時は二重申込ではなく復旧へ誘導する。,現在版での項目別通し検証待ち,
persona,U33,user-experience,個人の課金・OWNERの課金・チーム席の意味を全サービスで説明し、払っても解決しない案内をしない。,現在版での項目別通し検証待ち,
persona,U34,user-experience,解約確認で全サービスへの影響、停止日、残るデータ、上限超過データの扱いが分かる。,現在版での項目別通し検証待ち,
persona,U35,user-experience,支払失敗・更新失敗・解約取消・再契約・Webhook遅延でも契約表示と利用権が一致する。,現在版での項目別通し検証待ち,
persona,U36,user-experience,解約と退会と履歴削除の違いが分かり、退会の手続き先に到達できる。,現在版での項目別通し検証待ち,
persona,U37,user-experience,退会時に自分だけでなく共同作業者のデータまで消えるか説明する。,現在版での項目別通し検証待ち,
persona,U38,user-experience,退会・保存期限前に必要なデータを持ち出せる。,現在版での項目別通し検証待ち,
persona,U39,user-experience,準備中・利用不可機能は操作前に分かり、スマホでも理由を読める。,現在版での項目別通し検証待ち,
persona,U40,user-experience,困った時の問い合わせ先と、伝えるべきエラー情報を分かりやすく表示する。,現在版での項目別通し検証待ち,
hr,C001,公開・導線,定義と公開一覧と終了済み一覧が一致する,部分検証済み：正本の公開・稼働17件一致と終了14件除外、本番トップ・sitemap・llmsの17導線一致／終了API・認証後導線は別途検証,service-catalog-current.json; verify-service-catalog-current.cjs
hr,C002,公開・導線,LP・料金・利用画面に到達できる,一部検証済み：公開LP・料金390px計測とログイン前導線／認証後・実機未検証,public-mobile-navigation.json; public-mobile-pricing.json; README.md
hr,C003,公開・導線,主要CTAが正しいログイン後の戻り先へ遷移する,一部検証済み：公開LP・料金390px計測とログイン前導線／認証後・実機未検証,public-mobile-navigation.json; public-mobile-pricing.json; README.md
hr,C004,公開・導線,終了APIが実生成・課金を受け付けない,部分検証済み：共通の終了14サービス配下＋既知の旧別名111ルート147処理で入口410を実フラグ評価／モジュール初期化・未発見別名・本番API通しは未検証,retired-route-entry-current.json; verify-retired-route-entry-current.cjs
hr,C005,公開・導線,スマートフォンで横はみ出し・操作不能がない,一部検証済み：公開LP・料金390px計測とログイン前導線／認証後・実機未検証,public-mobile-navigation.json; public-mobile-pricing.json; README.md
hr,C006,公開・導線,空状態・読込中・失敗状態が表示される,現在版での項目別通し検証待ち,
hr,C007,認証,未ログインで私有データを取得・変更できない,現在版での項目別通し検証待ち,
hr,C008,認証,期限切れセッションを拒否する,現在版での項目別通し検証待ち,
hr,C009,認証,ログアウト後に他人のキャッシュを表示しない,現在版での項目別通し検証待ち,
hr,C010,認証,ID欠落時のメール補完が一貫している,現在版での項目別通し検証待ち,
hr,C011,認証,管理画面と一般画面の認証が分離される,現在版での項目別通し検証待ち,
hr,C012,認証,招待トークンの期限・使い回し・失効が守られる,部分検証済み・本番通し検証待ち,team-invite-deadline-regression.log: 実APIの期限ちょうど/DB待ち中失効/rollbackを合成時計/DBで検証。5サービスのロック後組織とclaim時role/email/組織の照合も検証。実DB同時実行・本番参加と最後の期限確認からcommit間の保証は未確認。既存の画面復旧証拠はREADME参照。; 招待発行の読取待ち中失効: 実API/helper合成時計5グループ成功 invite-issuance-clock-regression.log。新規期限は作成時刻基準。全体ビルド50733進行中、未commit/未反映。; 全体ビルド50733 exit0/4ソースhash一致 invite-issuance-clock-build.json。実DB/実承諾は未確認。
hr,C013,権限・組織,他ユーザーのIDによる取得・更新・削除を拒否する,現在版での項目別通し検証待ち,
hr,C014,権限・組織,明示した組織が不正なら別組織へ切り替えない,現在版での項目別通し検証待ち,
hr,C015,権限・組織,退会済み・無効メンバーの権限を拒否する,現在版での項目別通し検証待ち,
hr,C016,権限・組織,一般メンバー・管理者・オーナーの操作を分ける,現在版での項目別通し検証待ち,
hr,C017,権限・組織,関連IDが同一組織に属することを検査する,現在版での項目別通し検証待ち,
hr,C018,権限・組織,自己評価・上長評価・最終評価の列権限を分ける,現在版での項目別通し検証待ち,
hr,C019,権限・組織,組織切替中の遅延応答を破棄する,現在版での項目別通し検証待ち／共通上限案内の画面・クエリ切替は87合成画面検証合格、他応答・実機・本番通し未検証,service-limit-navigation-current.json; service-limit-navigation-comparison-baseline.json（Nextナビゲーションはモック、明示イベントの遅延元は別途監査）
hr,C020,権限・組織,共有URLから秘密情報や内部指示が漏れない,現在版での項目別通し検証待ち,
hr,C021,課金,有料判定の正本と旧プラン正規化が統一される,現在版での項目別通し検証待ち,
hr,C022,課金,決済セッションの所有者を検証する,現在版での項目別通し検証待ち,
hr,C023,課金,解約済み・未払い・未完了から権限復活しない,現在版での項目別通し検証待ち,
hr,C024,課金,有効契約がある場合の二重契約を防ぐ,現在版での項目別通し検証待ち,
hr,C025,課金,全サービスへの権限同期が原子的である,現在版での項目別通し検証待ち,
hr,C026,課金,Webhook署名・再送・順序逆転に対応する,現在版での項目別通し検証待ち,
hr,C027,課金,Webhook不達時の再同期と監査が働く,現在版での項目別通し検証待ち,
hr,C028,課金,解約・無料体験終了・再契約の状態遷移が正しい,現在版での項目別通し検証待ち,
hr,C029,課金,決済失敗時に再申込不要と案内する,現在版での項目別通し検証待ち,
hr,C030,課金,手動付与した有料権限が誤って失われない,現在版での項目別通し検証待ち,
hr,C031,利用上限,料金ページの数値・単位・期間がAPIと一致する,現在版での項目別通し検証待ち,
hr,C032,利用上限,表示残数とサーバー実使用数が一致する,現在版での項目別通し検証待ち,
hr,C033,利用上限,上限0と上限直前と超過時を正しく扱う,現在版での項目別通し検証待ち,
hr,C034,利用上限,同時リクエストでも上限を超えない,現在版での項目別通し検証待ち,
hr,C035,利用上限,利用枠を予約してから従量課金APIを呼ぶ,現在版での項目別通し検証待ち,
hr,C036,利用上限,生成失敗・中断時の予約を過不足なく戻す,現在版での項目別通し検証待ち,
hr,C037,利用上限,月次・日次境界のタイムゾーンが統一される,現在版での項目別通し検証待ち,
hr,C038,利用上限,履歴削除によって消費済み枠が復活しない,現在版での項目別通し検証待ち,
hr,C039,利用上限,DB障害時に無制限の生成を許可しない,現在版での項目別通し検証待ち,
hr,C040,利用上限,ゲストのCookie削除で有料原価が無制限にならない,現在版での項目別通し検証待ち,
hr,C041,利用上限,チーム枠の契約者と操作ユーザーを取り違えない,現在版での項目別通し検証待ち,
hr,C042,利用上限,全上限経路に適切な次の操作を提示する,現在版での項目別通し検証待ち,
hr,C043,利用上限,無料体験対象外に無料を約束しない,現在版での項目別通し検証待ち,
hr,C044,利用上限,混雑・サイズ超過・認証エラーを課金誘導しない,現在版での項目別通し検証待ち,
hr,C045,データ・DB,モデルのテーブル・列・null制約が実DBと一致する,一部検証済み：本番DBの列存在・型・非配列の必須設定／配列NULL・業務整合性未検証,production-readonly-schema.json; production-readonly-constraints.json; README.md
hr,C046,データ・DB,必要な外部キー・複合一意制約が存在する,一部検証済み：本番DBのFK列対応・一意制約／削除規則・通常インデックス未検証,production-readonly-schema.json; production-readonly-constraints.json; README.md
hr,C047,データ・DB,孤立したユーザー・組織参照がない,現在版での項目別通し検証待ち,
hr,C048,データ・DB,同一組織内の関連付け制約が守られる,現在版での項目別通し検証待ち,
hr,C049,データ・DB,部署・タスク階層に循環を作れない,現在版での項目別通し検証待ち,
hr,C050,データ・DB,採番の同時実行が衝突しない,現在版での項目別通し検証待ち,
hr,C051,データ・DB,複数テーブル更新が途中失敗で片落ちしない,現在版での項目別通し検証待ち,
hr,C052,データ・DB,削除・退会時の保持と匿名化の方針が定義される,現在版での項目別通し検証待ち,
hr,C053,入力・外部接続,本文・配列・ファイル数・長さをサーバーで制限する,現在版での項目別通し検証待ち,
hr,C054,入力・外部接続,URL取得で内部IP・リダイレクトSSRFを防ぐ,現在版での項目別通し検証待ち,
hr,C055,入力・外部接続,HTML表示で保存型XSSを防ぐ,現在版での項目別通し検証待ち,
hr,C056,入力・外部接続,金額・数量・日時の異常値を拒否する,現在版での項目別通し検証待ち,
hr,C057,入力・外部接続,ファイル形式を拡張子だけで判断しない,現在版での項目別通し検証待ち,
hr,C058,入力・外部接続,ストレージの所有権・署名URL期限が守られる,現在版での項目別通し検証待ち,
hr,C059,入力・外部接続,外部APIのタイムアウト・再試行が有界である,現在版での項目別通し検証待ち,
hr,C060,入力・外部接続,通知先・本文に利用者入力を安全に扱う,現在版での項目別通し検証待ち,
hr,C061,生成・ジョブ,連打・再送に冪等性がある,現在版での項目別通し検証待ち,
hr,C062,生成・ジョブ,ジョブの所有者と結果取得権限を検査する,現在版での項目別通し検証待ち,
hr,C063,生成・ジョブ,ストリーム途中失敗を成功として表示しない,現在版での項目別通し検証待ち,
hr,C064,生成・ジョブ,生成結果と履歴・使用量の保存が整合する,現在版での項目別通し検証待ち,
hr,C065,生成・ジョブ,プロセス終了時に永久処理中にならない,現在版での項目別通し検証待ち,
hr,C066,生成・ジョブ,再生成と編集にも上限を適用する,現在版での項目別通し検証待ち,
hr,C067,生成・ジョブ,公開音声ルームの同意・期限・人数を守る,現在版での項目別通し検証待ち,
hr,C068,生成・ジョブ,エクスポートで他人の成果物を含めない,現在版での項目別通し検証待ち,
hr,C069,UI・アクセシビリティ,モーダルのフォーカス・Escape・復帰が機能する,現在版での項目別通し検証待ち,
hr,C070,UI・アクセシビリティ,入力をエラー時に失わない,現在版での項目別通し検証待ち,
hr,C071,UI・アクセシビリティ,上限案内が二重表示されない,現在版での項目別通し検証待ち,
hr,C072,UI・アクセシビリティ,有料会員に同じプランへの重複契約を促さない,現在版での項目別通し検証待ち,
hr,C073,UI・アクセシビリティ,APIエラーを消えるトーストだけに依存しない,現在版での項目別通し検証待ち,
hr,C074,UI・アクセシビリティ,色だけに依存せずラベルと操作名を持つ,現在版での項目別通し検証待ち,
hr,C075,運用・リリース,本番ソースと監査対象のハッシュが一致する,現在版での項目別通し検証待ち,
hr,C076,運用・リリース,別作業の未公開修正を検証済みと混同しない,現在版での項目別通し検証待ち,
hr,C077,運用・リリース,型チェック・ビルド・回帰試験が必須化される,現在版での項目別通し検証待ち,
hr,C078,運用・リリース,デプロイでDB変更を無条件実行しない,現在版での項目別通し検証待ち,
hr,C079,運用・リリース,個人情報・認証情報をログに出さない,現在版での項目別通し検証待ち,
hr,C080,運用・リリース,監視の対象期間と未観測範囲を明示する,現在版での項目別通し検証待ち,
hr,C081,運用・リリース,バックアップからの復元を実証できる,現在版での項目別通し検証待ち,
hr,C082,運用・リリース,障害時に旧版へ戻す手順が用意される,現在版での項目別通し検証待ち,
hr,U01,user-experience,トップの説明、LP、料金、ヘルプ、設定、APIの数値・単位が一致する。,現在版での項目別通し検証待ち,
hr,U02,user-experience,「無料」「使い放題」「無制限」の対象と例外が申込前に分かる。,現在版での項目別通し検証待ち,
hr,U03,user-experience,1回/1枚/1コンセプト/1分/1席/1件の意味と、再生成・修正の消費を説明する。,現在版での項目別通し検証待ち,
hr,U04,user-experience,日次・月次・累計・同時保存件数・直近7日間を区別し、次回復旧日時が分かる。,現在版での項目別通し検証待ち,
hr,U05,user-experience,公開LP/料金/主要CTAがPC・スマートフォンで表示でき、終了サービスへ迷い込まない。,一部検証済み：公開LP・料金390px計測とログイン前導線／認証後・実機未検証,public-mobile-navigation.json; public-mobile-pricing.json; README.md
hr,U06,user-experience,ログイン必須か、無料体験の開始条件は何かが入力前に分かる。,紹介リンクを本番補修・遷移確認済み／認証開始条件の全操作は継続確認,signin-intro-production-71a8cc2d.json; README.md
hr,U07,user-experience,入力途中にログイン・料金確認へ移動しても内容が消えない。,現在版での項目別通し検証待ち,
hr,U08,user-experience,組織作成・メンバー招待・既存組織参加の順序と役割が分かる。,一部検証済み：招待先違いの切替と上限403を区別し戻り先を保持／本番承諾と役割の通し確認未完了,hr-admin-auth-regression.log; hr-admin-auth-browser.json; README.md
hr,U09,user-experience,URL・ファイル形式/容量・数値・必須項目を実処理前に検証し、入力を別の意味へ黙って変えない。,現在版での項目別通し検証待ち,
hr,U10,user-experience,マイク・録音・タブ共有・対応ブラウザ・スマホ対応の条件を開始前に説明する。,現在版での項目別通し検証待ち,
hr,U11,user-experience,開始・進行中・完了・失敗・中止の状態を区別し、いつ待ちをやめてよいか分かる。,現在版での項目別通し検証待ち,
hr,U12,user-experience,通信失敗を「0件」「保存済み」「ダウンロード済み」と表示しない。,一部検証済み：招待認証/参加の失敗案内、連打、旧応答、履歴復元、遷移タイマー取消／全経路・実機・本番承諾未検証,hr-admin-auth-regression.log; hr-admin-auth-browser.json; scripts/security-regression/verify-hr-admin-auth-recovery.cjs; README.md
hr,U13,user-experience,二重クリック・再読込・戻る・別タブで、二重作成や二重消費を起こさない。,一部検証済み：招待認証/参加の失敗案内、連打、旧応答、履歴復元、遷移タイマー取消／全経路・実機・本番承諾未検証,hr-admin-auth-regression.log; hr-admin-auth-browser.json; scripts/security-regression/verify-hr-admin-auth-recovery.cjs; README.md
hr,U14,user-experience,生成途中の失敗・一部成功でも成果物を救出でき、再試行対象と追加消費が分かる。,現在版での項目別通し検証待ち,
hr,U15,user-experience,確定済み書類・終了した評価・締めた勤怠は通常操作で意図せず書き換わらない。,現在版での項目別通し検証待ち,
hr,U16,user-experience,残量をサーバー実績に合わせ、端末変更や再ログインで一致する。,現在版での項目別通し検証待ち,
hr,U17,user-experience,残量を超える注文を入力時点で説明し、一部生成になる場合は先に分かる。,現在版での項目別通し検証待ち,
hr,U18,user-experience,上限到達後、入力を保ったまま利用条件・正しい契約者・相談先へ進める。,現在版での項目別通し検証待ち,
hr,U19,user-experience,すでに有料の利用者、招待された従業員、面接の応募者に無関係な新規課金を勧めない。,現在版での項目別通し検証待ち,
hr,U20,user-experience,月替わり・解約・再契約・失敗返却・削除で使用量が矛盾せず、復旧理由も説明できる。,現在版での項目別通し検証待ち,
hr,U21,user-experience,保存期間、起算日、無料化後の扱い、削除前通知が表示と処理で一致する。,現在版での項目別通し検証待ち,
hr,U22,user-experience,端末限定保存とアカウント保存を区別し、別端末で失われる場合は事前に分かる。,現在版での項目別通し検証待ち,
hr,U23,user-experience,大量データの201件目等へ到達でき、検索・ページ送り・出力で欠落しない。,現在版での項目別通し検証待ち,
hr,U24,user-experience,CSV/PDF/PPTX/ZIPの内容・件数・金額・文字化けを確認し、取得失敗から再試行できる。,現在版での項目別通し検証待ち,
hr,U25,user-experience,履歴削除、素材削除、プロジェクト削除、アーカイブで消える関連データを事前に説明する。,現在版での項目別通し検証待ち,
hr,U26,user-experience,個人用/組織用/公開の境界と、URLを知るだけで見られる範囲が分かる。,現在版での項目別通し検証待ち,
hr,U27,user-experience,「閲覧のみ」のゲストは編集できず、一般社員は他人の人事情報を勝手に見られない。,現在版での項目別通し検証待ち,
hr,U28,user-experience,別組織のURLで別の作業場所へ黙って移動せず、現在の組織が常に分かる。,現在版での項目別通し検証待ち,
hr,U29,user-experience,ログアウト・アカウント切替・共有PCで前利用者のキャッシュが表示されない。,現在版での項目別通し検証待ち,
hr,U30,user-experience,招待取消・権限変更・録音同意撤回・共有URL失効が利用者の期待どおり反映される。,現在版での項目別通し検証待ち,
hr,U31,user-experience,初回限定30日体験と通常無料枠を区別し、終了後の料金・更新条件が分かる。,現在版での項目別通し検証待ち,
hr,U32,user-experience,契約直後に全対象サービスへ反映し、未反映時は二重申込ではなく復旧へ誘導する。,現在版での項目別通し検証待ち,
hr,U33,user-experience,個人の課金・OWNERの課金・チーム席の意味を全サービスで説明し、払っても解決しない案内をしない。,現在版での項目別通し検証待ち,
hr,U34,user-experience,解約確認で全サービスへの影響、停止日、残るデータ、上限超過データの扱いが分かる。,現在版での項目別通し検証待ち,
hr,U35,user-experience,支払失敗・更新失敗・解約取消・再契約・Webhook遅延でも契約表示と利用権が一致する。,現在版での項目別通し検証待ち,
hr,U36,user-experience,解約と退会と履歴削除の違いが分かり、退会の手続き先に到達できる。,現在版での項目別通し検証待ち,
hr,U37,user-experience,退会時に自分だけでなく共同作業者のデータまで消えるか説明する。,現在版での項目別通し検証待ち,
hr,U38,user-experience,退会・保存期限前に必要なデータを持ち出せる。,現在版での項目別通し検証待ち,
hr,U39,user-experience,準備中・利用不可機能は操作前に分かり、スマホでも理由を読める。,現在版での項目別通し検証待ち,
hr,U40,user-experience,困った時の問い合わせ先と、伝えるべきエラー情報を分かりやすく表示する。,現在版での項目別通し検証待ち,
kintai,C001,公開・導線,定義と公開一覧と終了済み一覧が一致する,部分検証済み：正本の公開・稼働17件一致と終了14件除外、本番トップ・sitemap・llmsの17導線一致／終了API・認証後導線は別途検証,service-catalog-current.json; verify-service-catalog-current.cjs
kintai,C002,公開・導線,LP・料金・利用画面に到達できる,一部検証済み：公開LP・料金390px計測とログイン前導線／認証後・実機未検証,public-mobile-navigation.json; public-mobile-pricing.json; README.md
kintai,C003,公開・導線,主要CTAが正しいログイン後の戻り先へ遷移する,一部検証済み：公開LP・料金390px計測とログイン前導線／認証後・実機未検証,public-mobile-navigation.json; public-mobile-pricing.json; README.md
kintai,C004,公開・導線,終了APIが実生成・課金を受け付けない,部分検証済み：共通の終了14サービス配下＋既知の旧別名111ルート147処理で入口410を実フラグ評価／モジュール初期化・未発見別名・本番API通しは未検証,retired-route-entry-current.json; verify-retired-route-entry-current.cjs
kintai,C005,公開・導線,スマートフォンで横はみ出し・操作不能がない,一部検証済み：公開LP・料金390px計測とログイン前導線／認証後・実機未検証,public-mobile-navigation.json; public-mobile-pricing.json; README.md
kintai,C006,公開・導線,空状態・読込中・失敗状態が表示される,現在版での項目別通し検証待ち,
kintai,C007,認証,未ログインで私有データを取得・変更できない,現在版での項目別通し検証待ち,
kintai,C008,認証,期限切れセッションを拒否する,現在版での項目別通し検証待ち,
kintai,C009,認証,ログアウト後に他人のキャッシュを表示しない,現在版での項目別通し検証待ち,
kintai,C010,認証,ID欠落時のメール補完が一貫している,現在版での項目別通し検証待ち,
kintai,C011,認証,管理画面と一般画面の認証が分離される,現在版での項目別通し検証待ち,
kintai,C012,認証,招待トークンの期限・使い回し・失効が守られる,部分検証済み・本番通し検証待ち,workspace-invite-recovery-regression.log / browser.json: 実画面の再確認/失効/SDK復旧を合成APIで検証。invite-deadline-regression.log: 実API/helperによる期限ちょうど/DB待ち中の失効とロールバックを合成時計/DBで検証。実DB競合・本番承諾・最後の期限確認からcommit間の保証は未確認。
kintai,C013,権限・組織,他ユーザーのIDによる取得・更新・削除を拒否する,現在版での項目別通し検証待ち,
kintai,C014,権限・組織,明示した組織が不正なら別組織へ切り替えない,現在版での項目別通し検証待ち,
kintai,C015,権限・組織,退会済み・無効メンバーの権限を拒否する,現在版での項目別通し検証待ち,
kintai,C016,権限・組織,一般メンバー・管理者・オーナーの操作を分ける,現在版での項目別通し検証待ち,
kintai,C017,権限・組織,関連IDが同一組織に属することを検査する,現在版での項目別通し検証待ち,
kintai,C018,権限・組織,自己評価・上長評価・最終評価の列権限を分ける,現在版での項目別通し検証待ち,
kintai,C019,権限・組織,組織切替中の遅延応答を破棄する,現在版での項目別通し検証待ち／共通上限案内の画面・クエリ切替は87合成画面検証合格、他応答・実機・本番通し未検証,service-limit-navigation-current.json; service-limit-navigation-comparison-baseline.json（Nextナビゲーションはモック、明示イベントの遅延元は別途監査）
kintai,C020,権限・組織,共有URLから秘密情報や内部指示が漏れない,現在版での項目別通し検証待ち,
kintai,C021,課金,有料判定の正本と旧プラン正規化が統一される,現在版での項目別通し検証待ち,
kintai,C022,課金,決済セッションの所有者を検証する,現在版での項目別通し検証待ち,
kintai,C023,課金,解約済み・未払い・未完了から権限復活しない,現在版での項目別通し検証待ち,
kintai,C024,課金,有効契約がある場合の二重契約を防ぐ,現在版での項目別通し検証待ち,
kintai,C025,課金,全サービスへの権限同期が原子的である,現在版での項目別通し検証待ち,
kintai,C026,課金,Webhook署名・再送・順序逆転に対応する,現在版での項目別通し検証待ち,
kintai,C027,課金,Webhook不達時の再同期と監査が働く,現在版での項目別通し検証待ち,
kintai,C028,課金,解約・無料体験終了・再契約の状態遷移が正しい,現在版での項目別通し検証待ち,
kintai,C029,課金,決済失敗時に再申込不要と案内する,現在版での項目別通し検証待ち,
kintai,C030,課金,手動付与した有料権限が誤って失われない,現在版での項目別通し検証待ち,
kintai,C031,利用上限,料金ページの数値・単位・期間がAPIと一致する,現在版での項目別通し検証待ち,
kintai,C032,利用上限,表示残数とサーバー実使用数が一致する,現在版での項目別通し検証待ち,
kintai,C033,利用上限,上限0と上限直前と超過時を正しく扱う,現在版での項目別通し検証待ち,
kintai,C034,利用上限,同時リクエストでも上限を超えない,現在版での項目別通し検証待ち,
kintai,C035,利用上限,利用枠を予約してから従量課金APIを呼ぶ,現在版での項目別通し検証待ち,
kintai,C036,利用上限,生成失敗・中断時の予約を過不足なく戻す,現在版での項目別通し検証待ち,
kintai,C037,利用上限,月次・日次境界のタイムゾーンが統一される,現在版での項目別通し検証待ち,
kintai,C038,利用上限,履歴削除によって消費済み枠が復活しない,現在版での項目別通し検証待ち,
kintai,C039,利用上限,DB障害時に無制限の生成を許可しない,現在版での項目別通し検証待ち,
kintai,C040,利用上限,ゲストのCookie削除で有料原価が無制限にならない,現在版での項目別通し検証待ち,
kintai,C041,利用上限,チーム枠の契約者と操作ユーザーを取り違えない,現在版での項目別通し検証待ち,
kintai,C042,利用上限,全上限経路に適切な次の操作を提示する,現在版での項目別通し検証待ち,
kintai,C043,利用上限,無料体験対象外に無料を約束しない,現在版での項目別通し検証待ち,
kintai,C044,利用上限,混雑・サイズ超過・認証エラーを課金誘導しない,現在版での項目別通し検証待ち,
kintai,C045,データ・DB,モデルのテーブル・列・null制約が実DBと一致する,一部検証済み：本番DBの列存在・型・非配列の必須設定／配列NULL・業務整合性未検証,production-readonly-schema.json; production-readonly-constraints.json; README.md
kintai,C046,データ・DB,必要な外部キー・複合一意制約が存在する,一部検証済み：本番DBのFK列対応・一意制約／削除規則・通常インデックス未検証,production-readonly-schema.json; production-readonly-constraints.json; README.md
kintai,C047,データ・DB,孤立したユーザー・組織参照がない,現在版での項目別通し検証待ち,
kintai,C048,データ・DB,同一組織内の関連付け制約が守られる,現在版での項目別通し検証待ち,
kintai,C049,データ・DB,部署・タスク階層に循環を作れない,現在版での項目別通し検証待ち,
kintai,C050,データ・DB,採番の同時実行が衝突しない,現在版での項目別通し検証待ち,
kintai,C051,データ・DB,複数テーブル更新が途中失敗で片落ちしない,現在版での項目別通し検証待ち,
kintai,C052,データ・DB,削除・退会時の保持と匿名化の方針が定義される,現在版での項目別通し検証待ち,
kintai,C053,入力・外部接続,本文・配列・ファイル数・長さをサーバーで制限する,現在版での項目別通し検証待ち,
kintai,C054,入力・外部接続,URL取得で内部IP・リダイレクトSSRFを防ぐ,現在版での項目別通し検証待ち,
kintai,C055,入力・外部接続,HTML表示で保存型XSSを防ぐ,現在版での項目別通し検証待ち,
kintai,C056,入力・外部接続,金額・数量・日時の異常値を拒否する,現在版での項目別通し検証待ち,
kintai,C057,入力・外部接続,ファイル形式を拡張子だけで判断しない,現在版での項目別通し検証待ち,
kintai,C058,入力・外部接続,ストレージの所有権・署名URL期限が守られる,現在版での項目別通し検証待ち,
kintai,C059,入力・外部接続,外部APIのタイムアウト・再試行が有界である,現在版での項目別通し検証待ち,
kintai,C060,入力・外部接続,通知先・本文に利用者入力を安全に扱う,現在版での項目別通し検証待ち,
kintai,C061,生成・ジョブ,連打・再送に冪等性がある,現在版での項目別通し検証待ち,
kintai,C062,生成・ジョブ,ジョブの所有者と結果取得権限を検査する,現在版での項目別通し検証待ち,
kintai,C063,生成・ジョブ,ストリーム途中失敗を成功として表示しない,現在版での項目別通し検証待ち,
kintai,C064,生成・ジョブ,生成結果と履歴・使用量の保存が整合する,現在版での項目別通し検証待ち,
kintai,C065,生成・ジョブ,プロセス終了時に永久処理中にならない,現在版での項目別通し検証待ち,
kintai,C066,生成・ジョブ,再生成と編集にも上限を適用する,現在版での項目別通し検証待ち,
kintai,C067,生成・ジョブ,公開音声ルームの同意・期限・人数を守る,現在版での項目別通し検証待ち,
kintai,C068,生成・ジョブ,エクスポートで他人の成果物を含めない,現在版での項目別通し検証待ち,
kintai,C069,UI・アクセシビリティ,モーダルのフォーカス・Escape・復帰が機能する,現在版での項目別通し検証待ち,
kintai,C070,UI・アクセシビリティ,入力をエラー時に失わない,現在版での項目別通し検証待ち,
kintai,C071,UI・アクセシビリティ,上限案内が二重表示されない,現在版での項目別通し検証待ち,
kintai,C072,UI・アクセシビリティ,有料会員に同じプランへの重複契約を促さない,現在版での項目別通し検証待ち,
kintai,C073,UI・アクセシビリティ,APIエラーを消えるトーストだけに依存しない,現在版での項目別通し検証待ち,
kintai,C074,UI・アクセシビリティ,色だけに依存せずラベルと操作名を持つ,現在版での項目別通し検証待ち,
kintai,C075,運用・リリース,本番ソースと監査対象のハッシュが一致する,現在版での項目別通し検証待ち,
kintai,C076,運用・リリース,別作業の未公開修正を検証済みと混同しない,現在版での項目別通し検証待ち,
kintai,C077,運用・リリース,型チェック・ビルド・回帰試験が必須化される,現在版での項目別通し検証待ち,
kintai,C078,運用・リリース,デプロイでDB変更を無条件実行しない,現在版での項目別通し検証待ち,
kintai,C079,運用・リリース,個人情報・認証情報をログに出さない,現在版での項目別通し検証待ち,
kintai,C080,運用・リリース,監視の対象期間と未観測範囲を明示する,現在版での項目別通し検証待ち,
kintai,C081,運用・リリース,バックアップからの復元を実証できる,現在版での項目別通し検証待ち,
kintai,C082,運用・リリース,障害時に旧版へ戻す手順が用意される,現在版での項目別通し検証待ち,
kintai,U01,user-experience,トップの説明、LP、料金、ヘルプ、設定、APIの数値・単位が一致する。,現在版での項目別通し検証待ち,
kintai,U02,user-experience,「無料」「使い放題」「無制限」の対象と例外が申込前に分かる。,現在版での項目別通し検証待ち,
kintai,U03,user-experience,1回/1枚/1コンセプト/1分/1席/1件の意味と、再生成・修正の消費を説明する。,現在版での項目別通し検証待ち,
kintai,U04,user-experience,日次・月次・累計・同時保存件数・直近7日間を区別し、次回復旧日時が分かる。,現在版での項目別通し検証待ち,
kintai,U05,user-experience,公開LP/料金/主要CTAがPC・スマートフォンで表示でき、終了サービスへ迷い込まない。,一部検証済み：公開LP・料金390px計測とログイン前導線／認証後・実機未検証,public-mobile-navigation.json; public-mobile-pricing.json; README.md
kintai,U06,user-experience,ログイン必須か、無料体験の開始条件は何かが入力前に分かる。,現在版での項目別通し検証待ち,
kintai,U07,user-experience,入力途中にログイン・料金確認へ移動しても内容が消えない。,現在版での項目別通し検証待ち,
kintai,U08,user-experience,組織作成・メンバー招待・既存組織参加の順序と役割が分かる。,現在版での項目別通し検証待ち,
kintai,U09,user-experience,URL・ファイル形式/容量・数値・必須項目を実処理前に検証し、入力を別の意味へ黙って変えない。,現在版での項目別通し検証待ち,
kintai,U10,user-experience,マイク・録音・タブ共有・対応ブラウザ・スマホ対応の条件を開始前に説明する。,現在版での項目別通し検証待ち,
kintai,U11,user-experience,開始・進行中・完了・失敗・中止の状態を区別し、いつ待ちをやめてよいか分かる。,現在版での項目別通し検証待ち,
kintai,U12,user-experience,通信失敗を「0件」「保存済み」「ダウンロード済み」と表示しない。,現在版での項目別通し検証待ち,
kintai,U13,user-experience,二重クリック・再読込・戻る・別タブで、二重作成や二重消費を起こさない。,現在版での項目別通し検証待ち,
kintai,U14,user-experience,生成途中の失敗・一部成功でも成果物を救出でき、再試行対象と追加消費が分かる。,現在版での項目別通し検証待ち,
kintai,U15,user-experience,確定済み書類・終了した評価・締めた勤怠は通常操作で意図せず書き換わらない。,現在版での項目別通し検証待ち,
kintai,U16,user-experience,残量をサーバー実績に合わせ、端末変更や再ログインで一致する。,現在版での項目別通し検証待ち,
kintai,U17,user-experience,残量を超える注文を入力時点で説明し、一部生成になる場合は先に分かる。,現在版での項目別通し検証待ち,
kintai,U18,user-experience,上限到達後、入力を保ったまま利用条件・正しい契約者・相談先へ進める。,現在版での項目別通し検証待ち,
kintai,U19,user-experience,すでに有料の利用者、招待された従業員、面接の応募者に無関係な新規課金を勧めない。,現在版での項目別通し検証待ち,
kintai,U20,user-experience,月替わり・解約・再契約・失敗返却・削除で使用量が矛盾せず、復旧理由も説明できる。,現在版での項目別通し検証待ち,
kintai,U21,user-experience,保存期間、起算日、無料化後の扱い、削除前通知が表示と処理で一致する。,現在版での項目別通し検証待ち,
kintai,U22,user-experience,端末限定保存とアカウント保存を区別し、別端末で失われる場合は事前に分かる。,現在版での項目別通し検証待ち,
kintai,U23,user-experience,大量データの201件目等へ到達でき、検索・ページ送り・出力で欠落しない。,現在版での項目別通し検証待ち,
kintai,U24,user-experience,CSV/PDF/PPTX/ZIPの内容・件数・金額・文字化けを確認し、取得失敗から再試行できる。,現在版での項目別通し検証待ち,
kintai,U25,user-experience,履歴削除、素材削除、プロジェクト削除、アーカイブで消える関連データを事前に説明する。,現在版での項目別通し検証待ち,
kintai,U26,user-experience,個人用/組織用/公開の境界と、URLを知るだけで見られる範囲が分かる。,現在版での項目別通し検証待ち,
kintai,U27,user-experience,「閲覧のみ」のゲストは編集できず、一般社員は他人の人事情報を勝手に見られない。,現在版での項目別通し検証待ち,
kintai,U28,user-experience,別組織のURLで別の作業場所へ黙って移動せず、現在の組織が常に分かる。,現在版での項目別通し検証待ち,
kintai,U29,user-experience,ログアウト・アカウント切替・共有PCで前利用者のキャッシュが表示されない。,現在版での項目別通し検証待ち,
kintai,U30,user-experience,招待取消・権限変更・録音同意撤回・共有URL失効が利用者の期待どおり反映される。,現在版での項目別通し検証待ち,
kintai,U31,user-experience,初回限定30日体験と通常無料枠を区別し、終了後の料金・更新条件が分かる。,現在版での項目別通し検証待ち,
kintai,U32,user-experience,契約直後に全対象サービスへ反映し、未反映時は二重申込ではなく復旧へ誘導する。,現在版での項目別通し検証待ち,
kintai,U33,user-experience,個人の課金・OWNERの課金・チーム席の意味を全サービスで説明し、払っても解決しない案内をしない。,現在版での項目別通し検証待ち,
kintai,U34,user-experience,解約確認で全サービスへの影響、停止日、残るデータ、上限超過データの扱いが分かる。,現在版での項目別通し検証待ち,
kintai,U35,user-experience,支払失敗・更新失敗・解約取消・再契約・Webhook遅延でも契約表示と利用権が一致する。,現在版での項目別通し検証待ち,
kintai,U36,user-experience,解約と退会と履歴削除の違いが分かり、退会の手続き先に到達できる。,現在版での項目別通し検証待ち,
kintai,U37,user-experience,退会時に自分だけでなく共同作業者のデータまで消えるか説明する。,現在版での項目別通し検証待ち,
kintai,U38,user-experience,退会・保存期限前に必要なデータを持ち出せる。,現在版での項目別通し検証待ち,
kintai,U39,user-experience,準備中・利用不可機能は操作前に分かり、スマホでも理由を読める。,現在版での項目別通し検証待ち,
kintai,U40,user-experience,困った時の問い合わせ先と、伝えるべきエラー情報を分かりやすく表示する。,現在版での項目別通し検証待ち,
doyalist,C001,公開・導線,定義と公開一覧と終了済み一覧が一致する,部分検証済み：正本の公開・稼働17件一致と終了14件除外、本番トップ・sitemap・llmsの17導線一致／終了API・認証後導線は別途検証,service-catalog-current.json; verify-service-catalog-current.cjs
doyalist,C002,公開・導線,LP・料金・利用画面に到達できる,一部検証済み：公開LP・料金390px計測とログイン前導線／認証後・実機未検証,public-mobile-navigation.json; public-mobile-pricing.json; README.md
doyalist,C003,公開・導線,主要CTAが正しいログイン後の戻り先へ遷移する,一部検証済み：公開LP・料金390px計測とログイン前導線／認証後・実機未検証,public-mobile-navigation.json; public-mobile-pricing.json; README.md
doyalist,C004,公開・導線,終了APIが実生成・課金を受け付けない,部分検証済み：共通の終了14サービス配下＋既知の旧別名111ルート147処理で入口410を実フラグ評価／モジュール初期化・未発見別名・本番API通しは未検証,retired-route-entry-current.json; verify-retired-route-entry-current.cjs
doyalist,C005,公開・導線,スマートフォンで横はみ出し・操作不能がない,一部検証済み：公開LP・料金390px計測とログイン前導線／認証後・実機未検証,public-mobile-navigation.json; public-mobile-pricing.json; README.md
doyalist,C006,公開・導線,空状態・読込中・失敗状態が表示される,現在版での項目別通し検証待ち,
doyalist,C007,認証,未ログインで私有データを取得・変更できない,現在版での項目別通し検証待ち,
doyalist,C008,認証,期限切れセッションを拒否する,現在版での項目別通し検証待ち,
doyalist,C009,認証,ログアウト後に他人のキャッシュを表示しない,現在版での項目別通し検証待ち,
doyalist,C010,認証,ID欠落時のメール補完が一貫している,現在版での項目別通し検証待ち,
doyalist,C011,認証,管理画面と一般画面の認証が分離される,現在版での項目別通し検証待ち,
doyalist,C012,認証,招待トークンの期限・使い回し・失効が守られる,現在版での項目別通し検証待ち,
doyalist,C013,権限・組織,他ユーザーのIDによる取得・更新・削除を拒否する,現在版での項目別通し検証待ち,
doyalist,C014,権限・組織,明示した組織が不正なら別組織へ切り替えない,現在版での項目別通し検証待ち,
doyalist,C015,権限・組織,退会済み・無効メンバーの権限を拒否する,現在版での項目別通し検証待ち,
doyalist,C016,権限・組織,一般メンバー・管理者・オーナーの操作を分ける,現在版での項目別通し検証待ち,
doyalist,C017,権限・組織,関連IDが同一組織に属することを検査する,現在版での項目別通し検証待ち,
doyalist,C018,権限・組織,自己評価・上長評価・最終評価の列権限を分ける,現在版での項目別通し検証待ち,
doyalist,C019,権限・組織,組織切替中の遅延応答を破棄する,現在版での項目別通し検証待ち／共通上限案内の画面・クエリ切替は87合成画面検証合格、他応答・実機・本番通し未検証,service-limit-navigation-current.json; service-limit-navigation-comparison-baseline.json（Nextナビゲーションはモック、明示イベントの遅延元は別途監査）
doyalist,C020,権限・組織,共有URLから秘密情報や内部指示が漏れない,現在版での項目別通し検証待ち,
doyalist,C021,課金,有料判定の正本と旧プラン正規化が統一される,現在版での項目別通し検証待ち,
doyalist,C022,課金,決済セッションの所有者を検証する,現在版での項目別通し検証待ち,
doyalist,C023,課金,解約済み・未払い・未完了から権限復活しない,現在版での項目別通し検証待ち,
doyalist,C024,課金,有効契約がある場合の二重契約を防ぐ,現在版での項目別通し検証待ち,
doyalist,C025,課金,全サービスへの権限同期が原子的である,現在版での項目別通し検証待ち,
doyalist,C026,課金,Webhook署名・再送・順序逆転に対応する,現在版での項目別通し検証待ち,
doyalist,C027,課金,Webhook不達時の再同期と監査が働く,現在版での項目別通し検証待ち,
doyalist,C028,課金,解約・無料体験終了・再契約の状態遷移が正しい,現在版での項目別通し検証待ち,
doyalist,C029,課金,決済失敗時に再申込不要と案内する,現在版での項目別通し検証待ち,
doyalist,C030,課金,手動付与した有料権限が誤って失われない,現在版での項目別通し検証待ち,
doyalist,C031,利用上限,料金ページの数値・単位・期間がAPIと一致する,現在版での項目別通し検証待ち,
doyalist,C032,利用上限,表示残数とサーバー実使用数が一致する,現在版での項目別通し検証待ち,
doyalist,C033,利用上限,上限0と上限直前と超過時を正しく扱う,現在版での項目別通し検証待ち,
doyalist,C034,利用上限,同時リクエストでも上限を超えない,現在版での項目別通し検証待ち,
doyalist,C035,利用上限,利用枠を予約してから従量課金APIを呼ぶ,現在版での項目別通し検証待ち,
doyalist,C036,利用上限,生成失敗・中断時の予約を過不足なく戻す,現在版での項目別通し検証待ち,
doyalist,C037,利用上限,月次・日次境界のタイムゾーンが統一される,現在版での項目別通し検証待ち,
doyalist,C038,利用上限,履歴削除によって消費済み枠が復活しない,現在版での項目別通し検証待ち,
doyalist,C039,利用上限,DB障害時に無制限の生成を許可しない,現在版での項目別通し検証待ち,
doyalist,C040,利用上限,ゲストのCookie削除で有料原価が無制限にならない,現在版での項目別通し検証待ち,
doyalist,C041,利用上限,チーム枠の契約者と操作ユーザーを取り違えない,現在版での項目別通し検証待ち,
doyalist,C042,利用上限,全上限経路に適切な次の操作を提示する,現在版での項目別通し検証待ち,
doyalist,C043,利用上限,無料体験対象外に無料を約束しない,現在版での項目別通し検証待ち,
doyalist,C044,利用上限,混雑・サイズ超過・認証エラーを課金誘導しない,現在版での項目別通し検証待ち,
doyalist,C045,データ・DB,モデルのテーブル・列・null制約が実DBと一致する,一部検証済み：本番DBの列存在・型・非配列の必須設定／配列NULL・業務整合性未検証,production-readonly-schema.json; production-readonly-constraints.json; README.md
doyalist,C046,データ・DB,必要な外部キー・複合一意制約が存在する,一部検証済み：本番DBのFK列対応・一意制約／削除規則・通常インデックス未検証,production-readonly-schema.json; production-readonly-constraints.json; README.md
doyalist,C047,データ・DB,孤立したユーザー・組織参照がない,現在版での項目別通し検証待ち,
doyalist,C048,データ・DB,同一組織内の関連付け制約が守られる,現在版での項目別通し検証待ち,
doyalist,C049,データ・DB,部署・タスク階層に循環を作れない,現在版での項目別通し検証待ち,
doyalist,C050,データ・DB,採番の同時実行が衝突しない,現在版での項目別通し検証待ち,
doyalist,C051,データ・DB,複数テーブル更新が途中失敗で片落ちしない,現在版での項目別通し検証待ち,
doyalist,C052,データ・DB,削除・退会時の保持と匿名化の方針が定義される,現在版での項目別通し検証待ち,
doyalist,C053,入力・外部接続,本文・配列・ファイル数・長さをサーバーで制限する,現在版での項目別通し検証待ち,
doyalist,C054,入力・外部接続,URL取得で内部IP・リダイレクトSSRFを防ぐ,現在版での項目別通し検証待ち,
doyalist,C055,入力・外部接続,HTML表示で保存型XSSを防ぐ,現在版での項目別通し検証待ち,
doyalist,C056,入力・外部接続,金額・数量・日時の異常値を拒否する,現在版での項目別通し検証待ち,
doyalist,C057,入力・外部接続,ファイル形式を拡張子だけで判断しない,現在版での項目別通し検証待ち,
doyalist,C058,入力・外部接続,ストレージの所有権・署名URL期限が守られる,現在版での項目別通し検証待ち,
doyalist,C059,入力・外部接続,外部APIのタイムアウト・再試行が有界である,現在版での項目別通し検証待ち,
doyalist,C060,入力・外部接続,通知先・本文に利用者入力を安全に扱う,現在版での項目別通し検証待ち,
doyalist,C061,生成・ジョブ,連打・再送に冪等性がある,現在版での項目別通し検証待ち,
doyalist,C062,生成・ジョブ,ジョブの所有者と結果取得権限を検査する,現在版での項目別通し検証待ち,
doyalist,C063,生成・ジョブ,ストリーム途中失敗を成功として表示しない,現在版での項目別通し検証待ち,
doyalist,C064,生成・ジョブ,生成結果と履歴・使用量の保存が整合する,現在版での項目別通し検証待ち,
doyalist,C065,生成・ジョブ,プロセス終了時に永久処理中にならない,現在版での項目別通し検証待ち,
doyalist,C066,生成・ジョブ,再生成と編集にも上限を適用する,現在版での項目別通し検証待ち,
doyalist,C067,生成・ジョブ,公開音声ルームの同意・期限・人数を守る,現在版での項目別通し検証待ち,
doyalist,C068,生成・ジョブ,エクスポートで他人の成果物を含めない,現在版での項目別通し検証待ち,
doyalist,C069,UI・アクセシビリティ,モーダルのフォーカス・Escape・復帰が機能する,現在版での項目別通し検証待ち,
doyalist,C070,UI・アクセシビリティ,入力をエラー時に失わない,現在版での項目別通し検証待ち,
doyalist,C071,UI・アクセシビリティ,上限案内が二重表示されない,現在版での項目別通し検証待ち,
doyalist,C072,UI・アクセシビリティ,有料会員に同じプランへの重複契約を促さない,現在版での項目別通し検証待ち,
doyalist,C073,UI・アクセシビリティ,APIエラーを消えるトーストだけに依存しない,現在版での項目別通し検証待ち,
doyalist,C074,UI・アクセシビリティ,色だけに依存せずラベルと操作名を持つ,現在版での項目別通し検証待ち,
doyalist,C075,運用・リリース,本番ソースと監査対象のハッシュが一致する,現在版での項目別通し検証待ち,
doyalist,C076,運用・リリース,別作業の未公開修正を検証済みと混同しない,現在版での項目別通し検証待ち,
doyalist,C077,運用・リリース,型チェック・ビルド・回帰試験が必須化される,現在版での項目別通し検証待ち,
doyalist,C078,運用・リリース,デプロイでDB変更を無条件実行しない,現在版での項目別通し検証待ち,
doyalist,C079,運用・リリース,個人情報・認証情報をログに出さない,現在版での項目別通し検証待ち,
doyalist,C080,運用・リリース,監視の対象期間と未観測範囲を明示する,現在版での項目別通し検証待ち,
doyalist,C081,運用・リリース,バックアップからの復元を実証できる,現在版での項目別通し検証待ち,
doyalist,C082,運用・リリース,障害時に旧版へ戻す手順が用意される,現在版での項目別通し検証待ち,
doyalist,U01,user-experience,トップの説明、LP、料金、ヘルプ、設定、APIの数値・単位が一致する。,現在版での項目別通し検証待ち,
doyalist,U02,user-experience,「無料」「使い放題」「無制限」の対象と例外が申込前に分かる。,現在版での項目別通し検証待ち,
doyalist,U03,user-experience,1回/1枚/1コンセプト/1分/1席/1件の意味と、再生成・修正の消費を説明する。,現在版での項目別通し検証待ち,
doyalist,U04,user-experience,日次・月次・累計・同時保存件数・直近7日間を区別し、次回復旧日時が分かる。,現在版での項目別通し検証待ち,
doyalist,U05,user-experience,公開LP/料金/主要CTAがPC・スマートフォンで表示でき、終了サービスへ迷い込まない。,一部検証済み：公開LP・料金390px計測とログイン前導線／認証後・実機未検証,public-mobile-navigation.json; public-mobile-pricing.json; README.md
doyalist,U06,user-experience,ログイン必須か、無料体験の開始条件は何かが入力前に分かる。,現在版での項目別通し検証待ち,
doyalist,U07,user-experience,入力途中にログイン・料金確認へ移動しても内容が消えない。,現在版での項目別通し検証待ち,
doyalist,U08,user-experience,組織作成・メンバー招待・既存組織参加の順序と役割が分かる。,現在版での項目別通し検証待ち,
doyalist,U09,user-experience,URL・ファイル形式/容量・数値・必須項目を実処理前に検証し、入力を別の意味へ黙って変えない。,現在版での項目別通し検証待ち,
doyalist,U10,user-experience,マイク・録音・タブ共有・対応ブラウザ・スマホ対応の条件を開始前に説明する。,現在版での項目別通し検証待ち,
doyalist,U11,user-experience,開始・進行中・完了・失敗・中止の状態を区別し、いつ待ちをやめてよいか分かる。,現在版での項目別通し検証待ち,
doyalist,U12,user-experience,通信失敗を「0件」「保存済み」「ダウンロード済み」と表示しない。,現在版での項目別通し検証待ち,
doyalist,U13,user-experience,二重クリック・再読込・戻る・別タブで、二重作成や二重消費を起こさない。,現在版での項目別通し検証待ち,
doyalist,U14,user-experience,生成途中の失敗・一部成功でも成果物を救出でき、再試行対象と追加消費が分かる。,現在版での項目別通し検証待ち,
doyalist,U15,user-experience,確定済み書類・終了した評価・締めた勤怠は通常操作で意図せず書き換わらない。,現在版での項目別通し検証待ち,
doyalist,U16,user-experience,残量をサーバー実績に合わせ、端末変更や再ログインで一致する。,現在版での項目別通し検証待ち,
doyalist,U17,user-experience,残量を超える注文を入力時点で説明し、一部生成になる場合は先に分かる。,現在版での項目別通し検証待ち,
doyalist,U18,user-experience,上限到達後、入力を保ったまま利用条件・正しい契約者・相談先へ進める。,現在版での項目別通し検証待ち,
doyalist,U19,user-experience,すでに有料の利用者、招待された従業員、面接の応募者に無関係な新規課金を勧めない。,現在版での項目別通し検証待ち,
doyalist,U20,user-experience,月替わり・解約・再契約・失敗返却・削除で使用量が矛盾せず、復旧理由も説明できる。,現在版での項目別通し検証待ち,
doyalist,U21,user-experience,保存期間、起算日、無料化後の扱い、削除前通知が表示と処理で一致する。,現在版での項目別通し検証待ち,
doyalist,U22,user-experience,端末限定保存とアカウント保存を区別し、別端末で失われる場合は事前に分かる。,現在版での項目別通し検証待ち,
doyalist,U23,user-experience,大量データの201件目等へ到達でき、検索・ページ送り・出力で欠落しない。,現在版での項目別通し検証待ち,
doyalist,U24,user-experience,CSV/PDF/PPTX/ZIPの内容・件数・金額・文字化けを確認し、取得失敗から再試行できる。,現在版での項目別通し検証待ち,
doyalist,U25,user-experience,履歴削除、素材削除、プロジェクト削除、アーカイブで消える関連データを事前に説明する。,現在版での項目別通し検証待ち,
doyalist,U26,user-experience,個人用/組織用/公開の境界と、URLを知るだけで見られる範囲が分かる。,現在版での項目別通し検証待ち,
doyalist,U27,user-experience,「閲覧のみ」のゲストは編集できず、一般社員は他人の人事情報を勝手に見られない。,現在版での項目別通し検証待ち,
doyalist,U28,user-experience,別組織のURLで別の作業場所へ黙って移動せず、現在の組織が常に分かる。,現在版での項目別通し検証待ち,
doyalist,U29,user-experience,ログアウト・アカウント切替・共有PCで前利用者のキャッシュが表示されない。,現在版での項目別通し検証待ち,
doyalist,U30,user-experience,招待取消・権限変更・録音同意撤回・共有URL失効が利用者の期待どおり反映される。,現在版での項目別通し検証待ち,
doyalist,U31,user-experience,初回限定30日体験と通常無料枠を区別し、終了後の料金・更新条件が分かる。,現在版での項目別通し検証待ち,
doyalist,U32,user-experience,契約直後に全対象サービスへ反映し、未反映時は二重申込ではなく復旧へ誘導する。,現在版での項目別通し検証待ち,
doyalist,U33,user-experience,個人の課金・OWNERの課金・チーム席の意味を全サービスで説明し、払っても解決しない案内をしない。,現在版での項目別通し検証待ち,
doyalist,U34,user-experience,解約確認で全サービスへの影響、停止日、残るデータ、上限超過データの扱いが分かる。,現在版での項目別通し検証待ち,
doyalist,U35,user-experience,支払失敗・更新失敗・解約取消・再契約・Webhook遅延でも契約表示と利用権が一致する。,現在版での項目別通し検証待ち,
doyalist,U36,user-experience,解約と退会と履歴削除の違いが分かり、退会の手続き先に到達できる。,現在版での項目別通し検証待ち,
doyalist,U37,user-experience,退会時に自分だけでなく共同作業者のデータまで消えるか説明する。,現在版での項目別通し検証待ち,
doyalist,U38,user-experience,退会・保存期限前に必要なデータを持ち出せる。,現在版での項目別通し検証待ち,
doyalist,U39,user-experience,準備中・利用不可機能は操作前に分かり、スマホでも理由を読める。,現在版での項目別通し検証待ち,
doyalist,U40,user-experience,困った時の問い合わせ先と、伝えるべきエラー情報を分かりやすく表示する。,現在版での項目別通し検証待ち,
promane,C001,公開・導線,定義と公開一覧と終了済み一覧が一致する,部分検証済み：正本の公開・稼働17件一致と終了14件除外、本番トップ・sitemap・llmsの17導線一致／終了API・認証後導線は別途検証,service-catalog-current.json; verify-service-catalog-current.cjs
promane,C002,公開・導線,LP・料金・利用画面に到達できる,一部検証済み：公開LP・料金390px計測とログイン前導線／認証後・実機未検証,public-mobile-navigation.json; public-mobile-pricing.json; README.md
promane,C003,公開・導線,主要CTAが正しいログイン後の戻り先へ遷移する,一部検証済み：公開LP・料金390px計測とログイン前導線／認証後・実機未検証,public-mobile-navigation.json; public-mobile-pricing.json; README.md
promane,C004,公開・導線,終了APIが実生成・課金を受け付けない,部分検証済み：共通の終了14サービス配下＋既知の旧別名111ルート147処理で入口410を実フラグ評価／モジュール初期化・未発見別名・本番API通しは未検証,retired-route-entry-current.json; verify-retired-route-entry-current.cjs
promane,C005,公開・導線,スマートフォンで横はみ出し・操作不能がない,一部検証済み：公開LP・料金390px計測とログイン前導線／認証後・実機未検証,public-mobile-navigation.json; public-mobile-pricing.json; README.md
promane,C006,公開・導線,空状態・読込中・失敗状態が表示される,現在版での項目別通し検証待ち,
promane,C007,認証,未ログインで私有データを取得・変更できない,現在版での項目別通し検証待ち,
promane,C008,認証,期限切れセッションを拒否する,現在版での項目別通し検証待ち,
promane,C009,認証,ログアウト後に他人のキャッシュを表示しない,現在版での項目別通し検証待ち,
promane,C010,認証,ID欠落時のメール補完が一貫している,現在版での項目別通し検証待ち,
promane,C011,認証,管理画面と一般画面の認証が分離される,現在版での項目別通し検証待ち,
promane,C012,認証,招待トークンの期限・使い回し・失効が守られる,部分検証済み・本番通し検証待ち,workspace-invite-recovery-regression.log / browser.json: 実画面の再確認/失効/SDK復旧を合成APIで検証。invite-deadline-regression.log: 実API/helperによる期限ちょうど/DB待ち中の失効とロールバックを合成時計/DBで検証。実DB競合・本番承諾・最後の期限確認からcommit間の保証は未確認。; 招待発行の読取待ち中失効: 実API/helper合成時計5グループ成功 invite-issuance-clock-regression.log。新規期限は作成時刻基準。全体ビルド50733進行中、未commit/未反映。; 全体ビルド50733 exit0/4ソースhash一致 invite-issuance-clock-build.json。実DB/実承諾は未確認。
promane,C013,権限・組織,他ユーザーのIDによる取得・更新・削除を拒否する,現在版での項目別通し検証待ち,
promane,C014,権限・組織,明示した組織が不正なら別組織へ切り替えない,現在版での項目別通し検証待ち,
promane,C015,権限・組織,退会済み・無効メンバーの権限を拒否する,現在版での項目別通し検証待ち,
promane,C016,権限・組織,一般メンバー・管理者・オーナーの操作を分ける,現在版での項目別通し検証待ち,
promane,C017,権限・組織,関連IDが同一組織に属することを検査する,現在版での項目別通し検証待ち,
promane,C018,権限・組織,自己評価・上長評価・最終評価の列権限を分ける,現在版での項目別通し検証待ち,
promane,C019,権限・組織,組織切替中の遅延応答を破棄する,現在版での項目別通し検証待ち／共通上限案内の画面・クエリ切替は87合成画面検証合格、他応答・実機・本番通し未検証,service-limit-navigation-current.json; service-limit-navigation-comparison-baseline.json（Nextナビゲーションはモック、明示イベントの遅延元は別途監査）
promane,C020,権限・組織,共有URLから秘密情報や内部指示が漏れない,現在版での項目別通し検証待ち,
promane,C021,課金,有料判定の正本と旧プラン正規化が統一される,現在版での項目別通し検証待ち,
promane,C022,課金,決済セッションの所有者を検証する,現在版での項目別通し検証待ち,
promane,C023,課金,解約済み・未払い・未完了から権限復活しない,現在版での項目別通し検証待ち,
promane,C024,課金,有効契約がある場合の二重契約を防ぐ,現在版での項目別通し検証待ち,
promane,C025,課金,全サービスへの権限同期が原子的である,現在版での項目別通し検証待ち,
promane,C026,課金,Webhook署名・再送・順序逆転に対応する,現在版での項目別通し検証待ち,
promane,C027,課金,Webhook不達時の再同期と監査が働く,現在版での項目別通し検証待ち,
promane,C028,課金,解約・無料体験終了・再契約の状態遷移が正しい,現在版での項目別通し検証待ち,
promane,C029,課金,決済失敗時に再申込不要と案内する,現在版での項目別通し検証待ち,
promane,C030,課金,手動付与した有料権限が誤って失われない,現在版での項目別通し検証待ち,
promane,C031,利用上限,料金ページの数値・単位・期間がAPIと一致する,現在版での項目別通し検証待ち,
promane,C032,利用上限,表示残数とサーバー実使用数が一致する,現在版での項目別通し検証待ち,
promane,C033,利用上限,上限0と上限直前と超過時を正しく扱う,現在版での項目別通し検証待ち,
promane,C034,利用上限,同時リクエストでも上限を超えない,現在版での項目別通し検証待ち,
promane,C035,利用上限,利用枠を予約してから従量課金APIを呼ぶ,現在版での項目別通し検証待ち,
promane,C036,利用上限,生成失敗・中断時の予約を過不足なく戻す,現在版での項目別通し検証待ち,
promane,C037,利用上限,月次・日次境界のタイムゾーンが統一される,現在版での項目別通し検証待ち,
promane,C038,利用上限,履歴削除によって消費済み枠が復活しない,現在版での項目別通し検証待ち,
promane,C039,利用上限,DB障害時に無制限の生成を許可しない,現在版での項目別通し検証待ち,
promane,C040,利用上限,ゲストのCookie削除で有料原価が無制限にならない,現在版での項目別通し検証待ち,
promane,C041,利用上限,チーム枠の契約者と操作ユーザーを取り違えない,現在版での項目別通し検証待ち,
promane,C042,利用上限,全上限経路に適切な次の操作を提示する,現在版での項目別通し検証待ち,
promane,C043,利用上限,無料体験対象外に無料を約束しない,現在版での項目別通し検証待ち,
promane,C044,利用上限,混雑・サイズ超過・認証エラーを課金誘導しない,現在版での項目別通し検証待ち,
promane,C045,データ・DB,モデルのテーブル・列・null制約が実DBと一致する,一部検証済み：本番DBの列存在・型・非配列の必須設定／配列NULL・業務整合性未検証,production-readonly-schema.json; production-readonly-constraints.json; README.md
promane,C046,データ・DB,必要な外部キー・複合一意制約が存在する,一部検証済み：本番DBのFK列対応・一意制約／削除規則・通常インデックス未検証,production-readonly-schema.json; production-readonly-constraints.json; README.md
promane,C047,データ・DB,孤立したユーザー・組織参照がない,現在版での項目別通し検証待ち,
promane,C048,データ・DB,同一組織内の関連付け制約が守られる,現在版での項目別通し検証待ち,
promane,C049,データ・DB,部署・タスク階層に循環を作れない,現在版での項目別通し検証待ち,
promane,C050,データ・DB,採番の同時実行が衝突しない,現在版での項目別通し検証待ち,
promane,C051,データ・DB,複数テーブル更新が途中失敗で片落ちしない,現在版での項目別通し検証待ち,
promane,C052,データ・DB,削除・退会時の保持と匿名化の方針が定義される,現在版での項目別通し検証待ち,
promane,C053,入力・外部接続,本文・配列・ファイル数・長さをサーバーで制限する,現在版での項目別通し検証待ち,
promane,C054,入力・外部接続,URL取得で内部IP・リダイレクトSSRFを防ぐ,現在版での項目別通し検証待ち,
promane,C055,入力・外部接続,HTML表示で保存型XSSを防ぐ,現在版での項目別通し検証待ち,
promane,C056,入力・外部接続,金額・数量・日時の異常値を拒否する,現在版での項目別通し検証待ち,
promane,C057,入力・外部接続,ファイル形式を拡張子だけで判断しない,現在版での項目別通し検証待ち,
promane,C058,入力・外部接続,ストレージの所有権・署名URL期限が守られる,現在版での項目別通し検証待ち,
promane,C059,入力・外部接続,外部APIのタイムアウト・再試行が有界である,現在版での項目別通し検証待ち,
promane,C060,入力・外部接続,通知先・本文に利用者入力を安全に扱う,現在版での項目別通し検証待ち,
promane,C061,生成・ジョブ,連打・再送に冪等性がある,現在版での項目別通し検証待ち,
promane,C062,生成・ジョブ,ジョブの所有者と結果取得権限を検査する,現在版での項目別通し検証待ち,
promane,C063,生成・ジョブ,ストリーム途中失敗を成功として表示しない,現在版での項目別通し検証待ち,
promane,C064,生成・ジョブ,生成結果と履歴・使用量の保存が整合する,現在版での項目別通し検証待ち,
promane,C065,生成・ジョブ,プロセス終了時に永久処理中にならない,現在版での項目別通し検証待ち,
promane,C066,生成・ジョブ,再生成と編集にも上限を適用する,現在版での項目別通し検証待ち,
promane,C067,生成・ジョブ,公開音声ルームの同意・期限・人数を守る,現在版での項目別通し検証待ち,
promane,C068,生成・ジョブ,エクスポートで他人の成果物を含めない,現在版での項目別通し検証待ち,
promane,C069,UI・アクセシビリティ,モーダルのフォーカス・Escape・復帰が機能する,現在版での項目別通し検証待ち,
promane,C070,UI・アクセシビリティ,入力をエラー時に失わない,現在版での項目別通し検証待ち,
promane,C071,UI・アクセシビリティ,上限案内が二重表示されない,現在版での項目別通し検証待ち,
promane,C072,UI・アクセシビリティ,有料会員に同じプランへの重複契約を促さない,現在版での項目別通し検証待ち,
promane,C073,UI・アクセシビリティ,APIエラーを消えるトーストだけに依存しない,現在版での項目別通し検証待ち,
promane,C074,UI・アクセシビリティ,色だけに依存せずラベルと操作名を持つ,現在版での項目別通し検証待ち,
promane,C075,運用・リリース,本番ソースと監査対象のハッシュが一致する,現在版での項目別通し検証待ち,
promane,C076,運用・リリース,別作業の未公開修正を検証済みと混同しない,現在版での項目別通し検証待ち,
promane,C077,運用・リリース,型チェック・ビルド・回帰試験が必須化される,現在版での項目別通し検証待ち,
promane,C078,運用・リリース,デプロイでDB変更を無条件実行しない,現在版での項目別通し検証待ち,
promane,C079,運用・リリース,個人情報・認証情報をログに出さない,現在版での項目別通し検証待ち,
promane,C080,運用・リリース,監視の対象期間と未観測範囲を明示する,現在版での項目別通し検証待ち,
promane,C081,運用・リリース,バックアップからの復元を実証できる,現在版での項目別通し検証待ち,
promane,C082,運用・リリース,障害時に旧版へ戻す手順が用意される,現在版での項目別通し検証待ち,
promane,U01,user-experience,トップの説明、LP、料金、ヘルプ、設定、APIの数値・単位が一致する。,現在版での項目別通し検証待ち,
promane,U02,user-experience,「無料」「使い放題」「無制限」の対象と例外が申込前に分かる。,現在版での項目別通し検証待ち,
promane,U03,user-experience,1回/1枚/1コンセプト/1分/1席/1件の意味と、再生成・修正の消費を説明する。,現在版での項目別通し検証待ち,
promane,U04,user-experience,日次・月次・累計・同時保存件数・直近7日間を区別し、次回復旧日時が分かる。,現在版での項目別通し検証待ち,
promane,U05,user-experience,公開LP/料金/主要CTAがPC・スマートフォンで表示でき、終了サービスへ迷い込まない。,一部検証済み：公開LP・料金390px計測とログイン前導線／認証後・実機未検証,public-mobile-navigation.json; public-mobile-pricing.json; README.md
promane,U06,user-experience,ログイン必須か、無料体験の開始条件は何かが入力前に分かる。,現在版での項目別通し検証待ち,
promane,U07,user-experience,入力途中にログイン・料金確認へ移動しても内容が消えない。,現在版での項目別通し検証待ち,
promane,U08,user-experience,組織作成・メンバー招待・既存組織参加の順序と役割が分かる。,現在版での項目別通し検証待ち,
promane,U09,user-experience,URL・ファイル形式/容量・数値・必須項目を実処理前に検証し、入力を別の意味へ黙って変えない。,現在版での項目別通し検証待ち,
promane,U10,user-experience,マイク・録音・タブ共有・対応ブラウザ・スマホ対応の条件を開始前に説明する。,現在版での項目別通し検証待ち,
promane,U11,user-experience,開始・進行中・完了・失敗・中止の状態を区別し、いつ待ちをやめてよいか分かる。,現在版での項目別通し検証待ち,
promane,U12,user-experience,通信失敗を「0件」「保存済み」「ダウンロード済み」と表示しない。,現在版での項目別通し検証待ち,
promane,U13,user-experience,二重クリック・再読込・戻る・別タブで、二重作成や二重消費を起こさない。,現在版での項目別通し検証待ち,
promane,U14,user-experience,生成途中の失敗・一部成功でも成果物を救出でき、再試行対象と追加消費が分かる。,現在版での項目別通し検証待ち,
promane,U15,user-experience,確定済み書類・終了した評価・締めた勤怠は通常操作で意図せず書き換わらない。,現在版での項目別通し検証待ち,
promane,U16,user-experience,残量をサーバー実績に合わせ、端末変更や再ログインで一致する。,現在版での項目別通し検証待ち,
promane,U17,user-experience,残量を超える注文を入力時点で説明し、一部生成になる場合は先に分かる。,現在版での項目別通し検証待ち,
promane,U18,user-experience,上限到達後、入力を保ったまま利用条件・正しい契約者・相談先へ進める。,現在版での項目別通し検証待ち,
promane,U19,user-experience,すでに有料の利用者、招待された従業員、面接の応募者に無関係な新規課金を勧めない。,現在版での項目別通し検証待ち,
promane,U20,user-experience,月替わり・解約・再契約・失敗返却・削除で使用量が矛盾せず、復旧理由も説明できる。,現在版での項目別通し検証待ち,
promane,U21,user-experience,保存期間、起算日、無料化後の扱い、削除前通知が表示と処理で一致する。,現在版での項目別通し検証待ち,
promane,U22,user-experience,端末限定保存とアカウント保存を区別し、別端末で失われる場合は事前に分かる。,現在版での項目別通し検証待ち,
promane,U23,user-experience,大量データの201件目等へ到達でき、検索・ページ送り・出力で欠落しない。,現在版での項目別通し検証待ち,
promane,U24,user-experience,CSV/PDF/PPTX/ZIPの内容・件数・金額・文字化けを確認し、取得失敗から再試行できる。,現在版での項目別通し検証待ち,
promane,U25,user-experience,履歴削除、素材削除、プロジェクト削除、アーカイブで消える関連データを事前に説明する。,現在版での項目別通し検証待ち,
promane,U26,user-experience,個人用/組織用/公開の境界と、URLを知るだけで見られる範囲が分かる。,現在版での項目別通し検証待ち,
promane,U27,user-experience,「閲覧のみ」のゲストは編集できず、一般社員は他人の人事情報を勝手に見られない。,現在版での項目別通し検証待ち,
promane,U28,user-experience,別組織のURLで別の作業場所へ黙って移動せず、現在の組織が常に分かる。,現在版での項目別通し検証待ち,
promane,U29,user-experience,ログアウト・アカウント切替・共有PCで前利用者のキャッシュが表示されない。,現在版での項目別通し検証待ち,
promane,U30,user-experience,招待取消・権限変更・録音同意撤回・共有URL失効が利用者の期待どおり反映される。,現在版での項目別通し検証待ち,
promane,U31,user-experience,初回限定30日体験と通常無料枠を区別し、終了後の料金・更新条件が分かる。,現在版での項目別通し検証待ち,
promane,U32,user-experience,契約直後に全対象サービスへ反映し、未反映時は二重申込ではなく復旧へ誘導する。,現在版での項目別通し検証待ち,
promane,U33,user-experience,個人の課金・OWNERの課金・チーム席の意味を全サービスで説明し、払っても解決しない案内をしない。,現在版での項目別通し検証待ち,
promane,U34,user-experience,解約確認で全サービスへの影響、停止日、残るデータ、上限超過データの扱いが分かる。,現在版での項目別通し検証待ち,
promane,U35,user-experience,支払失敗・更新失敗・解約取消・再契約・Webhook遅延でも契約表示と利用権が一致する。,現在版での項目別通し検証待ち,
promane,U36,user-experience,解約と退会と履歴削除の違いが分かり、退会の手続き先に到達できる。,現在版での項目別通し検証待ち,
promane,U37,user-experience,退会時に自分だけでなく共同作業者のデータまで消えるか説明する。,現在版での項目別通し検証待ち,
promane,U38,user-experience,退会・保存期限前に必要なデータを持ち出せる。,現在版での項目別通し検証待ち,
promane,U39,user-experience,準備中・利用不可機能は操作前に分かり、スマホでも理由を読める。,現在版での項目別通し検証待ち,
promane,U40,user-experience,困った時の問い合わせ先と、伝えるべきエラー情報を分かりやすく表示する。,現在版での項目別通し検証待ち,
doyaslide,C001,公開・導線,定義と公開一覧と終了済み一覧が一致する,部分検証済み：正本の公開・稼働17件一致と終了14件除外、本番トップ・sitemap・llmsの17導線一致／終了API・認証後導線は別途検証,service-catalog-current.json; verify-service-catalog-current.cjs
doyaslide,C002,公開・導線,LP・料金・利用画面に到達できる,一部検証済み：公開LP・料金390px計測とログイン前導線／認証後・実機未検証,public-mobile-navigation.json; public-mobile-pricing.json; README.md
doyaslide,C003,公開・導線,主要CTAが正しいログイン後の戻り先へ遷移する,一部検証済み：公開LP・料金390px計測とログイン前導線／認証後・実機未検証,public-mobile-navigation.json; public-mobile-pricing.json; README.md
doyaslide,C004,公開・導線,終了APIが実生成・課金を受け付けない,部分検証済み：共通の終了14サービス配下＋既知の旧別名111ルート147処理で入口410を実フラグ評価／モジュール初期化・未発見別名・本番API通しは未検証,retired-route-entry-current.json; verify-retired-route-entry-current.cjs
doyaslide,C005,公開・導線,スマートフォンで横はみ出し・操作不能がない,一部検証済み：公開LP・料金390px計測とログイン前導線／認証後・実機未検証,public-mobile-navigation.json; public-mobile-pricing.json; README.md
doyaslide,C006,公開・導線,空状態・読込中・失敗状態が表示される,現在版での項目別通し検証待ち,
doyaslide,C007,認証,未ログインで私有データを取得・変更できない,現在版での項目別通し検証待ち,"PARTIAL ONLY: slide-cunning-layout-mounted-results.json (33 actual-wrapper synthetic cases) and verify-slide-cunning-usage-cache.cjs (6 actual GET synthetic cases), commit a748323a. Actor/ABA child remount, no-ID metadata read guard, guest/auth/error private no-store. Authenticated customer/API business flow and browser cache across every page remain unverified; this entire criterion is NOT passed."
doyaslide,C008,認証,期限切れセッションを拒否する,現在版での項目別通し検証待ち,
doyaslide,C009,認証,ログアウト後に他人のキャッシュを表示しない,現在版での項目別通し検証待ち,"PARTIAL ONLY: slide-cunning-layout-mounted-results.json (33 actual-wrapper synthetic cases) and verify-slide-cunning-usage-cache.cjs (6 actual GET synthetic cases), commit a748323a. Actor/ABA child remount, no-ID metadata read guard, guest/auth/error private no-store. Authenticated customer/API business flow and browser cache across every page remain unverified; this entire criterion is NOT passed."
doyaslide,C010,認証,ID欠落時のメール補完が一貫している,現在版での項目別通し検証待ち,
doyaslide,C011,認証,管理画面と一般画面の認証が分離される,現在版での項目別通し検証待ち,
doyaslide,C012,認証,招待トークンの期限・使い回し・失効が守られる,現在版での項目別通し検証待ち,
doyaslide,C013,権限・組織,他ユーザーのIDによる取得・更新・削除を拒否する,一部補強：条件付きフィルターの実Prisma/ローカルDB競合を再現。資料行ロックで10ケース合格／全体ゲート中・本番未反映。他API/本番DB完全制約/E2E未検証,doyaslide-logo-upload-guards-regression.json; doyaslide-logo-config-guards-regression.json; doyaslide-logo-truncated-fixed.json; README.md; doyaslide-logo-api-final-build.json; doyaslide-real-prisma-race-baseline.json; doyaslide-real-prisma-parent-lock-results.json
doyaslide,C014,権限・組織,明示した組織が不正なら別組織へ切り替えない,現在版での項目別通し検証待ち,
doyaslide,C015,権限・組織,退会済み・無効メンバーの権限を拒否する,現在版での項目別通し検証待ち,
doyaslide,C016,権限・組織,一般メンバー・管理者・オーナーの操作を分ける,現在版での項目別通し検証待ち,
doyaslide,C017,権限・組織,関連IDが同一組織に属することを検査する,現在版での項目別通し検証待ち,
doyaslide,C018,権限・組織,自己評価・上長評価・最終評価の列権限を分ける,現在版での項目別通し検証待ち,
doyaslide,C019,権限・組織,組織切替中の遅延応答を破棄する,現在版での項目別通し検証待ち／共通上限案内の画面・クエリ切替は87合成画面検証合格、他応答・実機・本番通し未検証,service-limit-navigation-current.json; service-limit-navigation-comparison-baseline.json（Nextナビゲーションはモック、明示イベントの遅延元は別途監査）
doyaslide,C020,権限・組織,共有URLから秘密情報や内部指示が漏れない,現在版での項目別通し検証待ち,
doyaslide,C021,課金,有料判定の正本と旧プラン正規化が統一される,現在版での項目別通し検証待ち,
doyaslide,C022,課金,決済セッションの所有者を検証する,現在版での項目別通し検証待ち,
doyaslide,C023,課金,解約済み・未払い・未完了から権限復活しない,現在版での項目別通し検証待ち,
doyaslide,C024,課金,有効契約がある場合の二重契約を防ぐ,現在版での項目別通し検証待ち,
doyaslide,C025,課金,全サービスへの権限同期が原子的である,現在版での項目別通し検証待ち,
doyaslide,C026,課金,Webhook署名・再送・順序逆転に対応する,現在版での項目別通し検証待ち,
doyaslide,C027,課金,Webhook不達時の再同期と監査が働く,現在版での項目別通し検証待ち,
doyaslide,C028,課金,解約・無料体験終了・再契約の状態遷移が正しい,現在版での項目別通し検証待ち,
doyaslide,C029,課金,決済失敗時に再申込不要と案内する,現在版での項目別通し検証待ち,
doyaslide,C030,課金,手動付与した有料権限が誤って失われない,現在版での項目別通し検証待ち,
doyaslide,C031,利用上限,料金ページの数値・単位・期間がAPIと一致する,現在版での項目別通し検証待ち,
doyaslide,C032,利用上限,表示残数とサーバー実使用数が一致する,現在版での項目別通し検証待ち,
doyaslide,C033,利用上限,上限0と上限直前と超過時を正しく扱う,現在版での項目別通し検証待ち,
doyaslide,C034,利用上限,同時リクエストでも上限を超えない,現在版での項目別通し検証待ち,
doyaslide,C035,利用上限,利用枠を予約してから従量課金APIを呼ぶ,現在版での項目別通し検証待ち,
doyaslide,C036,利用上限,生成失敗・中断時の予約を過不足なく戻す,現在版での項目別通し検証待ち,
doyaslide,C037,利用上限,月次・日次境界のタイムゾーンが統一される,現在版での項目別通し検証待ち,
doyaslide,C038,利用上限,履歴削除によって消費済み枠が復活しない,現在版での項目別通し検証待ち,
doyaslide,C039,利用上限,DB障害時に無制限の生成を許可しない,現在版での項目別通し検証待ち,
doyaslide,C040,利用上限,ゲストのCookie削除で有料原価が無制限にならない,現在版での項目別通し検証待ち,
doyaslide,C041,利用上限,チーム枠の契約者と操作ユーザーを取り違えない,現在版での項目別通し検証待ち,
doyaslide,C042,利用上限,全上限経路に適切な次の操作を提示する,現在版での項目別通し検証待ち,
doyaslide,C043,利用上限,無料体験対象外に無料を約束しない,現在版での項目別通し検証待ち,
doyaslide,C044,利用上限,混雑・サイズ超過・認証エラーを課金誘導しない,現在版での項目別通し検証待ち,
doyaslide,C045,データ・DB,モデルのテーブル・列・null制約が実DBと一致する,一部検証済み：本番DBの列存在・型・非配列の必須設定／配列NULL・業務整合性未検証,production-readonly-schema.json; production-readonly-constraints.json; README.md
doyaslide,C046,データ・DB,必要な外部キー・複合一意制約が存在する,一部検証済み：本番DBのFK列対応・一意制約／削除規則・通常インデックス未検証,production-readonly-schema.json; production-readonly-constraints.json; README.md
doyaslide,C047,データ・DB,孤立したユーザー・組織参照がない,現在版での項目別通し検証待ち,
doyaslide,C048,データ・DB,同一組織内の関連付け制約が守られる,現在版での項目別通し検証待ち,
doyaslide,C049,データ・DB,部署・タスク階層に循環を作れない,現在版での項目別通し検証待ち,
doyaslide,C050,データ・DB,採番の同時実行が衝突しない,現在版での項目別通し検証待ち,
doyaslide,C051,データ・DB,複数テーブル更新が途中失敗で片落ちしない,現在版での項目別通し検証待ち,
doyaslide,C052,データ・DB,削除・退会時の保持と匿名化の方針が定義される,現在版での項目別通し検証待ち,
doyaslide,C053,入力・外部接続,本文・配列・ファイル数・長さをサーバーで制限する,現在版での項目別通し検証待ち,
doyaslide,C054,入力・外部接続,URL取得で内部IP・リダイレクトSSRFを防ぐ,現在版での項目別通し検証待ち,
doyaslide,C055,入力・外部接続,HTML表示で保存型XSSを防ぐ,現在版での項目別通し検証待ち,
doyaslide,C056,入力・外部接続,金額・数量・日時の異常値を拒否する,現在版での項目別通し検証待ち,
doyaslide,C057,入力・外部接続,ファイル形式を拡張子だけで判断しない,一部修正・合成回帰/最終全体ゲート合格：ロゴAPI所有者/状態/版条件・全画像復号。本番反映待ち／実DB並行処理・本番E2Eと他API未検証,doyaslide-logo-upload-guards-regression.json; doyaslide-logo-config-guards-regression.json; doyaslide-logo-truncated-fixed.json; README.md; doyaslide-logo-api-final-build.json
doyaslide,C058,入力・外部接続,ストレージの所有権・署名URL期限が守られる,現在版での項目別通し検証待ち,
doyaslide,C059,入力・外部接続,外部APIのタイムアウト・再試行が有界である,現在版での項目別通し検証待ち,
doyaslide,C060,入力・外部接続,通知先・本文に利用者入力を安全に扱う,現在版での項目別通し検証待ち,
doyaslide,C061,生成・ジョブ,連打・再送に冪等性がある,現在版での項目別通し検証待ち,
doyaslide,C062,生成・ジョブ,ジョブの所有者と結果取得権限を検査する,現在版での項目別通し検証待ち,
doyaslide,C063,生成・ジョブ,ストリーム途中失敗を成功として表示しない,現在版での項目別通し検証待ち,
doyaslide,C064,生成・ジョブ,生成結果と履歴・使用量の保存が整合する,現在版での項目別通し検証待ち,
doyaslide,C065,生成・ジョブ,プロセス終了時に永久処理中にならない,不具合再現・未修正：生成前予約の後に停止すると、出力0件でも20/20使用のまま再開が403で拒否される／実際の本番停止・履歴の復旧は未検証,doyaslide-stale-reservation-baseline.json; probe-doyaslide-stale-reservation.cjs
doyaslide,C066,生成・ジョブ,再生成と編集にも上限を適用する,現在版での項目別通し検証待ち,
doyaslide,C067,生成・ジョブ,公開音声ルームの同意・期限・人数を守る,現在版での項目別通し検証待ち,
doyaslide,C068,生成・ジョブ,エクスポートで他人の成果物を含めない,現在版での項目別通し検証待ち,
doyaslide,C069,UI・アクセシビリティ,モーダルのフォーカス・Escape・復帰が機能する,現在版での項目別通し検証待ち,
doyaslide,C070,UI・アクセシビリティ,入力をエラー時に失わない,現在版での項目別通し検証待ち,
doyaslide,C071,UI・アクセシビリティ,上限案内が二重表示されない,現在版での項目別通し検証待ち,
doyaslide,C072,UI・アクセシビリティ,有料会員に同じプランへの重複契約を促さない,現在版での項目別通し検証待ち,
doyaslide,C073,UI・アクセシビリティ,APIエラーを消えるトーストだけに依存しない,現在版での項目別通し検証待ち,
doyaslide,C074,UI・アクセシビリティ,色だけに依存せずラベルと操作名を持つ,現在版での項目別通し検証待ち,
doyaslide,C075,運用・リリース,本番ソースと監査対象のハッシュが一致する,現在版での項目別通し検証待ち,
doyaslide,C076,運用・リリース,別作業の未公開修正を検証済みと混同しない,現在版での項目別通し検証待ち,
doyaslide,C077,運用・リリース,型チェック・ビルド・回帰試験が必須化される,現在版での項目別通し検証待ち,
doyaslide,C078,運用・リリース,デプロイでDB変更を無条件実行しない,現在版での項目別通し検証待ち,
doyaslide,C079,運用・リリース,個人情報・認証情報をログに出さない,現在版での項目別通し検証待ち,
doyaslide,C080,運用・リリース,監視の対象期間と未観測範囲を明示する,現在版での項目別通し検証待ち,
doyaslide,C081,運用・リリース,バックアップからの復元を実証できる,現在版での項目別通し検証待ち,
doyaslide,C082,運用・リリース,障害時に旧版へ戻す手順が用意される,現在版での項目別通し検証待ち,
doyaslide,U01,user-experience,トップの説明、LP、料金、ヘルプ、設定、APIの数値・単位が一致する。,現在版での項目別通し検証待ち,
doyaslide,U02,user-experience,「無料」「使い放題」「無制限」の対象と例外が申込前に分かる。,現在版での項目別通し検証待ち,
doyaslide,U03,user-experience,1回/1枚/1コンセプト/1分/1席/1件の意味と、再生成・修正の消費を説明する。,現在版での項目別通し検証待ち,
doyaslide,U04,user-experience,日次・月次・累計・同時保存件数・直近7日間を区別し、次回復旧日時が分かる。,現在版での項目別通し検証待ち,
doyaslide,U05,user-experience,公開LP/料金/主要CTAがPC・スマートフォンで表示でき、終了サービスへ迷い込まない。,一部検証済み：公開LP・料金390px計測とログイン前導線／認証後・実機未検証,public-mobile-navigation.json; public-mobile-pricing.json; README.md
doyaslide,U06,user-experience,ログイン必須か、無料体験の開始条件は何かが入力前に分かる。,現在版での項目別通し検証待ち,
doyaslide,U07,user-experience,入力途中にログイン・料金確認へ移動しても内容が消えない。,現在版での項目別通し検証待ち,
doyaslide,U08,user-experience,組織作成・メンバー招待・既存組織参加の順序と役割が分かる。,現在版での項目別通し検証待ち,
doyaslide,U09,user-experience,URL・ファイル形式/容量・数値・必須項目を実処理前に検証し、入力を別の意味へ黙って変えない。,一部修正・合成回帰/最終全体ゲート合格：ロゴAPI所有者/状態/版条件・全画像復号。本番反映待ち／実DB並行処理・本番E2Eと他API未検証,doyaslide-logo-upload-guards-regression.json; doyaslide-logo-config-guards-regression.json; doyaslide-logo-truncated-fixed.json; README.md; doyaslide-logo-api-final-build.json
doyaslide,U10,user-experience,マイク・録音・タブ共有・対応ブラウザ・スマホ対応の条件を開始前に説明する。,現在版での項目別通し検証待ち,
doyaslide,U11,user-experience,開始・進行中・完了・失敗・中止の状態を区別し、いつ待ちをやめてよいか分かる。,読込修正・回帰合格／全体ビルド合格・本番反映待ち：実機・本番E2E未検証,doyaslide-editor-recovery-regression.log
doyaslide,U12,user-experience,通信失敗を「0件」「保存済み」「ダウンロード済み」と表示しない。,新規作成・一覧削除を修正・回帰12群合格／全体ビルド合格・本番反映待ち。各操作の回帰合格は実機・本番E2Eの完了ではない,doyaslide-wizard-list-recovery-regression.json; doyaslide-editor-remaining-regression.json
doyaslide,U13,user-experience,二重クリック・再読込・戻る・別タブで、二重作成や二重消費を起こさない。,現在版での項目別通し検証待ち,
doyaslide,U14,user-experience,生成途中の失敗・一部成功でも成果物を救出でき、再試行対象と追加消費が分かる。,現在版での項目別通し検証待ち,
doyaslide,U15,user-experience,確定済み書類・終了した評価・締めた勤怠は通常操作で意図せず書き換わらない。,現在版での項目別通し検証待ち,
doyaslide,U16,user-experience,残量をサーバー実績に合わせ、端末変更や再ログインで一致する。,現在版での項目別通し検証待ち,
doyaslide,U17,user-experience,残量を超える注文を入力時点で説明し、一部生成になる場合は先に分かる。,現在版での項目別通し検証待ち,
doyaslide,U18,user-experience,上限到達後、入力を保ったまま利用条件・正しい契約者・相談先へ進める。,現在版での項目別通し検証待ち,
doyaslide,U19,user-experience,すでに有料の利用者、招待された従業員、面接の応募者に無関係な新規課金を勧めない。,現在版での項目別通し検証待ち,
doyaslide,U20,user-experience,月替わり・解約・再契約・失敗返却・削除で使用量が矛盾せず、復旧理由も説明できる。,現在版での項目別通し検証待ち,
doyaslide,U21,user-experience,保存期間、起算日、無料化後の扱い、削除前通知が表示と処理で一致する。,現在版での項目別通し検証待ち,
doyaslide,U22,user-experience,端末限定保存とアカウント保存を区別し、別端末で失われる場合は事前に分かる。,現在版での項目別通し検証待ち,
doyaslide,U23,user-experience,大量データの201件目等へ到達でき、検索・ページ送り・出力で欠落しない。,現在版での項目別通し検証待ち,
doyaslide,U24,user-experience,CSV/PDF/PPTX/ZIPの内容・件数・金額・文字化けを確認し、取得失敗から再試行できる。,現在版での項目別通し検証待ち,
doyaslide,U25,user-experience,履歴削除、素材削除、プロジェクト削除、アーカイブで消える関連データを事前に説明する。,現在版での項目別通し検証待ち,
doyaslide,U26,user-experience,個人用/組織用/公開の境界と、URLを知るだけで見られる範囲が分かる。,現在版での項目別通し検証待ち,
doyaslide,U27,user-experience,「閲覧のみ」のゲストは編集できず、一般社員は他人の人事情報を勝手に見られない。,現在版での項目別通し検証待ち,
doyaslide,U28,user-experience,別組織のURLで別の作業場所へ黙って移動せず、現在の組織が常に分かる。,現在版での項目別通し検証待ち,
doyaslide,U29,user-experience,ログアウト・アカウント切替・共有PCで前利用者のキャッシュが表示されない。,現在版での項目別通し検証待ち,
doyaslide,U30,user-experience,招待取消・権限変更・録音同意撤回・共有URL失効が利用者の期待どおり反映される。,現在版での項目別通し検証待ち,
doyaslide,U31,user-experience,初回限定30日体験と通常無料枠を区別し、終了後の料金・更新条件が分かる。,現在版での項目別通し検証待ち,
doyaslide,U32,user-experience,契約直後に全対象サービスへ反映し、未反映時は二重申込ではなく復旧へ誘導する。,現在版での項目別通し検証待ち,
doyaslide,U33,user-experience,個人の課金・OWNERの課金・チーム席の意味を全サービスで説明し、払っても解決しない案内をしない。,現在版での項目別通し検証待ち,
doyaslide,U34,user-experience,解約確認で全サービスへの影響、停止日、残るデータ、上限超過データの扱いが分かる。,現在版での項目別通し検証待ち,
doyaslide,U35,user-experience,支払失敗・更新失敗・解約取消・再契約・Webhook遅延でも契約表示と利用権が一致する。,現在版での項目別通し検証待ち,
doyaslide,U36,user-experience,解約と退会と履歴削除の違いが分かり、退会の手続き先に到達できる。,現在版での項目別通し検証待ち,
doyaslide,U37,user-experience,退会時に自分だけでなく共同作業者のデータまで消えるか説明する。,現在版での項目別通し検証待ち,
doyaslide,U38,user-experience,退会・保存期限前に必要なデータを持ち出せる。,現在版での項目別通し検証待ち,
doyaslide,U39,user-experience,準備中・利用不可機能は操作前に分かり、スマホでも理由を読める。,現在版での項目別通し検証待ち,
doyaslide,U40,user-experience,困った時の問い合わせ先と、伝えるべきエラー情報を分かりやすく表示する。,現在版での項目別通し検証待ち,
cunning,C001,公開・導線,定義と公開一覧と終了済み一覧が一致する,部分検証済み：正本の公開・稼働17件一致と終了14件除外、本番トップ・sitemap・llmsの17導線一致／終了API・認証後導線は別途検証,service-catalog-current.json; verify-service-catalog-current.cjs
cunning,C002,公開・導線,LP・料金・利用画面に到達できる,一部検証済み：公開LP・料金390px計測とログイン前導線／認証後・実機未検証,public-mobile-navigation.json; public-mobile-pricing.json; README.md
cunning,C003,公開・導線,主要CTAが正しいログイン後の戻り先へ遷移する,一部検証済み：公開LP・料金390px計測とログイン前導線／認証後・実機未検証,public-mobile-navigation.json; public-mobile-pricing.json; README.md
cunning,C004,公開・導線,終了APIが実生成・課金を受け付けない,部分検証済み：共通の終了14サービス配下＋既知の旧別名111ルート147処理で入口410を実フラグ評価／モジュール初期化・未発見別名・本番API通しは未検証,retired-route-entry-current.json; verify-retired-route-entry-current.cjs
cunning,C005,公開・導線,スマートフォンで横はみ出し・操作不能がない,一部検証済み：公開LP・料金390px計測とログイン前導線／認証後・実機未検証,public-mobile-navigation.json; public-mobile-pricing.json; README.md
cunning,C006,公開・導線,空状態・読込中・失敗状態が表示される,現在版での項目別通し検証待ち,
cunning,C007,認証,未ログインで私有データを取得・変更できない,現在版での項目別通し検証待ち,"PARTIAL ONLY: slide-cunning-layout-mounted-results.json (33 actual-wrapper synthetic cases) and verify-slide-cunning-usage-cache.cjs (6 actual GET synthetic cases), commit a748323a. Actor/ABA child remount, no-ID metadata read guard, guest/auth/error private no-store. Authenticated customer/API business flow and browser cache across every page remain unverified; this entire criterion is NOT passed."
cunning,C008,認証,期限切れセッションを拒否する,現在版での項目別通し検証待ち,
cunning,C009,認証,ログアウト後に他人のキャッシュを表示しない,現在版での項目別通し検証待ち,"PARTIAL ONLY: slide-cunning-layout-mounted-results.json (33 actual-wrapper synthetic cases) and verify-slide-cunning-usage-cache.cjs (6 actual GET synthetic cases), commit a748323a. Actor/ABA child remount, no-ID metadata read guard, guest/auth/error private no-store. Authenticated customer/API business flow and browser cache across every page remain unverified; this entire criterion is NOT passed."
cunning,C010,認証,ID欠落時のメール補完が一貫している,現在版での項目別通し検証待ち,
cunning,C011,認証,管理画面と一般画面の認証が分離される,現在版での項目別通し検証待ち,
cunning,C012,認証,招待トークンの期限・使い回し・失効が守られる,現在版での項目別通し検証待ち,
cunning,C013,権限・組織,他ユーザーのIDによる取得・更新・削除を拒否する,現在版での項目別通し検証待ち,
cunning,C014,権限・組織,明示した組織が不正なら別組織へ切り替えない,現在版での項目別通し検証待ち,
cunning,C015,権限・組織,退会済み・無効メンバーの権限を拒否する,現在版での項目別通し検証待ち,
cunning,C016,権限・組織,一般メンバー・管理者・オーナーの操作を分ける,現在版での項目別通し検証待ち,
cunning,C017,権限・組織,関連IDが同一組織に属することを検査する,現在版での項目別通し検証待ち,
cunning,C018,権限・組織,自己評価・上長評価・最終評価の列権限を分ける,現在版での項目別通し検証待ち,
cunning,C019,権限・組織,組織切替中の遅延応答を破棄する,現在版での項目別通し検証待ち／共通上限案内の画面・クエリ切替は87合成画面検証合格、他応答・実機・本番通し未検証,service-limit-navigation-current.json; service-limit-navigation-comparison-baseline.json（Nextナビゲーションはモック、明示イベントの遅延元は別途監査）
cunning,C020,権限・組織,共有URLから秘密情報や内部指示が漏れない,現在版での項目別通し検証待ち,
cunning,C021,課金,有料判定の正本と旧プラン正規化が統一される,現在版での項目別通し検証待ち,
cunning,C022,課金,決済セッションの所有者を検証する,現在版での項目別通し検証待ち,
cunning,C023,課金,解約済み・未払い・未完了から権限復活しない,現在版での項目別通し検証待ち,
cunning,C024,課金,有効契約がある場合の二重契約を防ぐ,現在版での項目別通し検証待ち,
cunning,C025,課金,全サービスへの権限同期が原子的である,現在版での項目別通し検証待ち,
cunning,C026,課金,Webhook署名・再送・順序逆転に対応する,現在版での項目別通し検証待ち,
cunning,C027,課金,Webhook不達時の再同期と監査が働く,現在版での項目別通し検証待ち,
cunning,C028,課金,解約・無料体験終了・再契約の状態遷移が正しい,現在版での項目別通し検証待ち,
cunning,C029,課金,決済失敗時に再申込不要と案内する,現在版での項目別通し検証待ち,
cunning,C030,課金,手動付与した有料権限が誤って失われない,現在版での項目別通し検証待ち,
cunning,C031,利用上限,料金ページの数値・単位・期間がAPIと一致する,現在版での項目別通し検証待ち,
cunning,C032,利用上限,表示残数とサーバー実使用数が一致する,現在版での項目別通し検証待ち,
cunning,C033,利用上限,上限0と上限直前と超過時を正しく扱う,現在版での項目別通し検証待ち,
cunning,C034,利用上限,同時リクエストでも上限を超えない,現在版での項目別通し検証待ち,
cunning,C035,利用上限,利用枠を予約してから従量課金APIを呼ぶ,現在版での項目別通し検証待ち,
cunning,C036,利用上限,生成失敗・中断時の予約を過不足なく戻す,現在版での項目別通し検証待ち,
cunning,C037,利用上限,月次・日次境界のタイムゾーンが統一される,現在版での項目別通し検証待ち,
cunning,C038,利用上限,履歴削除によって消費済み枠が復活しない,現在版での項目別通し検証待ち,
cunning,C039,利用上限,DB障害時に無制限の生成を許可しない,現在版での項目別通し検証待ち,
cunning,C040,利用上限,ゲストのCookie削除で有料原価が無制限にならない,現在版での項目別通し検証待ち,
cunning,C041,利用上限,チーム枠の契約者と操作ユーザーを取り違えない,現在版での項目別通し検証待ち,
cunning,C042,利用上限,全上限経路に適切な次の操作を提示する,現在版での項目別通し検証待ち,
cunning,C043,利用上限,無料体験対象外に無料を約束しない,現在版での項目別通し検証待ち,
cunning,C044,利用上限,混雑・サイズ超過・認証エラーを課金誘導しない,現在版での項目別通し検証待ち,
cunning,C045,データ・DB,モデルのテーブル・列・null制約が実DBと一致する,一部検証済み：本番DBの列存在・型・非配列の必須設定／配列NULL・業務整合性未検証,production-readonly-schema.json; production-readonly-constraints.json; README.md
cunning,C046,データ・DB,必要な外部キー・複合一意制約が存在する,一部検証済み：本番DBのFK列対応・一意制約／削除規則・通常インデックス未検証,production-readonly-schema.json; production-readonly-constraints.json; README.md
cunning,C047,データ・DB,孤立したユーザー・組織参照がない,現在版での項目別通し検証待ち,
cunning,C048,データ・DB,同一組織内の関連付け制約が守られる,現在版での項目別通し検証待ち,
cunning,C049,データ・DB,部署・タスク階層に循環を作れない,現在版での項目別通し検証待ち,
cunning,C050,データ・DB,採番の同時実行が衝突しない,現在版での項目別通し検証待ち,
cunning,C051,データ・DB,複数テーブル更新が途中失敗で片落ちしない,現在版での項目別通し検証待ち,
cunning,C052,データ・DB,削除・退会時の保持と匿名化の方針が定義される,現在版での項目別通し検証待ち,
cunning,C053,入力・外部接続,本文・配列・ファイル数・長さをサーバーで制限する,現在版での項目別通し検証待ち,
cunning,C054,入力・外部接続,URL取得で内部IP・リダイレクトSSRFを防ぐ,現在版での項目別通し検証待ち,
cunning,C055,入力・外部接続,HTML表示で保存型XSSを防ぐ,現在版での項目別通し検証待ち,
cunning,C056,入力・外部接続,金額・数量・日時の異常値を拒否する,現在版での項目別通し検証待ち,
cunning,C057,入力・外部接続,ファイル形式を拡張子だけで判断しない,現在版での項目別通し検証待ち,
cunning,C058,入力・外部接続,ストレージの所有権・署名URL期限が守られる,現在版での項目別通し検証待ち,
cunning,C059,入力・外部接続,外部APIのタイムアウト・再試行が有界である,現在版での項目別通し検証待ち,"PARTIAL ONLY: cunning-lists-mounted-results.json (21 actual Tool/reader synthetic cases) and cunning-lists-repair.json. Bounded list fetch/body, selected profiles/note retained on retry, missing knowledge explicitly represented, persistent local error/retry, auth/ABA/unmount cancellation. Separate company/history/knowledge/live pages and real authenticated/provider flows remain unverified; this entire criterion is NOT passed. Additional PARTIAL: cunning-company-mounted-results.json (27 actual full Company page synthetic cases): failed refresh and uncertain writes retain drafts, bounded read/body/write, acknowledgment compares saved fields, auth cancellation. Authenticated browser/provider/DB and remaining pages are still unverified."
cunning,C060,入力・外部接続,通知先・本文に利用者入力を安全に扱う,現在版での項目別通し検証待ち,
cunning,C061,生成・ジョブ,連打・再送に冪等性がある,現在版での項目別通し検証待ち,
cunning,C062,生成・ジョブ,ジョブの所有者と結果取得権限を検査する,現在版での項目別通し検証待ち,
cunning,C063,生成・ジョブ,ストリーム途中失敗を成功として表示しない,現在版での項目別通し検証待ち,
cunning,C064,生成・ジョブ,生成結果と履歴・使用量の保存が整合する,現在版での項目別通し検証待ち,
cunning,C065,生成・ジョブ,プロセス終了時に永久処理中にならない,現在版での項目別通し検証待ち,
cunning,C066,生成・ジョブ,再生成と編集にも上限を適用する,現在版での項目別通し検証待ち,
cunning,C067,生成・ジョブ,公開音声ルームの同意・期限・人数を守る,現在版での項目別通し検証待ち,
cunning,C068,生成・ジョブ,エクスポートで他人の成果物を含めない,現在版での項目別通し検証待ち,
cunning,C069,UI・アクセシビリティ,モーダルのフォーカス・Escape・復帰が機能する,現在版での項目別通し検証待ち,
cunning,C070,UI・アクセシビリティ,入力をエラー時に失わない,現在版での項目別通し検証待ち,"PARTIAL ONLY: cunning-lists-mounted-results.json (21 actual Tool/reader synthetic cases) and cunning-lists-repair.json. Bounded list fetch/body, selected profiles/note retained on retry, missing knowledge explicitly represented, persistent local error/retry, auth/ABA/unmount cancellation. Separate company/history/knowledge/live pages and real authenticated/provider flows remain unverified; this entire criterion is NOT passed. Additional PARTIAL: cunning-company-mounted-results.json (27 actual full Company page synthetic cases): failed refresh and uncertain writes retain drafts, bounded read/body/write, acknowledgment compares saved fields, auth cancellation. Authenticated browser/provider/DB and remaining pages are still unverified."
cunning,C071,UI・アクセシビリティ,上限案内が二重表示されない,現在版での項目別通し検証待ち,
cunning,C072,UI・アクセシビリティ,有料会員に同じプランへの重複契約を促さない,現在版での項目別通し検証待ち,
cunning,C073,UI・アクセシビリティ,APIエラーを消えるトーストだけに依存しない,現在版での項目別通し検証待ち,"PARTIAL ONLY: cunning-lists-mounted-results.json (21 actual Tool/reader synthetic cases) and cunning-lists-repair.json. Bounded list fetch/body, selected profiles/note retained on retry, missing knowledge explicitly represented, persistent local error/retry, auth/ABA/unmount cancellation. Separate company/history/knowledge/live pages and real authenticated/provider flows remain unverified; this entire criterion is NOT passed. Additional PARTIAL: cunning-company-mounted-results.json (27 actual full Company page synthetic cases): failed refresh and uncertain writes retain drafts, bounded read/body/write, acknowledgment compares saved fields, auth cancellation. Authenticated browser/provider/DB and remaining pages are still unverified."
cunning,C074,UI・アクセシビリティ,色だけに依存せずラベルと操作名を持つ,現在版での項目別通し検証待ち,
cunning,C075,運用・リリース,本番ソースと監査対象のハッシュが一致する,現在版での項目別通し検証待ち,
cunning,C076,運用・リリース,別作業の未公開修正を検証済みと混同しない,現在版での項目別通し検証待ち,
cunning,C077,運用・リリース,型チェック・ビルド・回帰試験が必須化される,現在版での項目別通し検証待ち,
cunning,C078,運用・リリース,デプロイでDB変更を無条件実行しない,現在版での項目別通し検証待ち,
cunning,C079,運用・リリース,個人情報・認証情報をログに出さない,現在版での項目別通し検証待ち,
cunning,C080,運用・リリース,監視の対象期間と未観測範囲を明示する,現在版での項目別通し検証待ち,
cunning,C081,運用・リリース,バックアップからの復元を実証できる,現在版での項目別通し検証待ち,
cunning,C082,運用・リリース,障害時に旧版へ戻す手順が用意される,現在版での項目別通し検証待ち,
cunning,U01,user-experience,トップの説明、LP、料金、ヘルプ、設定、APIの数値・単位が一致する。,現在版での項目別通し検証待ち,
cunning,U02,user-experience,「無料」「使い放題」「無制限」の対象と例外が申込前に分かる。,現在版での項目別通し検証待ち,
cunning,U03,user-experience,1回/1枚/1コンセプト/1分/1席/1件の意味と、再生成・修正の消費を説明する。,現在版での項目別通し検証待ち,
cunning,U04,user-experience,日次・月次・累計・同時保存件数・直近7日間を区別し、次回復旧日時が分かる。,現在版での項目別通し検証待ち,
cunning,U05,user-experience,公開LP/料金/主要CTAがPC・スマートフォンで表示でき、終了サービスへ迷い込まない。,一部検証済み：公開LP・料金390px計測とログイン前導線／認証後・実機未検証,public-mobile-navigation.json; public-mobile-pricing.json; README.md
cunning,U06,user-experience,ログイン必須か、無料体験の開始条件は何かが入力前に分かる。,現在版での項目別通し検証待ち,
cunning,U07,user-experience,入力途中にログイン・料金確認へ移動しても内容が消えない。,現在版での項目別通し検証待ち,
cunning,U08,user-experience,組織作成・メンバー招待・既存組織参加の順序と役割が分かる。,現在版での項目別通し検証待ち,
cunning,U09,user-experience,URL・ファイル形式/容量・数値・必須項目を実処理前に検証し、入力を別の意味へ黙って変えない。,現在版での項目別通し検証待ち,
cunning,U10,user-experience,マイク・録音・タブ共有・対応ブラウザ・スマホ対応の条件を開始前に説明する。,現在版での項目別通し検証待ち,
cunning,U11,user-experience,開始・進行中・完了・失敗・中止の状態を区別し、いつ待ちをやめてよいか分かる。,現在版での項目別通し検証待ち,
cunning,U12,user-experience,通信失敗を「0件」「保存済み」「ダウンロード済み」と表示しない。,現在版での項目別通し検証待ち,
cunning,U13,user-experience,二重クリック・再読込・戻る・別タブで、二重作成や二重消費を起こさない。,現在版での項目別通し検証待ち,
cunning,U14,user-experience,生成途中の失敗・一部成功でも成果物を救出でき、再試行対象と追加消費が分かる。,現在版での項目別通し検証待ち,
cunning,U15,user-experience,確定済み書類・終了した評価・締めた勤怠は通常操作で意図せず書き換わらない。,現在版での項目別通し検証待ち,
cunning,U16,user-experience,残量をサーバー実績に合わせ、端末変更や再ログインで一致する。,現在版での項目別通し検証待ち,
cunning,U17,user-experience,残量を超える注文を入力時点で説明し、一部生成になる場合は先に分かる。,現在版での項目別通し検証待ち,
cunning,U18,user-experience,上限到達後、入力を保ったまま利用条件・正しい契約者・相談先へ進める。,現在版での項目別通し検証待ち,
cunning,U19,user-experience,すでに有料の利用者、招待された従業員、面接の応募者に無関係な新規課金を勧めない。,現在版での項目別通し検証待ち,
cunning,U20,user-experience,月替わり・解約・再契約・失敗返却・削除で使用量が矛盾せず、復旧理由も説明できる。,現在版での項目別通し検証待ち,
cunning,U21,user-experience,保存期間、起算日、無料化後の扱い、削除前通知が表示と処理で一致する。,現在版での項目別通し検証待ち,
cunning,U22,user-experience,端末限定保存とアカウント保存を区別し、別端末で失われる場合は事前に分かる。,現在版での項目別通し検証待ち,
cunning,U23,user-experience,大量データの201件目等へ到達でき、検索・ページ送り・出力で欠落しない。,現在版での項目別通し検証待ち,
cunning,U24,user-experience,CSV/PDF/PPTX/ZIPの内容・件数・金額・文字化けを確認し、取得失敗から再試行できる。,現在版での項目別通し検証待ち,
cunning,U25,user-experience,履歴削除、素材削除、プロジェクト削除、アーカイブで消える関連データを事前に説明する。,現在版での項目別通し検証待ち,
cunning,U26,user-experience,個人用/組織用/公開の境界と、URLを知るだけで見られる範囲が分かる。,現在版での項目別通し検証待ち,
cunning,U27,user-experience,「閲覧のみ」のゲストは編集できず、一般社員は他人の人事情報を勝手に見られない。,現在版での項目別通し検証待ち,
cunning,U28,user-experience,別組織のURLで別の作業場所へ黙って移動せず、現在の組織が常に分かる。,現在版での項目別通し検証待ち,
cunning,U29,user-experience,ログアウト・アカウント切替・共有PCで前利用者のキャッシュが表示されない。,現在版での項目別通し検証待ち,
cunning,U30,user-experience,招待取消・権限変更・録音同意撤回・共有URL失効が利用者の期待どおり反映される。,現在版での項目別通し検証待ち,
cunning,U31,user-experience,初回限定30日体験と通常無料枠を区別し、終了後の料金・更新条件が分かる。,現在版での項目別通し検証待ち,
cunning,U32,user-experience,契約直後に全対象サービスへ反映し、未反映時は二重申込ではなく復旧へ誘導する。,現在版での項目別通し検証待ち,
cunning,U33,user-experience,個人の課金・OWNERの課金・チーム席の意味を全サービスで説明し、払っても解決しない案内をしない。,現在版での項目別通し検証待ち,
cunning,U34,user-experience,解約確認で全サービスへの影響、停止日、残るデータ、上限超過データの扱いが分かる。,現在版での項目別通し検証待ち,
cunning,U35,user-experience,支払失敗・更新失敗・解約取消・再契約・Webhook遅延でも契約表示と利用権が一致する。,現在版での項目別通し検証待ち,
cunning,U36,user-experience,解約と退会と履歴削除の違いが分かり、退会の手続き先に到達できる。,現在版での項目別通し検証待ち,
cunning,U37,user-experience,退会時に自分だけでなく共同作業者のデータまで消えるか説明する。,現在版での項目別通し検証待ち,
cunning,U38,user-experience,退会・保存期限前に必要なデータを持ち出せる。,現在版での項目別通し検証待ち,
cunning,U39,user-experience,準備中・利用不可機能は操作前に分かり、スマホでも理由を読める。,現在版での項目別通し検証待ち,
cunning,U40,user-experience,困った時の問い合わせ先と、伝えるべきエラー情報を分かりやすく表示する。,現在版での項目別通し検証待ち,
sfa,C001,公開・導線,定義と公開一覧と終了済み一覧が一致する,部分検証済み：正本の公開・稼働17件一致と終了14件除外、本番トップ・sitemap・llmsの17導線一致／終了API・認証後導線は別途検証,service-catalog-current.json; verify-service-catalog-current.cjs
sfa,C002,公開・導線,LP・料金・利用画面に到達できる,一部検証済み：公開LP・料金390px計測とログイン前導線／認証後・実機未検証,public-mobile-navigation.json; public-mobile-pricing.json; README.md
sfa,C003,公開・導線,主要CTAが正しいログイン後の戻り先へ遷移する,一部検証済み：公開LP・料金390px計測とログイン前導線／認証後・実機未検証,public-mobile-navigation.json; public-mobile-pricing.json; README.md
sfa,C004,公開・導線,終了APIが実生成・課金を受け付けない,部分検証済み：共通の終了14サービス配下＋既知の旧別名111ルート147処理で入口410を実フラグ評価／モジュール初期化・未発見別名・本番API通しは未検証,retired-route-entry-current.json; verify-retired-route-entry-current.cjs
sfa,C005,公開・導線,スマートフォンで横はみ出し・操作不能がない,一部検証済み：公開LP・料金390px計測とログイン前導線／認証後・実機未検証,public-mobile-navigation.json; public-mobile-pricing.json; README.md
sfa,C006,公開・導線,空状態・読込中・失敗状態が表示される,現在版での項目別通し検証待ち,
sfa,C007,認証,未ログインで私有データを取得・変更できない,現在版での項目別通し検証待ち,
sfa,C008,認証,期限切れセッションを拒否する,現在版での項目別通し検証待ち,
sfa,C009,認証,ログアウト後に他人のキャッシュを表示しない,現在版での項目別通し検証待ち,
sfa,C010,認証,ID欠落時のメール補完が一貫している,現在版での項目別通し検証待ち,
sfa,C011,認証,管理画面と一般画面の認証が分離される,現在版での項目別通し検証待ち,
sfa,C012,認証,招待トークンの期限・使い回し・失効が守られる,部分検証済み・本番通し検証待ち,workspace-invite-recovery-regression.log / browser.json: 実画面の再確認/失効/SDK復旧を合成APIで検証。invite-deadline-regression.log: 実API/helperによる期限ちょうど/DB待ち中の失効とロールバックを合成時計/DBで検証。実DB競合・本番承諾・最後の期限確認からcommit間の保証は未確認。 invite-issuance-boundary-regression.log / sfa-invite-atomic-regression.log: 期限ちょうどの再送を合成時計で検証。SFAは既所属cleanupと最新の招待確認をTxへ一体化、失敗/失効/競合でrollback。実DB同時実行・本番承諾は未確認。
sfa,C013,権限・組織,他ユーザーのIDによる取得・更新・削除を拒否する,現在版での項目別通し検証待ち,
sfa,C014,権限・組織,明示した組織が不正なら別組織へ切り替えない,現在版での項目別通し検証待ち,
sfa,C015,権限・組織,退会済み・無効メンバーの権限を拒否する,部分検証：取引先/担当者API27・画面51・隔離PG19・全体ゲート・CI・本番READY・匿名17入口/49資産通過。CSV権限失効の追加補修は合成回帰・全体ゲート・隔離PG3完了証跡確認済み、未反映。認証後実機・他経路・編集ロール方針は未検証/判断待ち,タスク作成/更新/削除・活動作成のACTIVE権限を保存TXで再確認しロックを保持。実DB権限剥奪競合・同時20更新/12活動の検証成功。sfa-mutation-authority-results.json; sfa-authority-postgres-results.json; sfa-lead-crud-results.json; sfa-lead-crud-client-results.json; sfa-lead-crud-postgres-results.json; sfa-lead-crud-repair.json; sfa-score-lifecycle-baseline.json; sfa-lead-conversion-public.json; sfa-lead-crud-public.json; sfa-score-operation-results.json; sfa-score-client-results.json; sfa-score-postgres-results.json; sfa-score-quota-guidance-results.json; sfa-score-lifecycle-repair.json; sfa-score-public.json; sfa-next-action-operation-results.json; sfa-next-action-client-results.json; sfa-next-action-postgres-results.json; sfa-next-action-public.json; sfa-next-action-repair-plan.json; sfa-crm-record-helper-results.json; sfa-account-contact-repair-plan.json; sfa-crm-client-results.json; sfa-crm-postgres-results.json; sfa-crm-postgres-supervisor.json
sfa,C016,権限・組織,一般メンバー・管理者・オーナーの操作を分ける,現在版での項目別通し検証待ち,
sfa,C017,権限・組織,関連IDが同一組織に属することを検査する,現在版での項目別通し検証待ち,
sfa,C018,権限・組織,自己評価・上長評価・最終評価の列権限を分ける,現在版での項目別通し検証待ち,
sfa,C019,権限・組織,組織切替中の遅延応答を破棄する,部分補修・タスク/活動本番配信確認／商談API19合成・画面13合成・PG11合格、全体ゲート合格・商談本番反映待ち／実機・他経路未検証／リード転換API15・実コンポーネント18・隔離PostgreSQL12通過、全体ゲート通過・本番反映待ち。通常リードCRUD等は未修正。,service-limit-navigation-current.json; service-limit-navigation-comparison-baseline.json（Nextナビゲーションはモック、明示イベントの遅延元は別途監査）; sfa-client-mounted-results.json; sfa-cancellation-results.json; sfa-client-postgres-results.json; sfa-tasks-lifecycle-repair.json; sfa-client-public-c9aee675.json; sfa-deal-lifecycle-repair.json; sfa-lead-conversion-repair.json; sfa-lead-conversion-results.json; sfa-lead-conversion-client-results.json; sfa-lead-conversion-postgres-results.json; sfa-lead-crud-lifecycle-baseline.json
sfa,C020,権限・組織,共有URLから秘密情報や内部指示が漏れない,現在版での項目別通し検証待ち,
sfa,C021,課金,有料判定の正本と旧プラン正規化が統一される,現在版での項目別通し検証待ち,
sfa,C022,課金,決済セッションの所有者を検証する,現在版での項目別通し検証待ち,
sfa,C023,課金,解約済み・未払い・未完了から権限復活しない,現在版での項目別通し検証待ち,
sfa,C024,課金,有効契約がある場合の二重契約を防ぐ,現在版での項目別通し検証待ち,
sfa,C025,課金,全サービスへの権限同期が原子的である,現在版での項目別通し検証待ち,
sfa,C026,課金,Webhook署名・再送・順序逆転に対応する,現在版での項目別通し検証待ち,
sfa,C027,課金,Webhook不達時の再同期と監査が働く,現在版での項目別通し検証待ち,
sfa,C028,課金,解約・無料体験終了・再契約の状態遷移が正しい,現在版での項目別通し検証待ち,
sfa,C029,課金,決済失敗時に再申込不要と案内する,現在版での項目別通し検証待ち,
sfa,C030,課金,手動付与した有料権限が誤って失われない,現在版での項目別通し検証待ち,
sfa,C031,利用上限,料金ページの数値・単位・期間がAPIと一致する,現在版での項目別通し検証待ち,
sfa,C032,利用上限,表示残数とサーバー実使用数が一致する,現在版での項目別通し検証待ち,
sfa,C033,利用上限,上限0と上限直前と超過時を正しく扱う,現在版での項目別通し検証待ち,
sfa,C034,利用上限,同時リクエストでも上限を超えない,現在版での項目別通し検証待ち,
sfa,C035,利用上限,利用枠を予約してから従量課金APIを呼ぶ,現在版での項目別通し検証待ち,
sfa,C036,利用上限,生成失敗・中断時の予約を過不足なく戻す,部分検証：取引先/担当者API27・画面51・隔離PG19・全体ゲート・CI・本番READY・匿名17入口/49資産通過。CSV権限失効の追加補修は合成回帰・全体ゲート・隔離PG3完了証跡確認済み、未反映。認証後実機・他経路・編集ロール方針は未検証/判断待ち,sfa-lead-crud-public.json; sfa-lead-crud-repair.json; sfa-score-operation-results.json; sfa-score-client-results.json; sfa-score-postgres-results.json; sfa-score-quota-guidance-results.json; sfa-score-lifecycle-repair.json; sfa-score-public.json; sfa-next-action-operation-results.json; sfa-next-action-client-results.json; sfa-next-action-postgres-results.json; sfa-next-action-public.json; sfa-next-action-repair-plan.json; sfa-crm-record-helper-results.json; sfa-account-contact-repair-plan.json; sfa-crm-client-results.json; sfa-crm-postgres-results.json; sfa-crm-postgres-supervisor.json
sfa,C037,利用上限,月次・日次境界のタイムゾーンが統一される,現在版での項目別通し検証待ち,
sfa,C038,利用上限,履歴削除によって消費済み枠が復活しない,現在版での項目別通し検証待ち,
sfa,C039,利用上限,DB障害時に無制限の生成を許可しない,現在版での項目別通し検証待ち,
sfa,C040,利用上限,ゲストのCookie削除で有料原価が無制限にならない,現在版での項目別通し検証待ち,
sfa,C041,利用上限,チーム枠の契約者と操作ユーザーを取り違えない,現在版での項目別通し検証待ち,
sfa,C042,利用上限,全上限経路に適切な次の操作を提示する,現在版での項目別通し検証待ち,
sfa,C043,利用上限,無料体験対象外に無料を約束しない,現在版での項目別通し検証待ち,
sfa,C044,利用上限,混雑・サイズ超過・認証エラーを課金誘導しない,現在版での項目別通し検証待ち,
sfa,C045,データ・DB,モデルのテーブル・列・null制約が実DBと一致する,一部検証済み：本番DBの列存在・型・非配列の必須設定／配列NULL・業務整合性未検証,production-readonly-schema.json; production-readonly-constraints.json; README.md
sfa,C046,データ・DB,必要な外部キー・複合一意制約が存在する,一部検証済み：本番DBのFK列対応・一意制約／削除規則・通常インデックス未検証,production-readonly-schema.json; production-readonly-constraints.json; README.md
sfa,C047,データ・DB,孤立したユーザー・組織参照がない,現在版での項目別通し検証待ち,
sfa,C048,データ・DB,同一組織内の関連付け制約が守られる,現在版での項目別通し検証待ち,
sfa,C049,データ・DB,部署・タスク階層に循環を作れない,現在版での項目別通し検証待ち,
sfa,C050,データ・DB,採番の同時実行が衝突しない,現在版での項目別通し検証待ち,
sfa,C051,データ・DB,複数テーブル更新が途中失敗で片落ちしない,部分検証：取引先/担当者API27・画面51・隔離PG19・全体ゲート・CI・本番READY・匿名17入口/49資産通過。CSV権限失効の追加補修は合成回帰・全体ゲート・隔離PG3完了証跡確認済み、未反映。認証後実機・他経路・編集ロール方針は未検証/判断待ち,sfa-lead-crud-results.json; sfa-lead-crud-client-results.json; sfa-lead-crud-postgres-results.json; sfa-lead-crud-repair.json; sfa-score-lifecycle-baseline.json; sfa-lead-conversion-public.json; sfa-lead-crud-public.json; sfa-score-operation-results.json; sfa-score-client-results.json; sfa-score-postgres-results.json; sfa-score-quota-guidance-results.json; sfa-score-lifecycle-repair.json; sfa-score-public.json; sfa-next-action-operation-results.json; sfa-next-action-client-results.json; sfa-next-action-postgres-results.json; sfa-next-action-public.json; sfa-next-action-repair-plan.json; sfa-crm-record-helper-results.json; sfa-account-contact-repair-plan.json; sfa-crm-client-results.json; sfa-crm-postgres-results.json; sfa-crm-postgres-supervisor.json
sfa,C052,データ・DB,削除・退会時の保持と匿名化の方針が定義される,現在版での項目別通し検証待ち,
sfa,C053,入力・外部接続,本文・配列・ファイル数・長さをサーバーで制限する,現在版での項目別通し検証待ち,
sfa,C054,入力・外部接続,URL取得で内部IP・リダイレクトSSRFを防ぐ,現在版での項目別通し検証待ち,
sfa,C055,入力・外部接続,HTML表示で保存型XSSを防ぐ,現在版での項目別通し検証待ち,
sfa,C056,入力・外部接続,金額・数量・日時の異常値を拒否する,現在版での項目別通し検証待ち,
sfa,C057,入力・外部接続,ファイル形式を拡張子だけで判断しない,現在版での項目別通し検証待ち,
sfa,C058,入力・外部接続,ストレージの所有権・署名URL期限が守られる,現在版での項目別通し検証待ち,
sfa,C059,入力・外部接続,外部APIのタイムアウト・再試行が有界である,現在版での項目別通し検証待ち,
sfa,C060,入力・外部接続,通知先・本文に利用者入力を安全に扱う,現在版での項目別通し検証待ち,
sfa,C061,生成・ジョブ,連打・再送に冪等性がある,部分補修・タスク/活動本番配信確認／商談API19合成・画面13合成・PG11合格、全体ゲート合格・商談本番反映待ち／実機・他経路未検証／リード転換API15・実コンポーネント18・隔離PostgreSQL12通過、全体ゲート通過・本番反映待ち。通常リードCRUD等は未修正。,operationId付きタスク・活動作成の永続記録と復旧GET。各12同時再送で1件のみ、削除後の再送も復活なし。旧ベースラインでは画面がoperationId未対応。今回タスク/活動4画面を対応済み。商談作成・別タブ/端末の別操作は未解消・未検証。sfa-creation-receipt-results.json; sfa-receipt-postgres-results.json; sfa-manual-double-submit-baseline.json; sfa-client-mounted-results.json; sfa-cancellation-results.json; sfa-client-postgres-results.json; sfa-tasks-lifecycle-repair.json; sfa-client-public-c9aee675.json; sfa-deal-lifecycle-repair.json; sfa-lead-conversion-repair.json; sfa-lead-conversion-results.json; sfa-lead-conversion-client-results.json; sfa-lead-conversion-postgres-results.json; sfa-lead-crud-lifecycle-baseline.json
sfa,C062,生成・ジョブ,ジョブの所有者と結果取得権限を検査する,現在版での項目別通し検証待ち,
sfa,C063,生成・ジョブ,ストリーム途中失敗を成功として表示しない,現在版での項目別通し検証待ち,
sfa,C064,生成・ジョブ,生成結果と履歴・使用量の保存が整合する,部分検証：取引先/担当者API27・画面51・隔離PG19・全体ゲート・CI・本番READY・匿名17入口/49資産通過。CSV権限失効の追加補修は合成回帰・全体ゲート・隔離PG3完了証跡確認済み、未反映。認証後実機・他経路・編集ロール方針は未検証/判断待ち,sfa-lead-crud-public.json; sfa-lead-crud-repair.json; sfa-score-operation-results.json; sfa-score-client-results.json; sfa-score-postgres-results.json; sfa-score-quota-guidance-results.json; sfa-score-lifecycle-repair.json; sfa-score-public.json; sfa-next-action-operation-results.json; sfa-next-action-client-results.json; sfa-next-action-postgres-results.json; sfa-next-action-public.json; sfa-next-action-repair-plan.json; sfa-crm-record-helper-results.json; sfa-account-contact-repair-plan.json; sfa-crm-client-results.json; sfa-crm-postgres-results.json; sfa-crm-postgres-supervisor.json
sfa,C065,生成・ジョブ,プロセス終了時に永久処理中にならない,現在版での項目別通し検証待ち,
sfa,C066,生成・ジョブ,再生成と編集にも上限を適用する,現在版での項目別通し検証待ち,
sfa,C067,生成・ジョブ,公開音声ルームの同意・期限・人数を守る,現在版での項目別通し検証待ち,
sfa,C068,生成・ジョブ,エクスポートで他人の成果物を含めない,現在版での項目別通し検証待ち,
sfa,C069,UI・アクセシビリティ,モーダルのフォーカス・Escape・復帰が機能する,現在版での項目別通し検証待ち,
sfa,C070,UI・アクセシビリティ,入力をエラー時に失わない,部分検証：取引先/担当者API27・画面51・隔離PG19・全体ゲート・CI・本番READY・匿名17入口/49資産通過。CSV権限失効の追加補修は合成回帰・全体ゲート・隔離PG3完了証跡確認済み、未反映。認証後実機・他経路・編集ロール方針は未検証/判断待ち,過去ベースラインで草稿消失・AI候補消失を再現。今回4画面を補修し合成検証合格、実機/本番通し未検証。sfa-task-late-create-baseline.json; sfa-activity-late-create-baseline.json; sfa-bulk-failure-baseline.json; sfa-client-mounted-results.json; sfa-cancellation-results.json; sfa-client-postgres-results.json; sfa-tasks-lifecycle-repair.json; sfa-client-public-c9aee675.json; sfa-deal-lifecycle-repair.json; sfa-lead-conversion-repair.json; sfa-lead-conversion-results.json; sfa-lead-conversion-client-results.json; sfa-lead-conversion-postgres-results.json; sfa-lead-crud-lifecycle-baseline.json; sfa-lead-crud-results.json; sfa-lead-crud-client-results.json; sfa-lead-crud-postgres-results.json; sfa-lead-crud-repair.json; sfa-score-lifecycle-baseline.json; sfa-lead-conversion-public.json; sfa-lead-crud-public.json; sfa-score-operation-results.json; sfa-score-client-results.json; sfa-score-postgres-results.json; sfa-score-quota-guidance-results.json; sfa-score-lifecycle-repair.json; sfa-score-public.json; sfa-next-action-operation-results.json; sfa-next-action-client-results.json; sfa-next-action-postgres-results.json; sfa-next-action-public.json; sfa-next-action-repair-plan.json; sfa-crm-record-helper-results.json; sfa-account-contact-repair-plan.json; sfa-crm-client-results.json; sfa-crm-postgres-results.json; sfa-crm-postgres-supervisor.json
sfa,C071,UI・アクセシビリティ,上限案内が二重表示されない,現在版での項目別通し検証待ち,
sfa,C072,UI・アクセシビリティ,有料会員に同じプランへの重複契約を促さない,現在版での項目別通し検証待ち,
sfa,C073,UI・アクセシビリティ,APIエラーを消えるトーストだけに依存しない,現在版での項目別通し検証待ち,
sfa,C074,UI・アクセシビリティ,色だけに依存せずラベルと操作名を持つ,現在版での項目別通し検証待ち,
sfa,C075,運用・リリース,本番ソースと監査対象のハッシュが一致する,現在版での項目別通し検証待ち,
sfa,C076,運用・リリース,別作業の未公開修正を検証済みと混同しない,現在版での項目別通し検証待ち,
sfa,C077,運用・リリース,型チェック・ビルド・回帰試験が必須化される,現在版での項目別通し検証待ち,
sfa,C078,運用・リリース,デプロイでDB変更を無条件実行しない,現在版での項目別通し検証待ち,
sfa,C079,運用・リリース,個人情報・認証情報をログに出さない,現在版での項目別通し検証待ち,
sfa,C080,運用・リリース,監視の対象期間と未観測範囲を明示する,現在版での項目別通し検証待ち,
sfa,C081,運用・リリース,バックアップからの復元を実証できる,現在版での項目別通し検証待ち,
sfa,C082,運用・リリース,障害時に旧版へ戻す手順が用意される,現在版での項目別通し検証待ち,
sfa,U01,user-experience,トップの説明、LP、料金、ヘルプ、設定、APIの数値・単位が一致する。,現在版での項目別通し検証待ち,
sfa,U02,user-experience,「無料」「使い放題」「無制限」の対象と例外が申込前に分かる。,現在版での項目別通し検証待ち,
sfa,U03,user-experience,1回/1枚/1コンセプト/1分/1席/1件の意味と、再生成・修正の消費を説明する。,現在版での項目別通し検証待ち,
sfa,U04,user-experience,日次・月次・累計・同時保存件数・直近7日間を区別し、次回復旧日時が分かる。,現在版での項目別通し検証待ち,
sfa,U05,user-experience,公開LP/料金/主要CTAがPC・スマートフォンで表示でき、終了サービスへ迷い込まない。,一部検証済み：公開LP・料金390px計測とログイン前導線／認証後・実機未検証,public-mobile-navigation.json; public-mobile-pricing.json; README.md
sfa,U06,user-experience,ログイン必須か、無料体験の開始条件は何かが入力前に分かる。,現在版での項目別通し検証待ち,
sfa,U07,user-experience,入力途中にログイン・料金確認へ移動しても内容が消えない。,現在版での項目別通し検証待ち,
sfa,U08,user-experience,組織作成・メンバー招待・既存組織参加の順序と役割が分かる。,現在版での項目別通し検証待ち,
sfa,U09,user-experience,URL・ファイル形式/容量・数値・必須項目を実処理前に検証し、入力を別の意味へ黙って変えない。,部分検証：取引先/担当者API27・画面51・隔離PG19・全体ゲート・CI・本番READY・匿名17入口/49資産通過。CSV権限失効の追加補修は合成回帰・全体ゲート・隔離PG3完了証跡確認済み、未反映。認証後実機・他経路・編集ロール方針は未検証/判断待ち,タスク/活動/取引先/担当者/リードPOSTの文字上限と明示日時・種別を65合成ケースで部分補修。全体ゲート中。他登録/更新/AI/本番通しは未検証。sfa-input-preservation-results.json; sfa-collection-input-loss-baseline.json; sfa-lead-crud-results.json; sfa-lead-crud-client-results.json; sfa-lead-crud-postgres-results.json; sfa-lead-crud-repair.json; sfa-score-lifecycle-baseline.json; sfa-lead-conversion-public.json; sfa-lead-crud-public.json; sfa-score-operation-results.json; sfa-score-client-results.json; sfa-score-postgres-results.json; sfa-score-quota-guidance-results.json; sfa-score-lifecycle-repair.json; sfa-score-public.json; sfa-next-action-operation-results.json; sfa-next-action-client-results.json; sfa-next-action-postgres-results.json; sfa-next-action-public.json; sfa-next-action-repair-plan.json; sfa-crm-record-helper-results.json; sfa-account-contact-repair-plan.json; sfa-crm-client-results.json; sfa-crm-postgres-results.json; sfa-crm-postgres-supervisor.json
sfa,U10,user-experience,マイク・録音・タブ共有・対応ブラウザ・スマホ対応の条件を開始前に説明する。,現在版での項目別通し検証待ち,
sfa,U11,user-experience,開始・進行中・完了・失敗・中止の状態を区別し、いつ待ちをやめてよいか分かる。,現在版での項目別通し検証待ち,
sfa,U12,user-experience,通信失敗を「0件」「保存済み」「ダウンロード済み」と表示しない。,部分検証：取引先/担当者API27・画面51・隔離PG19・全体ゲート・CI・本番READY・匿名17入口/49資産通過。CSV権限失効の追加補修は合成回帰・全体ゲート・隔離PG3完了証跡確認済み、未反映。認証後実機・他経路・編集ロール方針は未検証/判断待ち,entry-submission-browser.json; scripts/security-regression/verify-entry-submission.cjs; additional-signin-failure-baseline.json; README.md; sfa-client-mounted-results.json; sfa-cancellation-results.json; sfa-client-postgres-results.json; sfa-tasks-lifecycle-repair.json; sfa-client-public-c9aee675.json; sfa-deal-lifecycle-repair.json; sfa-lead-conversion-repair.json; sfa-lead-conversion-results.json; sfa-lead-conversion-client-results.json; sfa-lead-conversion-postgres-results.json; sfa-lead-crud-lifecycle-baseline.json; sfa-lead-crud-results.json; sfa-lead-crud-client-results.json; sfa-lead-crud-postgres-results.json; sfa-lead-crud-repair.json; sfa-score-lifecycle-baseline.json; sfa-lead-conversion-public.json; sfa-lead-crud-public.json; sfa-score-operation-results.json; sfa-score-client-results.json; sfa-score-postgres-results.json; sfa-score-quota-guidance-results.json; sfa-score-lifecycle-repair.json; sfa-score-public.json; sfa-next-action-operation-results.json; sfa-next-action-client-results.json; sfa-next-action-postgres-results.json; sfa-next-action-public.json; sfa-next-action-repair-plan.json; sfa-crm-record-helper-results.json; sfa-account-contact-repair-plan.json; sfa-crm-client-results.json; sfa-crm-postgres-results.json; sfa-crm-postgres-supervisor.json
sfa,U13,user-experience,二重クリック・再読込・戻る・別タブで、二重作成や二重消費を起こさない。,部分補修・タスク/活動本番配信確認／商談API19合成・画面13合成・PG11合格、全体ゲート合格・商談本番反映待ち／実機・他経路未検証／リード転換API15・実コンポーネント18・隔離PostgreSQL12通過、全体ゲート通過・本番反映待ち。通常リードCRUD等は未修正。,operationId付きタスク・活動作成の永続記録と復旧GET。各12同時再送で1件のみ、削除後の再送も復活なし。旧ベースラインでは画面がoperationId未対応。今回タスク/活動4画面を対応済み。商談作成・別タブ/端末の別操作は未解消・未検証。sfa-creation-receipt-results.json; sfa-receipt-postgres-results.json; sfa-manual-double-submit-baseline.json; sfa-client-mounted-results.json; sfa-cancellation-results.json; sfa-client-postgres-results.json; sfa-tasks-lifecycle-repair.json; sfa-client-public-c9aee675.json; sfa-deal-lifecycle-repair.json; sfa-lead-conversion-repair.json; sfa-lead-conversion-results.json; sfa-lead-conversion-client-results.json; sfa-lead-conversion-postgres-results.json; sfa-lead-crud-lifecycle-baseline.json
sfa,U14,user-experience,生成途中の失敗・一部成功でも成果物を救出でき、再試行対象と追加消費が分かる。,部分検証：取引先/担当者API27・画面51・隔離PG19・全体ゲート・CI・本番READY・匿名17入口/49資産通過。CSV権限失効の追加補修は合成回帰・全体ゲート・隔離PG3完了証跡確認済み、未反映。認証後実機・他経路・編集ロール方針は未検証/判断待ち,sfa-client-mounted-results.json; sfa-cancellation-results.json; sfa-client-postgres-results.json; sfa-tasks-lifecycle-repair.json; sfa-client-public-c9aee675.json; sfa-deal-lifecycle-repair.json; sfa-lead-conversion-repair.json; sfa-lead-conversion-results.json; sfa-lead-conversion-client-results.json; sfa-lead-conversion-postgres-results.json; sfa-lead-crud-lifecycle-baseline.json; sfa-lead-crud-results.json; sfa-lead-crud-client-results.json; sfa-lead-crud-postgres-results.json; sfa-lead-crud-repair.json; sfa-score-lifecycle-baseline.json; sfa-lead-conversion-public.json; sfa-lead-crud-public.json; sfa-score-operation-results.json; sfa-score-client-results.json; sfa-score-postgres-results.json; sfa-score-quota-guidance-results.json; sfa-score-lifecycle-repair.json; sfa-score-public.json; sfa-next-action-operation-results.json; sfa-next-action-client-results.json; sfa-next-action-postgres-results.json; sfa-next-action-public.json; sfa-next-action-repair-plan.json; sfa-crm-record-helper-results.json; sfa-account-contact-repair-plan.json; sfa-crm-client-results.json; sfa-crm-postgres-results.json; sfa-crm-postgres-supervisor.json
sfa,U15,user-experience,確定済み書類・終了した評価・締めた勤怠は通常操作で意図せず書き換わらない。,現在版での項目別通し検証待ち,
sfa,U16,user-experience,残量をサーバー実績に合わせ、端末変更や再ログインで一致する。,現在版での項目別通し検証待ち,
sfa,U17,user-experience,残量を超える注文を入力時点で説明し、一部生成になる場合は先に分かる。,現在版での項目別通し検証待ち,
sfa,U18,user-experience,上限到達後、入力を保ったまま利用条件・正しい契約者・相談先へ進める。,部分検証：取引先/担当者API27・画面51・隔離PG19・全体ゲート・CI・本番READY・匿名17入口/49資産通過。CSV権限失効の追加補修は合成回帰・全体ゲート・隔離PG3完了証跡確認済み、未反映。認証後実機・他経路・編集ロール方針は未検証/判断待ち,sfa-lead-crud-public.json; sfa-lead-crud-repair.json; sfa-score-operation-results.json; sfa-score-client-results.json; sfa-score-postgres-results.json; sfa-score-quota-guidance-results.json; sfa-score-lifecycle-repair.json; sfa-score-public.json; sfa-next-action-operation-results.json; sfa-next-action-client-results.json; sfa-next-action-postgres-results.json; sfa-next-action-public.json; sfa-next-action-repair-plan.json; sfa-crm-record-helper-results.json; sfa-account-contact-repair-plan.json; sfa-crm-client-results.json; sfa-crm-postgres-results.json; sfa-crm-postgres-supervisor.json
sfa,U19,user-experience,すでに有料の利用者、招待された従業員、面接の応募者に無関係な新規課金を勧めない。,現在版での項目別通し検証待ち,
sfa,U20,user-experience,月替わり・解約・再契約・失敗返却・削除で使用量が矛盾せず、復旧理由も説明できる。,現在版での項目別通し検証待ち,
sfa,U21,user-experience,保存期間、起算日、無料化後の扱い、削除前通知が表示と処理で一致する。,現在版での項目別通し検証待ち,
sfa,U22,user-experience,端末限定保存とアカウント保存を区別し、別端末で失われる場合は事前に分かる。,現在版での項目別通し検証待ち,
sfa,U23,user-experience,大量データの201件目等へ到達でき、検索・ページ送り・出力で欠落しない。,現在版での項目別通し検証待ち,
sfa,U24,user-experience,CSV/PDF/PPTX/ZIPの内容・件数・金額・文字化けを確認し、取得失敗から再試行できる。,現在版での項目別通し検証待ち,
sfa,U25,user-experience,履歴削除、素材削除、プロジェクト削除、アーカイブで消える関連データを事前に説明する。,現在版での項目別通し検証待ち,
sfa,U26,user-experience,個人用/組織用/公開の境界と、URLを知るだけで見られる範囲が分かる。,現在版での項目別通し検証待ち,
sfa,U27,user-experience,「閲覧のみ」のゲストは編集できず、一般社員は他人の人事情報を勝手に見られない。,現在版での項目別通し検証待ち,
sfa,U28,user-experience,別組織のURLで別の作業場所へ黙って移動せず、現在の組織が常に分かる。,現在版での項目別通し検証待ち,
sfa,U29,user-experience,ログアウト・アカウント切替・共有PCで前利用者のキャッシュが表示されない。,部分補修・タスク/活動本番配信確認／商談API19合成・画面13合成・PG11合格、全体ゲート合格・商談本番反映待ち／実機・他経路未検証／リード転換API15・実コンポーネント18・隔離PostgreSQL12通過、全体ゲート通過・本番反映待ち。通常リードCRUD等は未修正。,; sfa-client-mounted-results.json; sfa-cancellation-results.json; sfa-client-postgres-results.json; sfa-tasks-lifecycle-repair.json; sfa-client-public-c9aee675.json; sfa-deal-lifecycle-repair.json; sfa-lead-conversion-repair.json; sfa-lead-conversion-results.json; sfa-lead-conversion-client-results.json; sfa-lead-conversion-postgres-results.json; sfa-lead-crud-lifecycle-baseline.json
sfa,U30,user-experience,招待取消・権限変更・録音同意撤回・共有URL失効が利用者の期待どおり反映される。,部分検証：取引先/担当者API27・画面51・隔離PG19・全体ゲート・CI・本番READY・匿名17入口/49資産通過。CSV権限失効の追加補修は合成回帰・全体ゲート・隔離PG3完了証跡確認済み、未反映。認証後実機・他経路・編集ロール方針は未検証/判断待ち,sfa-lead-crud-results.json; sfa-lead-crud-client-results.json; sfa-lead-crud-postgres-results.json; sfa-lead-crud-repair.json; sfa-score-lifecycle-baseline.json; sfa-lead-conversion-public.json; sfa-lead-crud-public.json; sfa-score-operation-results.json; sfa-score-client-results.json; sfa-score-postgres-results.json; sfa-score-quota-guidance-results.json; sfa-score-lifecycle-repair.json; sfa-score-public.json; sfa-next-action-operation-results.json; sfa-next-action-client-results.json; sfa-next-action-postgres-results.json; sfa-next-action-public.json; sfa-next-action-repair-plan.json; sfa-crm-record-helper-results.json; sfa-account-contact-repair-plan.json; sfa-crm-client-results.json; sfa-crm-postgres-results.json; sfa-crm-postgres-supervisor.json
sfa,U31,user-experience,初回限定30日体験と通常無料枠を区別し、終了後の料金・更新条件が分かる。,現在版での項目別通し検証待ち,
sfa,U32,user-experience,契約直後に全対象サービスへ反映し、未反映時は二重申込ではなく復旧へ誘導する。,現在版での項目別通し検証待ち,
sfa,U33,user-experience,個人の課金・OWNERの課金・チーム席の意味を全サービスで説明し、払っても解決しない案内をしない。,現在版での項目別通し検証待ち,
sfa,U34,user-experience,解約確認で全サービスへの影響、停止日、残るデータ、上限超過データの扱いが分かる。,現在版での項目別通し検証待ち,
sfa,U35,user-experience,支払失敗・更新失敗・解約取消・再契約・Webhook遅延でも契約表示と利用権が一致する。,現在版での項目別通し検証待ち,
sfa,U36,user-experience,解約と退会と履歴削除の違いが分かり、退会の手続き先に到達できる。,現在版での項目別通し検証待ち,
sfa,U37,user-experience,退会時に自分だけでなく共同作業者のデータまで消えるか説明する。,現在版での項目別通し検証待ち,
sfa,U38,user-experience,退会・保存期限前に必要なデータを持ち出せる。,現在版での項目別通し検証待ち,
sfa,U39,user-experience,準備中・利用不可機能は操作前に分かり、スマホでも理由を読める。,現在版での項目別通し検証待ち,
sfa,U40,user-experience,困った時の問い合わせ先と、伝えるべきエラー情報を分かりやすく表示する。,現在版での項目別通し検証待ち,
shodan,C001,公開・導線,定義と公開一覧と終了済み一覧が一致する,部分検証済み：正本の公開・稼働17件一致と終了14件除外、本番トップ・sitemap・llmsの17導線一致／終了API・認証後導線は別途検証,service-catalog-current.json; verify-service-catalog-current.cjs
shodan,C002,公開・導線,LP・料金・利用画面に到達できる,一部検証済み：公開LP・料金390px計測とログイン前導線／認証後・実機未検証,public-mobile-navigation.json; public-mobile-pricing.json; README.md
shodan,C003,公開・導線,主要CTAが正しいログイン後の戻り先へ遷移する,一部検証済み：公開LP・料金390px計測とログイン前導線／認証後・実機未検証,public-mobile-navigation.json; public-mobile-pricing.json; README.md
shodan,C004,公開・導線,終了APIが実生成・課金を受け付けない,部分検証済み：共通の終了14サービス配下＋既知の旧別名111ルート147処理で入口410を実フラグ評価／モジュール初期化・未発見別名・本番API通しは未検証,retired-route-entry-current.json; verify-retired-route-entry-current.cjs
shodan,C005,公開・導線,スマートフォンで横はみ出し・操作不能がない,一部検証済み：公開LP・料金390px計測とログイン前導線／認証後・実機未検証,public-mobile-navigation.json; public-mobile-pricing.json; README.md
shodan,C006,公開・導線,空状態・読込中・失敗状態が表示される,現在版での項目別通し検証待ち," shodan-detail-lifecycle-repair.json (candidate: 35 actual mounted cases, 19 DTO negatives, 4 AI negatives, actual GET protocol; full gate and production verification pending)"
shodan,C007,認証,未ログインで私有データを取得・変更できない,現在版での項目別通し検証待ち,
shodan,C008,認証,期限切れセッションを拒否する,現在版での項目別通し検証待ち,
shodan,C009,認証,ログアウト後に他人のキャッシュを表示しない,現在版での項目別通し検証待ち,
shodan,C010,認証,ID欠落時のメール補完が一貫している,現在版での項目別通し検証待ち,
shodan,C011,認証,管理画面と一般画面の認証が分離される,現在版での項目別通し検証待ち,
shodan,C012,認証,招待トークンの期限・使い回し・失効が守られる,部分検証済み・本番通し検証待ち,team-invite-deadline-regression.log: 実APIの期限ちょうど/DB待ち中失効/rollbackを合成時計/DBで検証。5サービスのロック後組織とclaim時role/email/組織の照合も検証。実DB同時実行・本番参加と最後の期限確認からcommit間の保証は未確認。既存の画面復旧証拠はREADME参照。 invite-issuance-boundary-regression.log / sfa-invite-atomic-regression.log: 期限ちょうどの再送を合成時計で検証。SFAは既所属cleanupと最新の招待確認をTxへ一体化、失敗/失効/競合でrollback。実DB同時実行・本番承諾は未確認。
shodan,C013,権限・組織,他ユーザーのIDによる取得・更新・削除を拒否する,現在版での項目別通し検証待ち,
shodan,C014,権限・組織,明示した組織が不正なら別組織へ切り替えない,現在版での項目別通し検証待ち,
shodan,C015,権限・組織,退会済み・無効メンバーの権限を拒否する,現在版での項目別通し検証待ち,
shodan,C016,権限・組織,一般メンバー・管理者・オーナーの操作を分ける,部分検証済み・本番通し検証待ち," aio-shodan-member-management-repair.json: Member repair deployed at 6bd0adb1, CI success/READY/anonymous 17-entry publication proven; authenticated production flow unproven. 48 actual mounted AppLayout/member-page synthetic cases across both services verify actor/org/ABA/unmount guards, same-frame operation lock, own/peer restrictions, uncertain-result read recovery and cancellation/acceptance URL behavior. Real DB/browser persistence and durable multi-tab idempotency remain unproven."
shodan,C017,権限・組織,関連IDが同一組織に属することを検査する,現在版での項目別通し検証待ち,
shodan,C018,権限・組織,自己評価・上長評価・最終評価の列権限を分ける,現在版での項目別通し検証待ち,
shodan,C019,権限・組織,組織切替中の遅延応答を破棄する,部分検証済み・本番通し検証待ち／共通上限案内の画面・クエリ切替は87合成画面検証合格、他応答・実機・本番通し未検証," aio-shodan-member-management-repair.json: Member repair deployed at 6bd0adb1, CI success/READY/anonymous 17-entry publication proven; authenticated production flow unproven. 48 actual mounted AppLayout/member-page synthetic cases across both services verify actor/org/ABA/unmount guards, same-frame operation lock, own/peer restrictions, uncertain-result read recovery and cancellation/acceptance URL behavior. Real DB/browser persistence and durable multi-tab idempotency remain unproven. shodan-detail-lifecycle-repair.json (candidate: 35 actual mounted cases, 19 DTO negatives, 4 AI negatives, actual GET protocol; full gate and production verification pending) shodan-slide-editor-repair.json (separate editor regeneration/PDF double submit and post-unmount effects confirmed open; not fixed) shodan-list-lifecycle-repair.json (candidate: 31 mounted cases, 14 DTO/list API, 15 deletion API, 4 pagination groups; full gate/publication/authenticated full criterion unproven); service-limit-navigation-current.json; service-limit-navigation-comparison-baseline.json（Nextナビゲーションはモック、明示イベントの遅延元は別途監査）"
shodan,C020,権限・組織,共有URLから秘密情報や内部指示が漏れない,現在版での項目別通し検証待ち,
shodan,C021,課金,有料判定の正本と旧プラン正規化が統一される,現在版での項目別通し検証待ち,
shodan,C022,課金,決済セッションの所有者を検証する,現在版での項目別通し検証待ち,
shodan,C023,課金,解約済み・未払い・未完了から権限復活しない,現在版での項目別通し検証待ち,
shodan,C024,課金,有効契約がある場合の二重契約を防ぐ,現在版での項目別通し検証待ち,
shodan,C025,課金,全サービスへの権限同期が原子的である,現在版での項目別通し検証待ち,
shodan,C026,課金,Webhook署名・再送・順序逆転に対応する,現在版での項目別通し検証待ち,
shodan,C027,課金,Webhook不達時の再同期と監査が働く,現在版での項目別通し検証待ち,
shodan,C028,課金,解約・無料体験終了・再契約の状態遷移が正しい,現在版での項目別通し検証待ち,
shodan,C029,課金,決済失敗時に再申込不要と案内する,現在版での項目別通し検証待ち,
shodan,C030,課金,手動付与した有料権限が誤って失われない,現在版での項目別通し検証待ち,
shodan,C031,利用上限,料金ページの数値・単位・期間がAPIと一致する,現在版での項目別通し検証待ち,
shodan,C032,利用上限,表示残数とサーバー実使用数が一致する,現在版での項目別通し検証待ち,
shodan,C033,利用上限,上限0と上限直前と超過時を正しく扱う,現在版での項目別通し検証待ち,
shodan,C034,利用上限,同時リクエストでも上限を超えない,現在版での項目別通し検証待ち,
shodan,C035,利用上限,利用枠を予約してから従量課金APIを呼ぶ,現在版での項目別通し検証待ち,
shodan,C036,利用上限,生成失敗・中断時の予約を過不足なく戻す,現在版での項目別通し検証待ち,
shodan,C037,利用上限,月次・日次境界のタイムゾーンが統一される,現在版での項目別通し検証待ち,
shodan,C038,利用上限,履歴削除によって消費済み枠が復活しない,現在版での項目別通し検証待ち,
shodan,C039,利用上限,DB障害時に無制限の生成を許可しない,現在版での項目別通し検証待ち,
shodan,C040,利用上限,ゲストのCookie削除で有料原価が無制限にならない,現在版での項目別通し検証待ち,
shodan,C041,利用上限,チーム枠の契約者と操作ユーザーを取り違えない,現在版での項目別通し検証待ち,
shodan,C042,利用上限,全上限経路に適切な次の操作を提示する,現在版での項目別通し検証待ち,
shodan,C043,利用上限,無料体験対象外に無料を約束しない,現在版での項目別通し検証待ち,
shodan,C044,利用上限,混雑・サイズ超過・認証エラーを課金誘導しない,現在版での項目別通し検証待ち,"org-client-response-repair.json; org-client-response-results.json; org-client-route-results.json; org-client-callback-results.json; org-settings-repair.json (52 mounted / 48 versioned API synthetic cases; private production and whole criterion unproven); shodan-new-repair.json (32 mounted / 26 research+API / 30 shared sidebar / 12 static layout; whole criterion and private production unproven) shodan-slide-editor-repair.json (candidate: 34 mounted, 24 bounded PDF, 26 regeneration API and 9 atomic-save synthetic cases; whole criterion and private production unproven)"
shodan,C045,データ・DB,モデルのテーブル・列・null制約が実DBと一致する,一部検証済み：本番DBの列存在・型・非配列の必須設定／配列NULL・業務整合性未検証,production-readonly-schema.json; production-readonly-constraints.json; README.md
shodan,C046,データ・DB,必要な外部キー・複合一意制約が存在する,一部検証済み：本番DBのFK列対応・一意制約／削除規則・通常インデックス未検証,production-readonly-schema.json; production-readonly-constraints.json; README.md
shodan,C047,データ・DB,孤立したユーザー・組織参照がない,現在版での項目別通し検証待ち,
shodan,C048,データ・DB,同一組織内の関連付け制約が守られる,現在版での項目別通し検証待ち,
shodan,C049,データ・DB,部署・タスク階層に循環を作れない,現在版での項目別通し検証待ち,
shodan,C050,データ・DB,採番の同時実行が衝突しない,現在版での項目別通し検証待ち,
shodan,C051,データ・DB,複数テーブル更新が途中失敗で片落ちしない,現在版での項目別通し検証待ち,
shodan,C052,データ・DB,削除・退会時の保持と匿名化の方針が定義される,現在版での項目別通し検証待ち,
shodan,C053,入力・外部接続,本文・配列・ファイル数・長さをサーバーで制限する,現在版での項目別通し検証待ち,
shodan,C054,入力・外部接続,URL取得で内部IP・リダイレクトSSRFを防ぐ,現在版での項目別通し検証待ち,
shodan,C055,入力・外部接続,HTML表示で保存型XSSを防ぐ,現在版での項目別通し検証待ち,
shodan,C056,入力・外部接続,金額・数量・日時の異常値を拒否する,現在版での項目別通し検証待ち,
shodan,C057,入力・外部接続,ファイル形式を拡張子だけで判断しない,現在版での項目別通し検証待ち,
shodan,C058,入力・外部接続,ストレージの所有権・署名URL期限が守られる,現在版での項目別通し検証待ち,
shodan,C059,入力・外部接続,外部APIのタイムアウト・再試行が有界である,現在版での項目別通し検証待ち,
shodan,C060,入力・外部接続,通知先・本文に利用者入力を安全に扱う,現在版での項目別通し検証待ち,
shodan,C061,生成・ジョブ,連打・再送に冪等性がある,現在版での項目別通し検証待ち,
shodan,C062,生成・ジョブ,ジョブの所有者と結果取得権限を検査する,現在版での項目別通し検証待ち,
shodan,C063,生成・ジョブ,ストリーム途中失敗を成功として表示しない,現在版での項目別通し検証待ち,org-client-response-repair.json; org-client-response-results.json; org-client-route-results.json; org-client-callback-results.json; org-settings-repair.json (52 mounted / 48 versioned API synthetic cases; private production and whole criterion unproven); shodan-new-repair.json (32 mounted / 26 research+API / 30 shared sidebar / 12 static layout; whole criterion and private production unproven)
shodan,C064,生成・ジョブ,生成結果と履歴・使用量の保存が整合する,現在版での項目別通し検証待ち,
shodan,C065,生成・ジョブ,プロセス終了時に永久処理中にならない,現在版での項目別通し検証待ち,
shodan,C066,生成・ジョブ,再生成と編集にも上限を適用する,現在版での項目別通し検証待ち,
shodan,C067,生成・ジョブ,公開音声ルームの同意・期限・人数を守る,現在版での項目別通し検証待ち,
shodan,C068,生成・ジョブ,エクスポートで他人の成果物を含めない,現在版での項目別通し検証待ち,
shodan,C069,UI・アクセシビリティ,モーダルのフォーカス・Escape・復帰が機能する,現在版での項目別通し検証待ち,
shodan,C070,UI・アクセシビリティ,入力をエラー時に失わない,現在版での項目別通し検証待ち,"org-client-response-repair.json; org-client-response-results.json; org-client-route-results.json; org-client-callback-results.json; org-settings-repair.json (52 mounted / 48 versioned API synthetic cases; private production and whole criterion unproven); shodan-new-repair.json (32 mounted / 26 research+API / 30 shared sidebar / 12 static layout; whole criterion and private production unproven) shodan-slide-editor-repair.json (candidate: 34 mounted, 24 bounded PDF, 26 regeneration API and 9 atomic-save synthetic cases; whole criterion and private production unproven) shodan-list-lifecycle-repair.json (candidate: 31 mounted cases, 14 DTO/list API, 15 deletion API, 4 pagination groups; full gate/publication/authenticated full criterion unproven)"
shodan,C071,UI・アクセシビリティ,上限案内が二重表示されない,現在版での項目別通し検証待ち,
shodan,C072,UI・アクセシビリティ,有料会員に同じプランへの重複契約を促さない,現在版での項目別通し検証待ち,
shodan,C073,UI・アクセシビリティ,APIエラーを消えるトーストだけに依存しない,現在版での項目別通し検証待ち," shodan-slide-editor-repair.json (candidate: 34 mounted, 24 bounded PDF, 26 regeneration API and 9 atomic-save synthetic cases; whole criterion and private production unproven) shodan-list-lifecycle-repair.json (candidate: 31 mounted cases, 14 DTO/list API, 15 deletion API, 4 pagination groups; full gate/publication/authenticated full criterion unproven)"
shodan,C074,UI・アクセシビリティ,色だけに依存せずラベルと操作名を持つ,現在版での項目別通し検証待ち,
shodan,C075,運用・リリース,本番ソースと監査対象のハッシュが一致する,現在版での項目別通し検証待ち,
shodan,C076,運用・リリース,別作業の未公開修正を検証済みと混同しない,現在版での項目別通し検証待ち,
shodan,C077,運用・リリース,型チェック・ビルド・回帰試験が必須化される,現在版での項目別通し検証待ち,
shodan,C078,運用・リリース,デプロイでDB変更を無条件実行しない,現在版での項目別通し検証待ち,
shodan,C079,運用・リリース,個人情報・認証情報をログに出さない,現在版での項目別通し検証待ち,
shodan,C080,運用・リリース,監視の対象期間と未観測範囲を明示する,現在版での項目別通し検証待ち,
shodan,C081,運用・リリース,バックアップからの復元を実証できる,現在版での項目別通し検証待ち,
shodan,C082,運用・リリース,障害時に旧版へ戻す手順が用意される,現在版での項目別通し検証待ち,
shodan,U01,user-experience,トップの説明、LP、料金、ヘルプ、設定、APIの数値・単位が一致する。,現在版での項目別通し検証待ち,
shodan,U02,user-experience,「無料」「使い放題」「無制限」の対象と例外が申込前に分かる。,現在版での項目別通し検証待ち,
shodan,U03,user-experience,1回/1枚/1コンセプト/1分/1席/1件の意味と、再生成・修正の消費を説明する。,現在版での項目別通し検証待ち,
shodan,U04,user-experience,日次・月次・累計・同時保存件数・直近7日間を区別し、次回復旧日時が分かる。,現在版での項目別通し検証待ち,
shodan,U05,user-experience,公開LP/料金/主要CTAがPC・スマートフォンで表示でき、終了サービスへ迷い込まない。,一部検証済み：公開LP・料金390px計測とログイン前導線／認証後・実機未検証,public-mobile-navigation.json; public-mobile-pricing.json; README.md
shodan,U06,user-experience,ログイン必須か、無料体験の開始条件は何かが入力前に分かる。,現在版での項目別通し検証待ち,
shodan,U07,user-experience,入力途中にログイン・料金確認へ移動しても内容が消えない。,現在版での項目別通し検証待ち,
shodan,U08,user-experience,組織作成・メンバー招待・既存組織参加の順序と役割が分かる。,一部検証済み：招待先違いの切替導線・失敗再試行・招待URL保持を隔離/模擬応答で確認／本番承諾と役割の通し確認未完了,invite-account-browser.json; invite-account-regression.log; invite-account-baseline.log; README.md
shodan,U09,user-experience,URL・ファイル形式/容量・数値・必須項目を実処理前に検証し、入力を別の意味へ黙って変えない。,現在版での項目別通し検証待ち,
shodan,U10,user-experience,マイク・録音・タブ共有・対応ブラウザ・スマホ対応の条件を開始前に説明する。,現在版での項目別通し検証待ち,
shodan,U11,user-experience,開始・進行中・完了・失敗・中止の状態を区別し、いつ待ちをやめてよいか分かる。,部分補修/合成検証済み・全経路/本番通し検証待ち,researched一覧を調査済みと表示する実画面32ケース合格・全体ゲート合格/main送信済み。進行状態全経路と本番認証通しは未検証。shodan-label-mounted-results.json
shodan,U12,user-experience,通信失敗を「0件」「保存済み」「ダウンロード済み」と表示しない。,一部検証済み：入口・招待・AIO調査の認証失敗、再試行、連打、旧応答抑止／全経路・別タブ・本番データ冪等性未検証,"entry-submission-browser.json; scripts/security-regression/verify-entry-submission.cjs; additional-signin-failure-baseline.json; README.md; service-auth-browser.json; scripts/security-regression/verify-service-auth-recovery.cjs; org-client-response-repair.json; org-client-response-results.json; org-client-route-results.json; org-client-callback-results.json; org-settings-repair.json (52 mounted / 48 versioned API synthetic cases; private production and whole criterion unproven); shodan-new-repair.json (32 mounted / 26 research+API / 30 shared sidebar / 12 static layout; whole criterion and private production unproven) shodan-detail-lifecycle-repair.json (candidate: 35 actual mounted cases, 19 DTO negatives, 4 AI negatives, actual GET protocol; full gate and production verification pending) shodan-list-lifecycle-repair.json (candidate: 31 mounted cases, 14 DTO/list API, 15 deletion API, 4 pagination groups; full gate/publication/authenticated full criterion unproven)"
shodan,U13,user-experience,二重クリック・再読込・戻る・別タブで、二重作成や二重消費を起こさない。,部分検証済み・本番通し検証待ち,"entry-submission-browser.json; scripts/security-regression/verify-entry-submission.cjs; additional-signin-failure-baseline.json; README.md; service-auth-browser.json; scripts/security-regression/verify-service-auth-recovery.cjs aio-shodan-member-management-repair.json: Member repair deployed at 6bd0adb1, CI success/READY/anonymous 17-entry publication proven; authenticated production flow unproven. 48 actual mounted AppLayout/member-page synthetic cases across both services verify actor/org/ABA/unmount guards, same-frame operation lock, own/peer restrictions, uncertain-result read recovery and cancellation/acceptance URL behavior. Real DB/browser persistence and durable multi-tab idempotency remain unproven. shodan-detail-lifecycle-repair.json (candidate: 35 actual mounted cases, 19 DTO negatives, 4 AI negatives, actual GET protocol; full gate and production verification pending) shodan-slide-editor-repair.json (historical reproduction; candidate scoped repair now passes 34 mounted, 24 bounded PDF, 26 regeneration API and 9 atomic-save synthetic cases; full gate/publication/private browser flow pending) shodan-list-lifecycle-repair.json (candidate: 31 mounted cases, 14 DTO/list API, 15 deletion API, 4 pagination groups; full gate/publication/authenticated full criterion unproven)"
shodan,U14,user-experience,生成途中の失敗・一部成功でも成果物を救出でき、再試行対象と追加消費が分かる。,現在版での項目別通し検証待ち,
shodan,U15,user-experience,確定済み書類・終了した評価・締めた勤怠は通常操作で意図せず書き換わらない。,現在版での項目別通し検証待ち,
shodan,U16,user-experience,残量をサーバー実績に合わせ、端末変更や再ログインで一致する。,現在版での項目別通し検証待ち,
shodan,U17,user-experience,残量を超える注文を入力時点で説明し、一部生成になる場合は先に分かる。,現在版での項目別通し検証待ち,
shodan,U18,user-experience,上限到達後、入力を保ったまま利用条件・正しい契約者・相談先へ進める。,現在版での項目別通し検証待ち,
shodan,U19,user-experience,すでに有料の利用者、招待された従業員、面接の応募者に無関係な新規課金を勧めない。,現在版での項目別通し検証待ち,
shodan,U20,user-experience,月替わり・解約・再契約・失敗返却・削除で使用量が矛盾せず、復旧理由も説明できる。,現在版での項目別通し検証待ち,
shodan,U21,user-experience,保存期間、起算日、無料化後の扱い、削除前通知が表示と処理で一致する。,現在版での項目別通し検証待ち,
shodan,U22,user-experience,端末限定保存とアカウント保存を区別し、別端末で失われる場合は事前に分かる。,現在版での項目別通し検証待ち,
shodan,U23,user-experience,大量データの201件目等へ到達でき、検索・ページ送り・出力で欠落しない。,現在版での項目別通し検証待ち,
shodan,U24,user-experience,CSV/PDF/PPTX/ZIPの内容・件数・金額・文字化けを確認し、取得失敗から再試行できる。,現在版での項目別通し検証待ち," shodan-slide-deck-repair.json (mounted synthetic deck shrink/cursor repair; actual PDF/export and full criterion unproven) shodan-slide-editor-repair.json (historical reproduction; candidate scoped repair now passes 34 mounted, 24 bounded PDF, 26 regeneration API and 9 atomic-save synthetic cases; full gate/publication/private browser flow pending)"
shodan,U25,user-experience,履歴削除、素材削除、プロジェクト削除、アーカイブで消える関連データを事前に説明する。,現在版での項目別通し検証待ち,
shodan,U26,user-experience,個人用/組織用/公開の境界と、URLを知るだけで見られる範囲が分かる。,現在版での項目別通し検証待ち,
shodan,U27,user-experience,「閲覧のみ」のゲストは編集できず、一般社員は他人の人事情報を勝手に見られない。,現在版での項目別通し検証待ち,
shodan,U28,user-experience,別組織のURLで別の作業場所へ黙って移動せず、現在の組織が常に分かる。,現在版での項目別通し検証待ち,
shodan,U29,user-experience,ログアウト・アカウント切替・共有PCで前利用者のキャッシュが表示されない。,現在版での項目別通し検証待ち," shodan-list-lifecycle-repair.json (candidate: 31 mounted cases, 14 DTO/list API, 15 deletion API, 4 pagination groups; full gate/publication/authenticated full criterion unproven)"
shodan,U30,user-experience,招待取消・権限変更・録音同意撤回・共有URL失効が利用者の期待どおり反映される。,現在版での項目別通し検証待ち,
shodan,U31,user-experience,初回限定30日体験と通常無料枠を区別し、終了後の料金・更新条件が分かる。,現在版での項目別通し検証待ち,
shodan,U32,user-experience,契約直後に全対象サービスへ反映し、未反映時は二重申込ではなく復旧へ誘導する。,現在版での項目別通し検証待ち,
shodan,U33,user-experience,個人の課金・OWNERの課金・チーム席の意味を全サービスで説明し、払っても解決しない案内をしない。,現在版での項目別通し検証待ち,
shodan,U34,user-experience,解約確認で全サービスへの影響、停止日、残るデータ、上限超過データの扱いが分かる。,現在版での項目別通し検証待ち,
shodan,U35,user-experience,支払失敗・更新失敗・解約取消・再契約・Webhook遅延でも契約表示と利用権が一致する。,現在版での項目別通し検証待ち,
shodan,U36,user-experience,解約と退会と履歴削除の違いが分かり、退会の手続き先に到達できる。,現在版での項目別通し検証待ち,
shodan,U37,user-experience,退会時に自分だけでなく共同作業者のデータまで消えるか説明する。,現在版での項目別通し検証待ち,
shodan,U38,user-experience,退会・保存期限前に必要なデータを持ち出せる。,現在版での項目別通し検証待ち,
shodan,U39,user-experience,準備中・利用不可機能は操作前に分かり、スマホでも理由を読める。,現在版での項目別通し検証待ち,
shodan,U40,user-experience,困った時の問い合わせ先と、伝えるべきエラー情報を分かりやすく表示する。,現在版での項目別通し検証待ち,
aio,C001,公開・導線,定義と公開一覧と終了済み一覧が一致する,部分検証済み：正本の公開・稼働17件一致と終了14件除外、本番トップ・sitemap・llmsの17導線一致／終了API・認証後導線は別途検証,service-catalog-current.json; verify-service-catalog-current.cjs
aio,C002,公開・導線,LP・料金・利用画面に到達できる,一部検証済み：公開LP・料金390px計測とログイン前導線／認証後・実機未検証,public-mobile-navigation.json; public-mobile-pricing.json; README.md
aio,C003,公開・導線,主要CTAが正しいログイン後の戻り先へ遷移する,一部検証済み：公開LP・料金390px計測とログイン前導線／認証後・実機未検証,public-mobile-navigation.json; public-mobile-pricing.json; README.md
aio,C004,公開・導線,終了APIが実生成・課金を受け付けない,部分検証済み：共通の終了14サービス配下＋既知の旧別名111ルート147処理で入口410を実フラグ評価／モジュール初期化・未発見別名・本番API通しは未検証,retired-route-entry-current.json; verify-retired-route-entry-current.cjs
aio,C005,公開・導線,スマートフォンで横はみ出し・操作不能がない,一部検証済み：公開LP・料金390px計測とログイン前導線／認証後・実機未検証,public-mobile-navigation.json; public-mobile-pricing.json; README.md
aio,C006,公開・導線,空状態・読込中・失敗状態が表示される,現在版での項目別通し検証待ち,
aio,C007,認証,未ログインで私有データを取得・変更できない,現在版での項目別通し検証待ち,
aio,C008,認証,期限切れセッションを拒否する,現在版での項目別通し検証待ち,
aio,C009,認証,ログアウト後に他人のキャッシュを表示しない,現在版での項目別通し検証待ち,
aio,C010,認証,ID欠落時のメール補完が一貫している,現在版での項目別通し検証待ち,
aio,C011,認証,管理画面と一般画面の認証が分離される,現在版での項目別通し検証待ち,
aio,C012,認証,招待トークンの期限・使い回し・失効が守られる,部分検証済み・本番通し検証待ち,team-invite-deadline-regression.log: 実APIの期限ちょうど/DB待ち中失効/rollbackを合成時計/DBで検証。5サービスのロック後組織とclaim時role/email/組織の照合も検証。実DB同時実行・本番参加と最後の期限確認からcommit間の保証は未確認。既存の画面復旧証拠はREADME参照。 invite-issuance-boundary-regression.log / sfa-invite-atomic-regression.log: 期限ちょうどの再送を合成時計で検証。SFAは既所属cleanupと最新の招待確認をTxへ一体化、失敗/失効/競合でrollback。実DB同時実行・本番承諾は未確認。
aio,C013,権限・組織,他ユーザーのIDによる取得・更新・削除を拒否する,現在版での項目別通し検証待ち,
aio,C014,権限・組織,明示した組織が不正なら別組織へ切り替えない,現在版での項目別通し検証待ち,
aio,C015,権限・組織,退会済み・無効メンバーの権限を拒否する,現在版での項目別通し検証待ち,"; PARTIAL prompt lifecycle candidate: aio-prompts-lifecycle-repair.json (35 mounted / 28 API synthetic cases). Full gate, production/private workflows and full criterion remain unproven."
aio,C016,権限・組織,一般メンバー・管理者・オーナーの操作を分ける,部分検証済み・本番通し検証待ち," aio-shodan-member-management-repair.json: Member repair deployed at 6bd0adb1, CI success/READY/anonymous 17-entry publication proven; authenticated production flow unproven. 48 actual mounted AppLayout/member-page synthetic cases across both services verify actor/org/ABA/unmount guards, same-frame operation lock, own/peer restrictions, uncertain-result read recovery and cancellation/acceptance URL behavior. Real DB/browser persistence and durable multi-tab idempotency remain unproven."
aio,C017,権限・組織,関連IDが同一組織に属することを検査する,現在版での項目別通し検証待ち,
aio,C018,権限・組織,自己評価・上長評価・最終評価の列権限を分ける,現在版での項目別通し検証待ち,
aio,C019,権限・組織,組織切替中の遅延応答を破棄する,部分検証済み・本番通し検証待ち／共通上限案内の画面・クエリ切替は87合成画面検証合格、他応答・実機・本番通し未検証," aio-shodan-member-management-repair.json: Member repair deployed at 6bd0adb1, CI success/READY/anonymous 17-entry publication proven; authenticated production flow unproven. 48 actual mounted AppLayout/member-page synthetic cases across both services verify actor/org/ABA/unmount guards, same-frame operation lock, own/peer restrictions, uncertain-result read recovery and cancellation/acceptance URL behavior. Real DB/browser persistence and durable multi-tab idempotency remain unproven.; PARTIAL prompt lifecycle candidate: aio-prompts-lifecycle-repair.json (35 mounted / 28 API synthetic cases). Full gate, production/private workflows and full criterion remain unproven.; service-limit-navigation-current.json; service-limit-navigation-comparison-baseline.json（Nextナビゲーションはモック、明示イベントの遅延元は別途監査）"
aio,C020,権限・組織,共有URLから秘密情報や内部指示が漏れない,現在版での項目別通し検証待ち,
aio,C021,課金,有料判定の正本と旧プラン正規化が統一される,現在版での項目別通し検証待ち,
aio,C022,課金,決済セッションの所有者を検証する,現在版での項目別通し検証待ち,
aio,C023,課金,解約済み・未払い・未完了から権限復活しない,現在版での項目別通し検証待ち,
aio,C024,課金,有効契約がある場合の二重契約を防ぐ,現在版での項目別通し検証待ち,
aio,C025,課金,全サービスへの権限同期が原子的である,現在版での項目別通し検証待ち,
aio,C026,課金,Webhook署名・再送・順序逆転に対応する,現在版での項目別通し検証待ち,
aio,C027,課金,Webhook不達時の再同期と監査が働く,現在版での項目別通し検証待ち,
aio,C028,課金,解約・無料体験終了・再契約の状態遷移が正しい,現在版での項目別通し検証待ち,
aio,C029,課金,決済失敗時に再申込不要と案内する,現在版での項目別通し検証待ち,
aio,C030,課金,手動付与した有料権限が誤って失われない,現在版での項目別通し検証待ち,
aio,C031,利用上限,料金ページの数値・単位・期間がAPIと一致する,現在版での項目別通し検証待ち,
aio,C032,利用上限,表示残数とサーバー実使用数が一致する,現在版での項目別通し検証待ち,
aio,C033,利用上限,上限0と上限直前と超過時を正しく扱う,部分補修/合成検証済み・全経路/本番通し検証待ち,AIO初回質問登録は無料3件・有料・候補生成中のダウングレード・不明契約・既存保持を12ケースで補修検証。全体ゲート合格/main送信済み。本番認証通しと他上限経路は未検証。aio-quick-start-limit-results.json; aio-quick-start-limit-repair.json
aio,C034,利用上限,同時リクエストでも上限を超えない,現在版での項目別通し検証待ち,"; PARTIAL prompt lifecycle candidate: aio-prompts-lifecycle-repair.json (35 mounted / 28 API synthetic cases). Full gate, production/private workflows and full criterion remain unproven."
aio,C035,利用上限,利用枠を予約してから従量課金APIを呼ぶ,現在版での項目別通し検証待ち,
aio,C036,利用上限,生成失敗・中断時の予約を過不足なく戻す,現在版での項目別通し検証待ち,
aio,C037,利用上限,月次・日次境界のタイムゾーンが統一される,現在版での項目別通し検証待ち,
aio,C038,利用上限,履歴削除によって消費済み枠が復活しない,現在版での項目別通し検証待ち,
aio,C039,利用上限,DB障害時に無制限の生成を許可しない,現在版での項目別通し検証待ち,
aio,C040,利用上限,ゲストのCookie削除で有料原価が無制限にならない,現在版での項目別通し検証待ち,
aio,C041,利用上限,チーム枠の契約者と操作ユーザーを取り違えない,現在版での項目別通し検証待ち,
aio,C042,利用上限,全上限経路に適切な次の操作を提示する,現在版での項目別通し検証待ち,"; PARTIAL prompt lifecycle candidate: aio-prompts-lifecycle-repair.json (35 mounted / 28 API synthetic cases). Full gate, production/private workflows and full criterion remain unproven."
aio,C043,利用上限,無料体験対象外に無料を約束しない,現在版での項目別通し検証待ち,
aio,C044,利用上限,混雑・サイズ超過・認証エラーを課金誘導しない,現在版での項目別通し検証待ち,org-client-response-repair.json; org-client-response-results.json; org-client-route-results.json; org-client-callback-results.json; org-settings-repair.json (52 mounted / 48 versioned API synthetic cases; private production and whole criterion unproven)
aio,C045,データ・DB,モデルのテーブル・列・null制約が実DBと一致する,一部検証済み：本番DBの列存在・型・非配列の必須設定／配列NULL・業務整合性未検証,production-readonly-schema.json; production-readonly-constraints.json; README.md
aio,C046,データ・DB,必要な外部キー・複合一意制約が存在する,一部検証済み：本番DBのFK列対応・一意制約／削除規則・通常インデックス未検証,production-readonly-schema.json; production-readonly-constraints.json; README.md
aio,C047,データ・DB,孤立したユーザー・組織参照がない,現在版での項目別通し検証待ち,
aio,C048,データ・DB,同一組織内の関連付け制約が守られる,現在版での項目別通し検証待ち,
aio,C049,データ・DB,部署・タスク階層に循環を作れない,現在版での項目別通し検証待ち,
aio,C050,データ・DB,採番の同時実行が衝突しない,現在版での項目別通し検証待ち,
aio,C051,データ・DB,複数テーブル更新が途中失敗で片落ちしない,現在版での項目別通し検証待ち,
aio,C052,データ・DB,削除・退会時の保持と匿名化の方針が定義される,現在版での項目別通し検証待ち,
aio,C053,入力・外部接続,本文・配列・ファイル数・長さをサーバーで制限する,現在版での項目別通し検証待ち,"PARTIAL brand-profile PUT only: aio-brand-profile-input-results.json (40 synthetic API/parser cases); text/list/type validation before Prisma; other AIO endpoints, raw-body/file limits and real DB unproven"
aio,C054,入力・外部接続,URL取得で内部IP・リダイレクトSSRFを防ぐ,現在版での項目別通し検証待ち,
aio,C055,入力・外部接続,HTML表示で保存型XSSを防ぐ,現在版での項目別通し検証待ち,
aio,C056,入力・外部接続,金額・数量・日時の異常値を拒否する,現在版での項目別通し検証待ち,
aio,C057,入力・外部接続,ファイル形式を拡張子だけで判断しない,現在版での項目別通し検証待ち,
aio,C058,入力・外部接続,ストレージの所有権・署名URL期限が守られる,現在版での項目別通し検証待ち,
aio,C059,入力・外部接続,外部APIのタイムアウト・再試行が有界である,現在版での項目別通し検証待ち,
aio,C060,入力・外部接続,通知先・本文に利用者入力を安全に扱う,現在版での項目別通し検証待ち,
aio,C061,生成・ジョブ,連打・再送に冪等性がある,現在版での項目別通し検証待ち,"; PARTIAL prompt lifecycle candidate: aio-prompts-lifecycle-repair.json (35 mounted / 28 API synthetic cases). Full gate, production/private workflows and full criterion remain unproven."
aio,C062,生成・ジョブ,ジョブの所有者と結果取得権限を検査する,現在版での項目別通し検証待ち,
aio,C063,生成・ジョブ,ストリーム途中失敗を成功として表示しない,現在版での項目別通し検証待ち,org-client-response-repair.json; org-client-response-results.json; org-client-route-results.json; org-client-callback-results.json; org-settings-repair.json (52 mounted / 48 versioned API synthetic cases; private production and whole criterion unproven)
aio,C064,生成・ジョブ,生成結果と履歴・使用量の保存が整合する,現在版での項目別通し検証待ち,
aio,C065,生成・ジョブ,プロセス終了時に永久処理中にならない,現在版での項目別通し検証待ち,
aio,C066,生成・ジョブ,再生成と編集にも上限を適用する,現在版での項目別通し検証待ち,
aio,C067,生成・ジョブ,公開音声ルームの同意・期限・人数を守る,現在版での項目別通し検証待ち,
aio,C068,生成・ジョブ,エクスポートで他人の成果物を含めない,現在版での項目別通し検証待ち,
aio,C069,UI・アクセシビリティ,モーダルのフォーカス・Escape・復帰が機能する,現在版での項目別通し検証待ち,
aio,C070,UI・アクセシビリティ,入力をエラー時に失わない,現在版での項目別通し検証待ち,"PARTIAL brand settings local validation only: aio-brand-profile-form-mounted-results.json (7 actual mounted cases); invalid input draft retained; org-client-write-baseline.json records remaining prompt malformed-success draft loss; auth/reload/private flows unproven; org-client-response-repair.json; org-client-response-results.json; org-client-route-results.json; org-client-callback-results.json; org-settings-repair.json (52 mounted / 48 versioned API synthetic cases; private production and whole criterion unproven); PARTIAL prompt lifecycle candidate: aio-prompts-lifecycle-repair.json (35 mounted / 28 API synthetic cases). Full gate, production/private workflows and full criterion remain unproven."
aio,C071,UI・アクセシビリティ,上限案内が二重表示されない,現在版での項目別通し検証待ち,"; PARTIAL prompt lifecycle candidate: aio-prompts-lifecycle-repair.json (35 mounted / 28 API synthetic cases). Full gate, production/private workflows and full criterion remain unproven."
aio,C072,UI・アクセシビリティ,有料会員に同じプランへの重複契約を促さない,現在版での項目別通し検証待ち,
aio,C073,UI・アクセシビリティ,APIエラーを消えるトーストだけに依存しない,現在版での項目別通し検証待ち,"PARTIAL brand settings parser denial displayed in persistent form: aio-brand-profile-form-mounted-results.json; all other API errors and unknown-write recovery unproven; PARTIAL prompt lifecycle candidate: aio-prompts-lifecycle-repair.json (35 mounted / 28 API synthetic cases). Full gate, production/private workflows and full criterion remain unproven."
aio,C074,UI・アクセシビリティ,色だけに依存せずラベルと操作名を持つ,現在版での項目別通し検証待ち,
aio,C075,運用・リリース,本番ソースと監査対象のハッシュが一致する,現在版での項目別通し検証待ち,
aio,C076,運用・リリース,別作業の未公開修正を検証済みと混同しない,現在版での項目別通し検証待ち,
aio,C077,運用・リリース,型チェック・ビルド・回帰試験が必須化される,現在版での項目別通し検証待ち,
aio,C078,運用・リリース,デプロイでDB変更を無条件実行しない,現在版での項目別通し検証待ち,
aio,C079,運用・リリース,個人情報・認証情報をログに出さない,現在版での項目別通し検証待ち,
aio,C080,運用・リリース,監視の対象期間と未観測範囲を明示する,現在版での項目別通し検証待ち,
aio,C081,運用・リリース,バックアップからの復元を実証できる,現在版での項目別通し検証待ち,
aio,C082,運用・リリース,障害時に旧版へ戻す手順が用意される,現在版での項目別通し検証待ち,
aio,U01,user-experience,トップの説明、LP、料金、ヘルプ、設定、APIの数値・単位が一致する。,現在版での項目別通し検証待ち,
aio,U02,user-experience,「無料」「使い放題」「無制限」の対象と例外が申込前に分かる。,現在版での項目別通し検証待ち,
aio,U03,user-experience,1回/1枚/1コンセプト/1分/1席/1件の意味と、再生成・修正の消費を説明する。,現在版での項目別通し検証待ち,
aio,U04,user-experience,日次・月次・累計・同時保存件数・直近7日間を区別し、次回復旧日時が分かる。,現在版での項目別通し検証待ち,
aio,U05,user-experience,公開LP/料金/主要CTAがPC・スマートフォンで表示でき、終了サービスへ迷い込まない。,一部検証済み：公開LP・料金390px計測とログイン前導線／認証後・実機未検証,public-mobile-navigation.json; public-mobile-pricing.json; README.md
aio,U06,user-experience,ログイン必須か、無料体験の開始条件は何かが入力前に分かる。,現在版での項目別通し検証待ち,
aio,U07,user-experience,入力途中にログイン・料金確認へ移動しても内容が消えない。,現在版での項目別通し検証待ち,
aio,U08,user-experience,組織作成・メンバー招待・既存組織参加の順序と役割が分かる。,一部検証済み：招待先違いの切替導線・失敗再試行・招待URL保持を隔離/模擬応答で確認／本番承諾と役割の通し確認未完了,invite-account-browser.json; invite-account-regression.log; invite-account-baseline.log; README.md
aio,U09,user-experience,URL・ファイル形式/容量・数値・必須項目を実処理前に検証し、入力を別の意味へ黙って変えない。,現在版での項目別通し検証待ち,"; PARTIAL prompt lifecycle candidate: aio-prompts-lifecycle-repair.json (35 mounted / 28 API synthetic cases). Full gate, production/private workflows and full criterion remain unproven."
aio,U10,user-experience,マイク・録音・タブ共有・対応ブラウザ・スマホ対応の条件を開始前に説明する。,現在版での項目別通し検証待ち,
aio,U11,user-experience,開始・進行中・完了・失敗・中止の状態を区別し、いつ待ちをやめてよいか分かる。,現在版での項目別通し検証待ち,
aio,U12,user-experience,通信失敗を「0件」「保存済み」「ダウンロード済み」と表示しない。,一部検証済み：入口・招待・AIO調査の認証失敗、再試行、連打、旧応答抑止／全経路・別タブ・本番データ冪等性未検証,"entry-submission-browser.json; scripts/security-regression/verify-entry-submission.cjs; additional-signin-failure-baseline.json; README.md; service-auth-browser.json; scripts/security-regression/verify-service-auth-recovery.cjs; org-client-response-repair.json; org-client-response-results.json; org-client-route-results.json; org-client-callback-results.json; org-settings-repair.json (52 mounted / 48 versioned API synthetic cases; private production and whole criterion unproven); PARTIAL prompt lifecycle candidate: aio-prompts-lifecycle-repair.json (35 mounted / 28 API synthetic cases). Full gate, production/private workflows and full criterion remain unproven."
aio,U13,user-experience,二重クリック・再読込・戻る・別タブで、二重作成や二重消費を起こさない。,部分検証済み・本番通し検証待ち,"entry-submission-browser.json; scripts/security-regression/verify-entry-submission.cjs; additional-signin-failure-baseline.json; README.md; service-auth-browser.json; scripts/security-regression/verify-service-auth-recovery.cjs aio-shodan-member-management-repair.json: Member repair deployed at 6bd0adb1, CI success/READY/anonymous 17-entry publication proven; authenticated production flow unproven. 48 actual mounted AppLayout/member-page synthetic cases across both services verify actor/org/ABA/unmount guards, same-frame operation lock, own/peer restrictions, uncertain-result read recovery and cancellation/acceptance URL behavior. Real DB/browser persistence and durable multi-tab idempotency remain unproven.; PARTIAL prompt lifecycle candidate: aio-prompts-lifecycle-repair.json (35 mounted / 28 API synthetic cases). Full gate, production/private workflows and full criterion remain unproven."
aio,U14,user-experience,生成途中の失敗・一部成功でも成果物を救出でき、再試行対象と追加消費が分かる。,現在版での項目別通し検証待ち,
aio,U15,user-experience,確定済み書類・終了した評価・締めた勤怠は通常操作で意図せず書き換わらない。,現在版での項目別通し検証待ち,
aio,U16,user-experience,残量をサーバー実績に合わせ、端末変更や再ログインで一致する。,現在版での項目別通し検証待ち,
aio,U17,user-experience,残量を超える注文を入力時点で説明し、一部生成になる場合は先に分かる。,現在版での項目別通し検証待ち,
aio,U18,user-experience,上限到達後、入力を保ったまま利用条件・正しい契約者・相談先へ進める。,現在版での項目別通し検証待ち,"; PARTIAL prompt lifecycle candidate: aio-prompts-lifecycle-repair.json (35 mounted / 28 API synthetic cases). Full gate, production/private workflows and full criterion remain unproven."
aio,U19,user-experience,すでに有料の利用者、招待された従業員、面接の応募者に無関係な新規課金を勧めない。,現在版での項目別通し検証待ち,
aio,U20,user-experience,月替わり・解約・再契約・失敗返却・削除で使用量が矛盾せず、復旧理由も説明できる。,現在版での項目別通し検証待ち,
aio,U21,user-experience,保存期間、起算日、無料化後の扱い、削除前通知が表示と処理で一致する。,現在版での項目別通し検証待ち,
aio,U22,user-experience,端末限定保存とアカウント保存を区別し、別端末で失われる場合は事前に分かる。,現在版での項目別通し検証待ち,
aio,U23,user-experience,大量データの201件目等へ到達でき、検索・ページ送り・出力で欠落しない。,現在版での項目別通し検証待ち,
aio,U24,user-experience,CSV/PDF/PPTX/ZIPの内容・件数・金額・文字化けを確認し、取得失敗から再試行できる。,現在版での項目別通し検証待ち,
aio,U25,user-experience,履歴削除、素材削除、プロジェクト削除、アーカイブで消える関連データを事前に説明する。,現在版での項目別通し検証待ち,
aio,U26,user-experience,個人用/組織用/公開の境界と、URLを知るだけで見られる範囲が分かる。,現在版での項目別通し検証待ち,
aio,U27,user-experience,「閲覧のみ」のゲストは編集できず、一般社員は他人の人事情報を勝手に見られない。,現在版での項目別通し検証待ち,
aio,U28,user-experience,別組織のURLで別の作業場所へ黙って移動せず、現在の組織が常に分かる。,現在版での項目別通し検証待ち,
aio,U29,user-experience,ログアウト・アカウント切替・共有PCで前利用者のキャッシュが表示されない。,現在版での項目別通し検証待ち,"; PARTIAL prompt lifecycle candidate: aio-prompts-lifecycle-repair.json (35 mounted / 28 API synthetic cases). Full gate, production/private workflows and full criterion remain unproven."
aio,U30,user-experience,招待取消・権限変更・録音同意撤回・共有URL失効が利用者の期待どおり反映される。,現在版での項目別通し検証待ち,"; PARTIAL prompt lifecycle candidate: aio-prompts-lifecycle-repair.json (35 mounted / 28 API synthetic cases). Full gate, production/private workflows and full criterion remain unproven."
aio,U31,user-experience,初回限定30日体験と通常無料枠を区別し、終了後の料金・更新条件が分かる。,現在版での項目別通し検証待ち,
aio,U32,user-experience,契約直後に全対象サービスへ反映し、未反映時は二重申込ではなく復旧へ誘導する。,現在版での項目別通し検証待ち,
aio,U33,user-experience,個人の課金・OWNERの課金・チーム席の意味を全サービスで説明し、払っても解決しない案内をしない。,現在版での項目別通し検証待ち,
aio,U34,user-experience,解約確認で全サービスへの影響、停止日、残るデータ、上限超過データの扱いが分かる。,現在版での項目別通し検証待ち,
aio,U35,user-experience,支払失敗・更新失敗・解約取消・再契約・Webhook遅延でも契約表示と利用権が一致する。,現在版での項目別通し検証待ち,
aio,U36,user-experience,解約と退会と履歴削除の違いが分かり、退会の手続き先に到達できる。,現在版での項目別通し検証待ち,
aio,U37,user-experience,退会時に自分だけでなく共同作業者のデータまで消えるか説明する。,現在版での項目別通し検証待ち,
aio,U38,user-experience,退会・保存期限前に必要なデータを持ち出せる。,現在版での項目別通し検証待ち,
aio,U39,user-experience,準備中・利用不可機能は操作前に分かり、スマホでも理由を読める。,現在版での項目別通し検証待ち,
aio,U40,user-experience,困った時の問い合わせ先と、伝えるべきエラー情報を分かりやすく表示する。,現在版での項目別通し検証待ち,
mensetsu,C001,公開・導線,定義と公開一覧と終了済み一覧が一致する,部分検証済み：正本の公開・稼働17件一致と終了14件除外、本番トップ・sitemap・llmsの17導線一致／終了API・認証後導線は別途検証,service-catalog-current.json; verify-service-catalog-current.cjs
mensetsu,C002,公開・導線,LP・料金・利用画面に到達できる,一部検証済み：公開LP・料金390px計測とログイン前導線／認証後・実機未検証,public-mobile-navigation.json; public-mobile-pricing.json; README.md
mensetsu,C003,公開・導線,主要CTAが正しいログイン後の戻り先へ遷移する,一部検証済み：公開LP・料金390px計測とログイン前導線／認証後・実機未検証,public-mobile-navigation.json; public-mobile-pricing.json; README.md
mensetsu,C004,公開・導線,終了APIが実生成・課金を受け付けない,部分検証済み：共通の終了14サービス配下＋既知の旧別名111ルート147処理で入口410を実フラグ評価／モジュール初期化・未発見別名・本番API通しは未検証,retired-route-entry-current.json; verify-retired-route-entry-current.cjs
mensetsu,C005,公開・導線,スマートフォンで横はみ出し・操作不能がない,一部検証済み：公開LP・料金390px計測とログイン前導線／認証後・実機未検証,public-mobile-navigation.json; public-mobile-pricing.json; README.md
mensetsu,C006,公開・導線,空状態・読込中・失敗状態が表示される,現在版での項目別通し検証待ち,
mensetsu,C007,認証,未ログインで私有データを取得・変更できない,現在版での項目別通し検証待ち,
mensetsu,C008,認証,期限切れセッションを拒否する,現在版での項目別通し検証待ち,
mensetsu,C009,認証,ログアウト後に他人のキャッシュを表示しない,現在版での項目別通し検証待ち,
mensetsu,C010,認証,ID欠落時のメール補完が一貫している,現在版での項目別通し検証待ち,
mensetsu,C011,認証,管理画面と一般画面の認証が分離される,現在版での項目別通し検証待ち,
mensetsu,C012,認証,招待トークンの期限・使い回し・失効が守られる,部分検証済み・本番通し検証待ち,team-invite-deadline-regression.log: 実APIの期限ちょうど/DB待ち中失効/rollbackを合成時計/DBで検証。5サービスのロック後組織とclaim時role/email/組織の照合も検証。実DB同時実行・本番参加と最後の期限確認からcommit間の保証は未確認。既存の画面復旧証拠はREADME参照。 invite-issuance-boundary-regression.log / sfa-invite-atomic-regression.log: 期限ちょうどの再送を合成時計で検証。SFAは既所属cleanupと最新の招待確認をTxへ一体化、失敗/失効/競合でrollback。実DB同時実行・本番承諾は未確認。
mensetsu,C013,権限・組織,他ユーザーのIDによる取得・更新・削除を拒否する,現在版での項目別通し検証待ち,
mensetsu,C014,権限・組織,明示した組織が不正なら別組織へ切り替えない,現在版での項目別通し検証待ち,
mensetsu,C015,権限・組織,退会済み・無効メンバーの権限を拒否する,現在版での項目別通し検証待ち,
mensetsu,C016,権限・組織,一般メンバー・管理者・オーナーの操作を分ける,現在版での項目別通し検証待ち,
mensetsu,C017,権限・組織,関連IDが同一組織に属することを検査する,現在版での項目別通し検証待ち,
mensetsu,C018,権限・組織,自己評価・上長評価・最終評価の列権限を分ける,現在版での項目別通し検証待ち,
mensetsu,C019,権限・組織,組織切替中の遅延応答を破棄する,現在版での項目別通し検証待ち／共通上限案内の画面・クエリ切替は87合成画面検証合格、他応答・実機・本番通し未検証,service-limit-navigation-current.json; service-limit-navigation-comparison-baseline.json（Nextナビゲーションはモック、明示イベントの遅延元は別途監査）
mensetsu,C020,権限・組織,共有URLから秘密情報や内部指示が漏れない,現在版での項目別通し検証待ち,
mensetsu,C021,課金,有料判定の正本と旧プラン正規化が統一される,現在版での項目別通し検証待ち,
mensetsu,C022,課金,決済セッションの所有者を検証する,現在版での項目別通し検証待ち,
mensetsu,C023,課金,解約済み・未払い・未完了から権限復活しない,現在版での項目別通し検証待ち,
mensetsu,C024,課金,有効契約がある場合の二重契約を防ぐ,現在版での項目別通し検証待ち,
mensetsu,C025,課金,全サービスへの権限同期が原子的である,現在版での項目別通し検証待ち,
mensetsu,C026,課金,Webhook署名・再送・順序逆転に対応する,現在版での項目別通し検証待ち,
mensetsu,C027,課金,Webhook不達時の再同期と監査が働く,現在版での項目別通し検証待ち,
mensetsu,C028,課金,解約・無料体験終了・再契約の状態遷移が正しい,現在版での項目別通し検証待ち,
mensetsu,C029,課金,決済失敗時に再申込不要と案内する,現在版での項目別通し検証待ち,
mensetsu,C030,課金,手動付与した有料権限が誤って失われない,現在版での項目別通し検証待ち,
mensetsu,C031,利用上限,料金ページの数値・単位・期間がAPIと一致する,現在版での項目別通し検証待ち,
mensetsu,C032,利用上限,表示残数とサーバー実使用数が一致する,現在版での項目別通し検証待ち,
mensetsu,C033,利用上限,上限0と上限直前と超過時を正しく扱う,現在版での項目別通し検証待ち,
mensetsu,C034,利用上限,同時リクエストでも上限を超えない,現在版での項目別通し検証待ち,
mensetsu,C035,利用上限,利用枠を予約してから従量課金APIを呼ぶ,現在版での項目別通し検証待ち,
mensetsu,C036,利用上限,生成失敗・中断時の予約を過不足なく戻す,現在版での項目別通し検証待ち,
mensetsu,C037,利用上限,月次・日次境界のタイムゾーンが統一される,現在版での項目別通し検証待ち,
mensetsu,C038,利用上限,履歴削除によって消費済み枠が復活しない,現在版での項目別通し検証待ち,
mensetsu,C039,利用上限,DB障害時に無制限の生成を許可しない,現在版での項目別通し検証待ち,
mensetsu,C040,利用上限,ゲストのCookie削除で有料原価が無制限にならない,現在版での項目別通し検証待ち,
mensetsu,C041,利用上限,チーム枠の契約者と操作ユーザーを取り違えない,現在版での項目別通し検証待ち,
mensetsu,C042,利用上限,全上限経路に適切な次の操作を提示する,現在版での項目別通し検証待ち,
mensetsu,C043,利用上限,無料体験対象外に無料を約束しない,現在版での項目別通し検証待ち,
mensetsu,C044,利用上限,混雑・サイズ超過・認証エラーを課金誘導しない,現在版での項目別通し検証待ち,
mensetsu,C045,データ・DB,モデルのテーブル・列・null制約が実DBと一致する,一部検証済み：本番DBの列存在・型・非配列の必須設定／配列NULL・業務整合性未検証,production-readonly-schema.json; production-readonly-constraints.json; README.md
mensetsu,C046,データ・DB,必要な外部キー・複合一意制約が存在する,一部検証済み：本番DBのFK列対応・一意制約／削除規則・通常インデックス未検証,production-readonly-schema.json; production-readonly-constraints.json; README.md
mensetsu,C047,データ・DB,孤立したユーザー・組織参照がない,現在版での項目別通し検証待ち,
mensetsu,C048,データ・DB,同一組織内の関連付け制約が守られる,現在版での項目別通し検証待ち,
mensetsu,C049,データ・DB,部署・タスク階層に循環を作れない,現在版での項目別通し検証待ち,
mensetsu,C050,データ・DB,採番の同時実行が衝突しない,現在版での項目別通し検証待ち,
mensetsu,C051,データ・DB,複数テーブル更新が途中失敗で片落ちしない,現在版での項目別通し検証待ち,
mensetsu,C052,データ・DB,削除・退会時の保持と匿名化の方針が定義される,現在版での項目別通し検証待ち,
mensetsu,C053,入力・外部接続,本文・配列・ファイル数・長さをサーバーで制限する,現在版での項目別通し検証待ち,
mensetsu,C054,入力・外部接続,URL取得で内部IP・リダイレクトSSRFを防ぐ,現在版での項目別通し検証待ち,
mensetsu,C055,入力・外部接続,HTML表示で保存型XSSを防ぐ,現在版での項目別通し検証待ち,
mensetsu,C056,入力・外部接続,金額・数量・日時の異常値を拒否する,現在版での項目別通し検証待ち,
mensetsu,C057,入力・外部接続,ファイル形式を拡張子だけで判断しない,現在版での項目別通し検証待ち,
mensetsu,C058,入力・外部接続,ストレージの所有権・署名URL期限が守られる,現在版での項目別通し検証待ち,
mensetsu,C059,入力・外部接続,外部APIのタイムアウト・再試行が有界である,現在版での項目別通し検証待ち,
mensetsu,C060,入力・外部接続,通知先・本文に利用者入力を安全に扱う,現在版での項目別通し検証待ち,
mensetsu,C061,生成・ジョブ,連打・再送に冪等性がある,現在版での項目別通し検証待ち,
mensetsu,C062,生成・ジョブ,ジョブの所有者と結果取得権限を検査する,現在版での項目別通し検証待ち,
mensetsu,C063,生成・ジョブ,ストリーム途中失敗を成功として表示しない,現在版での項目別通し検証待ち,
mensetsu,C064,生成・ジョブ,生成結果と履歴・使用量の保存が整合する,現在版での項目別通し検証待ち,
mensetsu,C065,生成・ジョブ,プロセス終了時に永久処理中にならない,現在版での項目別通し検証待ち,
mensetsu,C066,生成・ジョブ,再生成と編集にも上限を適用する,現在版での項目別通し検証待ち,
mensetsu,C067,生成・ジョブ,公開音声ルームの同意・期限・人数を守る,現在版での項目別通し検証待ち,
mensetsu,C068,生成・ジョブ,エクスポートで他人の成果物を含めない,現在版での項目別通し検証待ち,
mensetsu,C069,UI・アクセシビリティ,モーダルのフォーカス・Escape・復帰が機能する,現在版での項目別通し検証待ち,
mensetsu,C070,UI・アクセシビリティ,入力をエラー時に失わない,現在版での項目別通し検証待ち,
mensetsu,C071,UI・アクセシビリティ,上限案内が二重表示されない,現在版での項目別通し検証待ち,
mensetsu,C072,UI・アクセシビリティ,有料会員に同じプランへの重複契約を促さない,現在版での項目別通し検証待ち,
mensetsu,C073,UI・アクセシビリティ,APIエラーを消えるトーストだけに依存しない,現在版での項目別通し検証待ち,
mensetsu,C074,UI・アクセシビリティ,色だけに依存せずラベルと操作名を持つ,現在版での項目別通し検証待ち,
mensetsu,C075,運用・リリース,本番ソースと監査対象のハッシュが一致する,現在版での項目別通し検証待ち,
mensetsu,C076,運用・リリース,別作業の未公開修正を検証済みと混同しない,現在版での項目別通し検証待ち,
mensetsu,C077,運用・リリース,型チェック・ビルド・回帰試験が必須化される,現在版での項目別通し検証待ち,
mensetsu,C078,運用・リリース,デプロイでDB変更を無条件実行しない,現在版での項目別通し検証待ち,
mensetsu,C079,運用・リリース,個人情報・認証情報をログに出さない,現在版での項目別通し検証待ち,
mensetsu,C080,運用・リリース,監視の対象期間と未観測範囲を明示する,現在版での項目別通し検証待ち,
mensetsu,C081,運用・リリース,バックアップからの復元を実証できる,現在版での項目別通し検証待ち,
mensetsu,C082,運用・リリース,障害時に旧版へ戻す手順が用意される,現在版での項目別通し検証待ち,
mensetsu,U01,user-experience,トップの説明、LP、料金、ヘルプ、設定、APIの数値・単位が一致する。,現在版での項目別通し検証待ち,
mensetsu,U02,user-experience,「無料」「使い放題」「無制限」の対象と例外が申込前に分かる。,現在版での項目別通し検証待ち,
mensetsu,U03,user-experience,1回/1枚/1コンセプト/1分/1席/1件の意味と、再生成・修正の消費を説明する。,現在版での項目別通し検証待ち,
mensetsu,U04,user-experience,日次・月次・累計・同時保存件数・直近7日間を区別し、次回復旧日時が分かる。,現在版での項目別通し検証待ち,
mensetsu,U05,user-experience,公開LP/料金/主要CTAがPC・スマートフォンで表示でき、終了サービスへ迷い込まない。,一部検証済み：公開LP・料金390px計測とログイン前導線／認証後・実機未検証,public-mobile-navigation.json; public-mobile-pricing.json; README.md
mensetsu,U06,user-experience,ログイン必須か、無料体験の開始条件は何かが入力前に分かる。,現在版での項目別通し検証待ち,
mensetsu,U07,user-experience,入力途中にログイン・料金確認へ移動しても内容が消えない。,現在版での項目別通し検証待ち,
mensetsu,U08,user-experience,組織作成・メンバー招待・既存組織参加の順序と役割が分かる。,現在版での項目別通し検証待ち,
mensetsu,U09,user-experience,URL・ファイル形式/容量・数値・必須項目を実処理前に検証し、入力を別の意味へ黙って変えない。,現在版での項目別通し検証待ち,
mensetsu,U10,user-experience,マイク・録音・タブ共有・対応ブラウザ・スマホ対応の条件を開始前に説明する。,現在版での項目別通し検証待ち,
mensetsu,U11,user-experience,開始・進行中・完了・失敗・中止の状態を区別し、いつ待ちをやめてよいか分かる。,現在版での項目別通し検証待ち,
mensetsu,U12,user-experience,通信失敗を「0件」「保存済み」「ダウンロード済み」と表示しない。,現在版での項目別通し検証待ち,
mensetsu,U13,user-experience,二重クリック・再読込・戻る・別タブで、二重作成や二重消費を起こさない。,現在版での項目別通し検証待ち,
mensetsu,U14,user-experience,生成途中の失敗・一部成功でも成果物を救出でき、再試行対象と追加消費が分かる。,現在版での項目別通し検証待ち,
mensetsu,U15,user-experience,確定済み書類・終了した評価・締めた勤怠は通常操作で意図せず書き換わらない。,現在版での項目別通し検証待ち,
mensetsu,U16,user-experience,残量をサーバー実績に合わせ、端末変更や再ログインで一致する。,現在版での項目別通し検証待ち,
mensetsu,U17,user-experience,残量を超える注文を入力時点で説明し、一部生成になる場合は先に分かる。,現在版での項目別通し検証待ち,
mensetsu,U18,user-experience,上限到達後、入力を保ったまま利用条件・正しい契約者・相談先へ進める。,現在版での項目別通し検証待ち,
mensetsu,U19,user-experience,すでに有料の利用者、招待された従業員、面接の応募者に無関係な新規課金を勧めない。,現在版での項目別通し検証待ち,
mensetsu,U20,user-experience,月替わり・解約・再契約・失敗返却・削除で使用量が矛盾せず、復旧理由も説明できる。,現在版での項目別通し検証待ち,
mensetsu,U21,user-experience,保存期間、起算日、無料化後の扱い、削除前通知が表示と処理で一致する。,現在版での項目別通し検証待ち,
mensetsu,U22,user-experience,端末限定保存とアカウント保存を区別し、別端末で失われる場合は事前に分かる。,現在版での項目別通し検証待ち,
mensetsu,U23,user-experience,大量データの201件目等へ到達でき、検索・ページ送り・出力で欠落しない。,現在版での項目別通し検証待ち,
mensetsu,U24,user-experience,CSV/PDF/PPTX/ZIPの内容・件数・金額・文字化けを確認し、取得失敗から再試行できる。,現在版での項目別通し検証待ち,
mensetsu,U25,user-experience,履歴削除、素材削除、プロジェクト削除、アーカイブで消える関連データを事前に説明する。,現在版での項目別通し検証待ち,
mensetsu,U26,user-experience,個人用/組織用/公開の境界と、URLを知るだけで見られる範囲が分かる。,現在版での項目別通し検証待ち,
mensetsu,U27,user-experience,「閲覧のみ」のゲストは編集できず、一般社員は他人の人事情報を勝手に見られない。,現在版での項目別通し検証待ち,
mensetsu,U28,user-experience,別組織のURLで別の作業場所へ黙って移動せず、現在の組織が常に分かる。,現在版での項目別通し検証待ち,
mensetsu,U29,user-experience,ログアウト・アカウント切替・共有PCで前利用者のキャッシュが表示されない。,現在版での項目別通し検証待ち,
mensetsu,U30,user-experience,招待取消・権限変更・録音同意撤回・共有URL失効が利用者の期待どおり反映される。,現在版での項目別通し検証待ち,
mensetsu,U31,user-experience,初回限定30日体験と通常無料枠を区別し、終了後の料金・更新条件が分かる。,現在版での項目別通し検証待ち,
mensetsu,U32,user-experience,契約直後に全対象サービスへ反映し、未反映時は二重申込ではなく復旧へ誘導する。,現在版での項目別通し検証待ち,
mensetsu,U33,user-experience,個人の課金・OWNERの課金・チーム席の意味を全サービスで説明し、払っても解決しない案内をしない。,現在版での項目別通し検証待ち,
mensetsu,U34,user-experience,解約確認で全サービスへの影響、停止日、残るデータ、上限超過データの扱いが分かる。,現在版での項目別通し検証待ち,
mensetsu,U35,user-experience,支払失敗・更新失敗・解約取消・再契約・Webhook遅延でも契約表示と利用権が一致する。,現在版での項目別通し検証待ち,
mensetsu,U36,user-experience,解約と退会と履歴削除の違いが分かり、退会の手続き先に到達できる。,現在版での項目別通し検証待ち,
mensetsu,U37,user-experience,退会時に自分だけでなく共同作業者のデータまで消えるか説明する。,現在版での項目別通し検証待ち,
mensetsu,U38,user-experience,退会・保存期限前に必要なデータを持ち出せる。,現在版での項目別通し検証待ち,
mensetsu,U39,user-experience,準備中・利用不可機能は操作前に分かり、スマホでも理由を読める。,現在版での項目別通し検証待ち,
mensetsu,U40,user-experience,困った時の問い合わせ先と、伝えるべきエラー情報を分かりやすく表示する。,現在版での項目別通し検証待ち,
quote,C001,公開・導線,定義と公開一覧と終了済み一覧が一致する,部分検証済み：正本の公開・稼働17件一致と終了14件除外、本番トップ・sitemap・llmsの17導線一致／終了API・認証後導線は別途検証,service-catalog-current.json; verify-service-catalog-current.cjs
quote,C002,公開・導線,LP・料金・利用画面に到達できる,一部検証済み：公開LP・料金390px計測とログイン前導線／認証後・実機未検証,public-mobile-navigation.json; public-mobile-pricing.json; README.md
quote,C003,公開・導線,主要CTAが正しいログイン後の戻り先へ遷移する,一部検証済み：公開LP・料金390px計測とログイン前導線／認証後・実機未検証,public-mobile-navigation.json; public-mobile-pricing.json; README.md
quote,C004,公開・導線,終了APIが実生成・課金を受け付けない,部分検証済み：共通の終了14サービス配下＋既知の旧別名111ルート147処理で入口410を実フラグ評価／モジュール初期化・未発見別名・本番API通しは未検証,retired-route-entry-current.json; verify-retired-route-entry-current.cjs
quote,C005,公開・導線,スマートフォンで横はみ出し・操作不能がない,一部検証済み：公開LP・料金390px計測とログイン前導線／認証後・実機未検証,public-mobile-navigation.json; public-mobile-pricing.json; README.md
quote,C006,公開・導線,空状態・読込中・失敗状態が表示される,現在版での項目別通し検証待ち,
quote,C007,認証,未ログインで私有データを取得・変更できない,現在版での項目別通し検証待ち,
quote,C008,認証,期限切れセッションを拒否する,現在版での項目別通し検証待ち,
quote,C009,認証,ログアウト後に他人のキャッシュを表示しない,現在版での項目別通し検証待ち,
quote,C010,認証,ID欠落時のメール補完が一貫している,現在版での項目別通し検証待ち,
quote,C011,認証,管理画面と一般画面の認証が分離される,現在版での項目別通し検証待ち,
quote,C012,認証,招待トークンの期限・使い回し・失効が守られる,部分検証済み・本番通し検証待ち,team-invite-deadline-regression.log: 実APIの期限ちょうど/DB待ち中失効/rollbackを合成時計/DBで検証。5サービスのロック後組織とclaim時role/email/組織の照合も検証。実DB同時実行・本番参加と最後の期限確認からcommit間の保証は未確認。既存の画面復旧証拠はREADME参照。 invite-issuance-boundary-regression.log / sfa-invite-atomic-regression.log: 期限ちょうどの再送を合成時計で検証。SFAは既所属cleanupと最新の招待確認をTxへ一体化、失敗/失効/競合でrollback。実DB同時実行・本番承諾は未確認。
quote,C013,権限・組織,他ユーザーのIDによる取得・更新・削除を拒否する,現在版での項目別通し検証待ち,
quote,C014,権限・組織,明示した組織が不正なら別組織へ切り替えない,現在版での項目別通し検証待ち,
quote,C015,権限・組織,退会済み・無効メンバーの権限を拒否する,現在版での項目別通し検証待ち,
quote,C016,権限・組織,一般メンバー・管理者・オーナーの操作を分ける,部分検証済み・本番通し検証待ち," org-member-management-repair.json: Candidate only, not deployed. Actual full settings/MemberPanel StrictMode synthetic tests (40 total across both services) cover role downgrade, org/auth transitions, retained callbacks, same-frame double activation and unknown-result recovery. Does not establish every operation, durable multi-tab idempotency or real private persistence."
quote,C017,権限・組織,関連IDが同一組織に属することを検査する,現在版での項目別通し検証待ち,
quote,C018,権限・組織,自己評価・上長評価・最終評価の列権限を分ける,現在版での項目別通し検証待ち,
quote,C019,権限・組織,組織切替中の遅延応答を破棄する,部分検証済み・本番通し検証待ち／共通上限案内の画面・クエリ切替は87合成画面検証合格、他応答・実機・本番通し未検証," org-member-management-repair.json: Candidate only, not deployed. Actual full settings/MemberPanel StrictMode synthetic tests (40 total across both services) cover role downgrade, org/auth transitions, retained callbacks, same-frame double activation and unknown-result recovery. Does not establish every operation, durable multi-tab idempotency or real private persistence.; service-limit-navigation-current.json; service-limit-navigation-comparison-baseline.json（Nextナビゲーションはモック、明示イベントの遅延元は別途監査）"
quote,C020,権限・組織,共有URLから秘密情報や内部指示が漏れない,現在版での項目別通し検証待ち,
quote,C021,課金,有料判定の正本と旧プラン正規化が統一される,現在版での項目別通し検証待ち,
quote,C022,課金,決済セッションの所有者を検証する,現在版での項目別通し検証待ち,
quote,C023,課金,解約済み・未払い・未完了から権限復活しない,現在版での項目別通し検証待ち,
quote,C024,課金,有効契約がある場合の二重契約を防ぐ,現在版での項目別通し検証待ち,
quote,C025,課金,全サービスへの権限同期が原子的である,現在版での項目別通し検証待ち,
quote,C026,課金,Webhook署名・再送・順序逆転に対応する,現在版での項目別通し検証待ち,
quote,C027,課金,Webhook不達時の再同期と監査が働く,現在版での項目別通し検証待ち,
quote,C028,課金,解約・無料体験終了・再契約の状態遷移が正しい,現在版での項目別通し検証待ち,
quote,C029,課金,決済失敗時に再申込不要と案内する,現在版での項目別通し検証待ち,
quote,C030,課金,手動付与した有料権限が誤って失われない,現在版での項目別通し検証待ち,
quote,C031,利用上限,料金ページの数値・単位・期間がAPIと一致する,現在版での項目別通し検証待ち,
quote,C032,利用上限,表示残数とサーバー実使用数が一致する,現在版での項目別通し検証待ち,
quote,C033,利用上限,上限0と上限直前と超過時を正しく扱う,現在版での項目別通し検証待ち,
quote,C034,利用上限,同時リクエストでも上限を超えない,現在版での項目別通し検証待ち,
quote,C035,利用上限,利用枠を予約してから従量課金APIを呼ぶ,現在版での項目別通し検証待ち,
quote,C036,利用上限,生成失敗・中断時の予約を過不足なく戻す,現在版での項目別通し検証待ち,
quote,C037,利用上限,月次・日次境界のタイムゾーンが統一される,現在版での項目別通し検証待ち,
quote,C038,利用上限,履歴削除によって消費済み枠が復活しない,現在版での項目別通し検証待ち,
quote,C039,利用上限,DB障害時に無制限の生成を許可しない,現在版での項目別通し検証待ち,
quote,C040,利用上限,ゲストのCookie削除で有料原価が無制限にならない,現在版での項目別通し検証待ち,
quote,C041,利用上限,チーム枠の契約者と操作ユーザーを取り違えない,現在版での項目別通し検証待ち,
quote,C042,利用上限,全上限経路に適切な次の操作を提示する,現在版での項目別通し検証待ち,
quote,C043,利用上限,無料体験対象外に無料を約束しない,現在版での項目別通し検証待ち,
quote,C044,利用上限,混雑・サイズ超過・認証エラーを課金誘導しない,現在版での項目別通し検証待ち,
quote,C045,データ・DB,モデルのテーブル・列・null制約が実DBと一致する,一部検証済み：本番DBの列存在・型・非配列の必須設定／配列NULL・業務整合性未検証,production-readonly-schema.json; production-readonly-constraints.json; README.md
quote,C046,データ・DB,必要な外部キー・複合一意制約が存在する,一部検証済み：本番DBのFK列対応・一意制約／削除規則・通常インデックス未検証,production-readonly-schema.json; production-readonly-constraints.json; README.md
quote,C047,データ・DB,孤立したユーザー・組織参照がない,現在版での項目別通し検証待ち,
quote,C048,データ・DB,同一組織内の関連付け制約が守られる,現在版での項目別通し検証待ち,
quote,C049,データ・DB,部署・タスク階層に循環を作れない,現在版での項目別通し検証待ち,
quote,C050,データ・DB,採番の同時実行が衝突しない,現在版での項目別通し検証待ち,
quote,C051,データ・DB,複数テーブル更新が途中失敗で片落ちしない,現在版での項目別通し検証待ち,
quote,C052,データ・DB,削除・退会時の保持と匿名化の方針が定義される,現在版での項目別通し検証待ち,
quote,C053,入力・外部接続,本文・配列・ファイル数・長さをサーバーで制限する,現在版での項目別通し検証待ち,
quote,C054,入力・外部接続,URL取得で内部IP・リダイレクトSSRFを防ぐ,現在版での項目別通し検証待ち,
quote,C055,入力・外部接続,HTML表示で保存型XSSを防ぐ,現在版での項目別通し検証待ち,
quote,C056,入力・外部接続,金額・数量・日時の異常値を拒否する,現在版での項目別通し検証待ち,
quote,C057,入力・外部接続,ファイル形式を拡張子だけで判断しない,現在版での項目別通し検証待ち,
quote,C058,入力・外部接続,ストレージの所有権・署名URL期限が守られる,現在版での項目別通し検証待ち,
quote,C059,入力・外部接続,外部APIのタイムアウト・再試行が有界である,現在版での項目別通し検証待ち,
quote,C060,入力・外部接続,通知先・本文に利用者入力を安全に扱う,現在版での項目別通し検証待ち,
quote,C061,生成・ジョブ,連打・再送に冪等性がある,現在版での項目別通し検証待ち,
quote,C062,生成・ジョブ,ジョブの所有者と結果取得権限を検査する,現在版での項目別通し検証待ち,
quote,C063,生成・ジョブ,ストリーム途中失敗を成功として表示しない,現在版での項目別通し検証待ち,
quote,C064,生成・ジョブ,生成結果と履歴・使用量の保存が整合する,現在版での項目別通し検証待ち,
quote,C065,生成・ジョブ,プロセス終了時に永久処理中にならない,現在版での項目別通し検証待ち,
quote,C066,生成・ジョブ,再生成と編集にも上限を適用する,現在版での項目別通し検証待ち,
quote,C067,生成・ジョブ,公開音声ルームの同意・期限・人数を守る,現在版での項目別通し検証待ち,
quote,C068,生成・ジョブ,エクスポートで他人の成果物を含めない,現在版での項目別通し検証待ち,
quote,C069,UI・アクセシビリティ,モーダルのフォーカス・Escape・復帰が機能する,現在版での項目別通し検証待ち,
quote,C070,UI・アクセシビリティ,入力をエラー時に失わない,現在版での項目別通し検証待ち,
quote,C071,UI・アクセシビリティ,上限案内が二重表示されない,現在版での項目別通し検証待ち,
quote,C072,UI・アクセシビリティ,有料会員に同じプランへの重複契約を促さない,現在版での項目別通し検証待ち,
quote,C073,UI・アクセシビリティ,APIエラーを消えるトーストだけに依存しない,現在版での項目別通し検証待ち,
quote,C074,UI・アクセシビリティ,色だけに依存せずラベルと操作名を持つ,現在版での項目別通し検証待ち,
quote,C075,運用・リリース,本番ソースと監査対象のハッシュが一致する,現在版での項目別通し検証待ち,
quote,C076,運用・リリース,別作業の未公開修正を検証済みと混同しない,現在版での項目別通し検証待ち,
quote,C077,運用・リリース,型チェック・ビルド・回帰試験が必須化される,現在版での項目別通し検証待ち,
quote,C078,運用・リリース,デプロイでDB変更を無条件実行しない,現在版での項目別通し検証待ち,
quote,C079,運用・リリース,個人情報・認証情報をログに出さない,現在版での項目別通し検証待ち,
quote,C080,運用・リリース,監視の対象期間と未観測範囲を明示する,現在版での項目別通し検証待ち,
quote,C081,運用・リリース,バックアップからの復元を実証できる,現在版での項目別通し検証待ち,
quote,C082,運用・リリース,障害時に旧版へ戻す手順が用意される,現在版での項目別通し検証待ち,
quote,U01,user-experience,トップの説明、LP、料金、ヘルプ、設定、APIの数値・単位が一致する。,現在版での項目別通し検証待ち,
quote,U02,user-experience,「無料」「使い放題」「無制限」の対象と例外が申込前に分かる。,現在版での項目別通し検証待ち,
quote,U03,user-experience,1回/1枚/1コンセプト/1分/1席/1件の意味と、再生成・修正の消費を説明する。,現在版での項目別通し検証待ち,
quote,U04,user-experience,日次・月次・累計・同時保存件数・直近7日間を区別し、次回復旧日時が分かる。,現在版での項目別通し検証待ち,
quote,U05,user-experience,公開LP/料金/主要CTAがPC・スマートフォンで表示でき、終了サービスへ迷い込まない。,一部検証済み：公開LP・料金390px計測とログイン前導線／認証後・実機未検証,public-mobile-navigation.json; public-mobile-pricing.json; README.md
quote,U06,user-experience,ログイン必須か、無料体験の開始条件は何かが入力前に分かる。,現在版での項目別通し検証待ち,
quote,U07,user-experience,入力途中にログイン・料金確認へ移動しても内容が消えない。,現在版での項目別通し検証待ち,
quote,U08,user-experience,組織作成・メンバー招待・既存組織参加の順序と役割が分かる。,現在版での項目別通し検証待ち,
quote,U09,user-experience,URL・ファイル形式/容量・数値・必須項目を実処理前に検証し、入力を別の意味へ黙って変えない。,現在版での項目別通し検証待ち,
quote,U10,user-experience,マイク・録音・タブ共有・対応ブラウザ・スマホ対応の条件を開始前に説明する。,現在版での項目別通し検証待ち,
quote,U11,user-experience,開始・進行中・完了・失敗・中止の状態を区別し、いつ待ちをやめてよいか分かる。,現在版での項目別通し検証待ち,
quote,U12,user-experience,通信失敗を「0件」「保存済み」「ダウンロード済み」と表示しない。,現在版での項目別通し検証待ち,
quote,U13,user-experience,二重クリック・再読込・戻る・別タブで、二重作成や二重消費を起こさない。,部分検証済み・本番通し検証待ち," org-member-management-repair.json: Candidate only, not deployed. Actual full settings/MemberPanel StrictMode synthetic tests (40 total across both services) cover role downgrade, org/auth transitions, retained callbacks, same-frame double activation and unknown-result recovery. Does not establish every operation, durable multi-tab idempotency or real private persistence."
quote,U14,user-experience,生成途中の失敗・一部成功でも成果物を救出でき、再試行対象と追加消費が分かる。,現在版での項目別通し検証待ち,
quote,U15,user-experience,確定済み書類・終了した評価・締めた勤怠は通常操作で意図せず書き換わらない。,現在版での項目別通し検証待ち,
quote,U16,user-experience,残量をサーバー実績に合わせ、端末変更や再ログインで一致する。,現在版での項目別通し検証待ち,
quote,U17,user-experience,残量を超える注文を入力時点で説明し、一部生成になる場合は先に分かる。,現在版での項目別通し検証待ち,
quote,U18,user-experience,上限到達後、入力を保ったまま利用条件・正しい契約者・相談先へ進める。,現在版での項目別通し検証待ち,
quote,U19,user-experience,すでに有料の利用者、招待された従業員、面接の応募者に無関係な新規課金を勧めない。,現在版での項目別通し検証待ち,
quote,U20,user-experience,月替わり・解約・再契約・失敗返却・削除で使用量が矛盾せず、復旧理由も説明できる。,現在版での項目別通し検証待ち,
quote,U21,user-experience,保存期間、起算日、無料化後の扱い、削除前通知が表示と処理で一致する。,現在版での項目別通し検証待ち,
quote,U22,user-experience,端末限定保存とアカウント保存を区別し、別端末で失われる場合は事前に分かる。,現在版での項目別通し検証待ち,
quote,U23,user-experience,大量データの201件目等へ到達でき、検索・ページ送り・出力で欠落しない。,現在版での項目別通し検証待ち,
quote,U24,user-experience,CSV/PDF/PPTX/ZIPの内容・件数・金額・文字化けを確認し、取得失敗から再試行できる。,現在版での項目別通し検証待ち,
quote,U25,user-experience,履歴削除、素材削除、プロジェクト削除、アーカイブで消える関連データを事前に説明する。,現在版での項目別通し検証待ち,
quote,U26,user-experience,個人用/組織用/公開の境界と、URLを知るだけで見られる範囲が分かる。,現在版での項目別通し検証待ち,
quote,U27,user-experience,「閲覧のみ」のゲストは編集できず、一般社員は他人の人事情報を勝手に見られない。,現在版での項目別通し検証待ち,
quote,U28,user-experience,別組織のURLで別の作業場所へ黙って移動せず、現在の組織が常に分かる。,現在版での項目別通し検証待ち,
quote,U29,user-experience,ログアウト・アカウント切替・共有PCで前利用者のキャッシュが表示されない。,現在版での項目別通し検証待ち,
quote,U30,user-experience,招待取消・権限変更・録音同意撤回・共有URL失効が利用者の期待どおり反映される。,現在版での項目別通し検証待ち,
quote,U31,user-experience,初回限定30日体験と通常無料枠を区別し、終了後の料金・更新条件が分かる。,現在版での項目別通し検証待ち,
quote,U32,user-experience,契約直後に全対象サービスへ反映し、未反映時は二重申込ではなく復旧へ誘導する。,現在版での項目別通し検証待ち,
quote,U33,user-experience,個人の課金・OWNERの課金・チーム席の意味を全サービスで説明し、払っても解決しない案内をしない。,現在版での項目別通し検証待ち,
quote,U34,user-experience,解約確認で全サービスへの影響、停止日、残るデータ、上限超過データの扱いが分かる。,現在版での項目別通し検証待ち,
quote,U35,user-experience,支払失敗・更新失敗・解約取消・再契約・Webhook遅延でも契約表示と利用権が一致する。,現在版での項目別通し検証待ち,
quote,U36,user-experience,解約と退会と履歴削除の違いが分かり、退会の手続き先に到達できる。,現在版での項目別通し検証待ち,
quote,U37,user-experience,退会時に自分だけでなく共同作業者のデータまで消えるか説明する。,現在版での項目別通し検証待ち,
quote,U38,user-experience,退会・保存期限前に必要なデータを持ち出せる。,現在版での項目別通し検証待ち,
quote,U39,user-experience,準備中・利用不可機能は操作前に分かり、スマホでも理由を読める。,現在版での項目別通し検証待ち,
quote,U40,user-experience,困った時の問い合わせ先と、伝えるべきエラー情報を分かりやすく表示する。,現在版での項目別通し検証待ち,
aishodan,C001,公開・導線,定義と公開一覧と終了済み一覧が一致する,部分検証済み：正本の公開・稼働17件一致と終了14件除外、本番トップ・sitemap・llmsの17導線一致／終了API・認証後導線は別途検証,service-catalog-current.json; verify-service-catalog-current.cjs
aishodan,C002,公開・導線,LP・料金・利用画面に到達できる,一部検証済み：公開LP・料金390px計測とログイン前導線／認証後・実機未検証,public-mobile-navigation.json; public-mobile-pricing.json; README.md
aishodan,C003,公開・導線,主要CTAが正しいログイン後の戻り先へ遷移する,一部検証済み：公開LP・料金390px計測とログイン前導線／認証後・実機未検証,public-mobile-navigation.json; public-mobile-pricing.json; README.md
aishodan,C004,公開・導線,終了APIが実生成・課金を受け付けない,部分検証済み：共通の終了14サービス配下＋既知の旧別名111ルート147処理で入口410を実フラグ評価／モジュール初期化・未発見別名・本番API通しは未検証,retired-route-entry-current.json; verify-retired-route-entry-current.cjs
aishodan,C005,公開・導線,スマートフォンで横はみ出し・操作不能がない,一部検証済み：公開LP・料金390px計測とログイン前導線／認証後・実機未検証,public-mobile-navigation.json; public-mobile-pricing.json; README.md
aishodan,C006,公開・導線,空状態・読込中・失敗状態が表示される,現在版での項目別通し検証待ち,
aishodan,C007,認証,未ログインで私有データを取得・変更できない,現在版での項目別通し検証待ち,
aishodan,C008,認証,期限切れセッションを拒否する,現在版での項目別通し検証待ち,
aishodan,C009,認証,ログアウト後に他人のキャッシュを表示しない,現在版での項目別通し検証待ち,
aishodan,C010,認証,ID欠落時のメール補完が一貫している,現在版での項目別通し検証待ち,
aishodan,C011,認証,管理画面と一般画面の認証が分離される,現在版での項目別通し検証待ち,
aishodan,C012,認証,招待トークンの期限・使い回し・失効が守られる,部分検証済み・本番通し検証待ち,team-invite-deadline-regression.log: 実APIの期限ちょうど/DB待ち中失効/rollbackを合成時計/DBで検証。5サービスのロック後組織とclaim時role/email/組織の照合も検証。実DB同時実行・本番参加と最後の期限確認からcommit間の保証は未確認。既存の画面復旧証拠はREADME参照。 invite-issuance-boundary-regression.log / sfa-invite-atomic-regression.log: 期限ちょうどの再送を合成時計で検証。SFAは既所属cleanupと最新の招待確認をTxへ一体化、失敗/失効/競合でrollback。実DB同時実行・本番承諾は未確認。
aishodan,C013,権限・組織,他ユーザーのIDによる取得・更新・削除を拒否する,現在版での項目別通し検証待ち,
aishodan,C014,権限・組織,明示した組織が不正なら別組織へ切り替えない,現在版での項目別通し検証待ち,
aishodan,C015,権限・組織,退会済み・無効メンバーの権限を拒否する,現在版での項目別通し検証待ち,
aishodan,C016,権限・組織,一般メンバー・管理者・オーナーの操作を分ける,部分検証済み・本番通し検証待ち," org-member-management-repair.json: Candidate only, not deployed. Actual full settings/MemberPanel StrictMode synthetic tests (40 total across both services) cover role downgrade, org/auth transitions, retained callbacks, same-frame double activation and unknown-result recovery. Does not establish every operation, durable multi-tab idempotency or real private persistence."
aishodan,C017,権限・組織,関連IDが同一組織に属することを検査する,現在版での項目別通し検証待ち,
aishodan,C018,権限・組織,自己評価・上長評価・最終評価の列権限を分ける,現在版での項目別通し検証待ち,
aishodan,C019,権限・組織,組織切替中の遅延応答を破棄する,部分検証済み・本番通し検証待ち／共通上限案内の画面・クエリ切替は87合成画面検証合格、他応答・実機・本番通し未検証," org-member-management-repair.json: Candidate only, not deployed. Actual full settings/MemberPanel StrictMode synthetic tests (40 total across both services) cover role downgrade, org/auth transitions, retained callbacks, same-frame double activation and unknown-result recovery. Does not establish every operation, durable multi-tab idempotency or real private persistence.; service-limit-navigation-current.json; service-limit-navigation-comparison-baseline.json（Nextナビゲーションはモック、明示イベントの遅延元は別途監査）"
aishodan,C020,権限・組織,共有URLから秘密情報や内部指示が漏れない,現在版での項目別通し検証待ち,
aishodan,C021,課金,有料判定の正本と旧プラン正規化が統一される,現在版での項目別通し検証待ち,
aishodan,C022,課金,決済セッションの所有者を検証する,現在版での項目別通し検証待ち,
aishodan,C023,課金,解約済み・未払い・未完了から権限復活しない,現在版での項目別通し検証待ち,
aishodan,C024,課金,有効契約がある場合の二重契約を防ぐ,現在版での項目別通し検証待ち,
aishodan,C025,課金,全サービスへの権限同期が原子的である,現在版での項目別通し検証待ち,
aishodan,C026,課金,Webhook署名・再送・順序逆転に対応する,現在版での項目別通し検証待ち,
aishodan,C027,課金,Webhook不達時の再同期と監査が働く,現在版での項目別通し検証待ち,
aishodan,C028,課金,解約・無料体験終了・再契約の状態遷移が正しい,現在版での項目別通し検証待ち,
aishodan,C029,課金,決済失敗時に再申込不要と案内する,現在版での項目別通し検証待ち,
aishodan,C030,課金,手動付与した有料権限が誤って失われない,現在版での項目別通し検証待ち,
aishodan,C031,利用上限,料金ページの数値・単位・期間がAPIと一致する,現在版での項目別通し検証待ち,
aishodan,C032,利用上限,表示残数とサーバー実使用数が一致する,現在版での項目別通し検証待ち,
aishodan,C033,利用上限,上限0と上限直前と超過時を正しく扱う,現在版での項目別通し検証待ち,
aishodan,C034,利用上限,同時リクエストでも上限を超えない,現在版での項目別通し検証待ち,
aishodan,C035,利用上限,利用枠を予約してから従量課金APIを呼ぶ,現在版での項目別通し検証待ち,
aishodan,C036,利用上限,生成失敗・中断時の予約を過不足なく戻す,現在版での項目別通し検証待ち,
aishodan,C037,利用上限,月次・日次境界のタイムゾーンが統一される,現在版での項目別通し検証待ち,
aishodan,C038,利用上限,履歴削除によって消費済み枠が復活しない,現在版での項目別通し検証待ち,
aishodan,C039,利用上限,DB障害時に無制限の生成を許可しない,現在版での項目別通し検証待ち,
aishodan,C040,利用上限,ゲストのCookie削除で有料原価が無制限にならない,現在版での項目別通し検証待ち,
aishodan,C041,利用上限,チーム枠の契約者と操作ユーザーを取り違えない,現在版での項目別通し検証待ち,
aishodan,C042,利用上限,全上限経路に適切な次の操作を提示する,現在版での項目別通し検証待ち,
aishodan,C043,利用上限,無料体験対象外に無料を約束しない,現在版での項目別通し検証待ち,
aishodan,C044,利用上限,混雑・サイズ超過・認証エラーを課金誘導しない,現在版での項目別通し検証待ち,
aishodan,C045,データ・DB,モデルのテーブル・列・null制約が実DBと一致する,一部検証済み：本番DBの列存在・型・非配列の必須設定／配列NULL・業務整合性未検証,production-readonly-schema.json; production-readonly-constraints.json; README.md
aishodan,C046,データ・DB,必要な外部キー・複合一意制約が存在する,一部検証済み：本番DBのFK列対応・一意制約／削除規則・通常インデックス未検証,production-readonly-schema.json; production-readonly-constraints.json; README.md
aishodan,C047,データ・DB,孤立したユーザー・組織参照がない,現在版での項目別通し検証待ち,
aishodan,C048,データ・DB,同一組織内の関連付け制約が守られる,現在版での項目別通し検証待ち,
aishodan,C049,データ・DB,部署・タスク階層に循環を作れない,現在版での項目別通し検証待ち,
aishodan,C050,データ・DB,採番の同時実行が衝突しない,現在版での項目別通し検証待ち,
aishodan,C051,データ・DB,複数テーブル更新が途中失敗で片落ちしない,現在版での項目別通し検証待ち,
aishodan,C052,データ・DB,削除・退会時の保持と匿名化の方針が定義される,現在版での項目別通し検証待ち,
aishodan,C053,入力・外部接続,本文・配列・ファイル数・長さをサーバーで制限する,現在版での項目別通し検証待ち,
aishodan,C054,入力・外部接続,URL取得で内部IP・リダイレクトSSRFを防ぐ,現在版での項目別通し検証待ち,
aishodan,C055,入力・外部接続,HTML表示で保存型XSSを防ぐ,現在版での項目別通し検証待ち,
aishodan,C056,入力・外部接続,金額・数量・日時の異常値を拒否する,現在版での項目別通し検証待ち,
aishodan,C057,入力・外部接続,ファイル形式を拡張子だけで判断しない,現在版での項目別通し検証待ち,
aishodan,C058,入力・外部接続,ストレージの所有権・署名URL期限が守られる,現在版での項目別通し検証待ち,
aishodan,C059,入力・外部接続,外部APIのタイムアウト・再試行が有界である,現在版での項目別通し検証待ち,
aishodan,C060,入力・外部接続,通知先・本文に利用者入力を安全に扱う,現在版での項目別通し検証待ち,
aishodan,C061,生成・ジョブ,連打・再送に冪等性がある,現在版での項目別通し検証待ち,
aishodan,C062,生成・ジョブ,ジョブの所有者と結果取得権限を検査する,現在版での項目別通し検証待ち,
aishodan,C063,生成・ジョブ,ストリーム途中失敗を成功として表示しない,現在版での項目別通し検証待ち,
aishodan,C064,生成・ジョブ,生成結果と履歴・使用量の保存が整合する,現在版での項目別通し検証待ち,
aishodan,C065,生成・ジョブ,プロセス終了時に永久処理中にならない,現在版での項目別通し検証待ち,
aishodan,C066,生成・ジョブ,再生成と編集にも上限を適用する,現在版での項目別通し検証待ち,
aishodan,C067,生成・ジョブ,公開音声ルームの同意・期限・人数を守る,現在版での項目別通し検証待ち,
aishodan,C068,生成・ジョブ,エクスポートで他人の成果物を含めない,現在版での項目別通し検証待ち,
aishodan,C069,UI・アクセシビリティ,モーダルのフォーカス・Escape・復帰が機能する,現在版での項目別通し検証待ち,
aishodan,C070,UI・アクセシビリティ,入力をエラー時に失わない,現在版での項目別通し検証待ち,
aishodan,C071,UI・アクセシビリティ,上限案内が二重表示されない,現在版での項目別通し検証待ち,
aishodan,C072,UI・アクセシビリティ,有料会員に同じプランへの重複契約を促さない,現在版での項目別通し検証待ち,
aishodan,C073,UI・アクセシビリティ,APIエラーを消えるトーストだけに依存しない,現在版での項目別通し検証待ち,
aishodan,C074,UI・アクセシビリティ,色だけに依存せずラベルと操作名を持つ,現在版での項目別通し検証待ち,
aishodan,C075,運用・リリース,本番ソースと監査対象のハッシュが一致する,現在版での項目別通し検証待ち,
aishodan,C076,運用・リリース,別作業の未公開修正を検証済みと混同しない,現在版での項目別通し検証待ち,
aishodan,C077,運用・リリース,型チェック・ビルド・回帰試験が必須化される,現在版での項目別通し検証待ち,
aishodan,C078,運用・リリース,デプロイでDB変更を無条件実行しない,現在版での項目別通し検証待ち,
aishodan,C079,運用・リリース,個人情報・認証情報をログに出さない,現在版での項目別通し検証待ち,
aishodan,C080,運用・リリース,監視の対象期間と未観測範囲を明示する,現在版での項目別通し検証待ち,
aishodan,C081,運用・リリース,バックアップからの復元を実証できる,現在版での項目別通し検証待ち,
aishodan,C082,運用・リリース,障害時に旧版へ戻す手順が用意される,現在版での項目別通し検証待ち,
aishodan,U01,user-experience,トップの説明、LP、料金、ヘルプ、設定、APIの数値・単位が一致する。,現在版での項目別通し検証待ち,
aishodan,U02,user-experience,「無料」「使い放題」「無制限」の対象と例外が申込前に分かる。,現在版での項目別通し検証待ち,
aishodan,U03,user-experience,1回/1枚/1コンセプト/1分/1席/1件の意味と、再生成・修正の消費を説明する。,現在版での項目別通し検証待ち,
aishodan,U04,user-experience,日次・月次・累計・同時保存件数・直近7日間を区別し、次回復旧日時が分かる。,現在版での項目別通し検証待ち,
aishodan,U05,user-experience,公開LP/料金/主要CTAがPC・スマートフォンで表示でき、終了サービスへ迷い込まない。,一部検証済み：公開LP・料金390px計測とログイン前導線／認証後・実機未検証,public-mobile-navigation.json; public-mobile-pricing.json; README.md
aishodan,U06,user-experience,ログイン必須か、無料体験の開始条件は何かが入力前に分かる。,現在版での項目別通し検証待ち,
aishodan,U07,user-experience,入力途中にログイン・料金確認へ移動しても内容が消えない。,現在版での項目別通し検証待ち,
aishodan,U08,user-experience,組織作成・メンバー招待・既存組織参加の順序と役割が分かる。,現在版での項目別通し検証待ち,
aishodan,U09,user-experience,URL・ファイル形式/容量・数値・必須項目を実処理前に検証し、入力を別の意味へ黙って変えない。,現在版での項目別通し検証待ち,
aishodan,U10,user-experience,マイク・録音・タブ共有・対応ブラウザ・スマホ対応の条件を開始前に説明する。,現在版での項目別通し検証待ち,
aishodan,U11,user-experience,開始・進行中・完了・失敗・中止の状態を区別し、いつ待ちをやめてよいか分かる。,現在版での項目別通し検証待ち,
aishodan,U12,user-experience,通信失敗を「0件」「保存済み」「ダウンロード済み」と表示しない。,現在版での項目別通し検証待ち,
aishodan,U13,user-experience,二重クリック・再読込・戻る・別タブで、二重作成や二重消費を起こさない。,部分検証済み・本番通し検証待ち," org-member-management-repair.json: Candidate only, not deployed. Actual full settings/MemberPanel StrictMode synthetic tests (40 total across both services) cover role downgrade, org/auth transitions, retained callbacks, same-frame double activation and unknown-result recovery. Does not establish every operation, durable multi-tab idempotency or real private persistence."
aishodan,U14,user-experience,生成途中の失敗・一部成功でも成果物を救出でき、再試行対象と追加消費が分かる。,現在版での項目別通し検証待ち,
aishodan,U15,user-experience,確定済み書類・終了した評価・締めた勤怠は通常操作で意図せず書き換わらない。,現在版での項目別通し検証待ち,
aishodan,U16,user-experience,残量をサーバー実績に合わせ、端末変更や再ログインで一致する。,現在版での項目別通し検証待ち,
aishodan,U17,user-experience,残量を超える注文を入力時点で説明し、一部生成になる場合は先に分かる。,現在版での項目別通し検証待ち,
aishodan,U18,user-experience,上限到達後、入力を保ったまま利用条件・正しい契約者・相談先へ進める。,現在版での項目別通し検証待ち,
aishodan,U19,user-experience,すでに有料の利用者、招待された従業員、面接の応募者に無関係な新規課金を勧めない。,現在版での項目別通し検証待ち,
aishodan,U20,user-experience,月替わり・解約・再契約・失敗返却・削除で使用量が矛盾せず、復旧理由も説明できる。,現在版での項目別通し検証待ち,
aishodan,U21,user-experience,保存期間、起算日、無料化後の扱い、削除前通知が表示と処理で一致する。,現在版での項目別通し検証待ち,
aishodan,U22,user-experience,端末限定保存とアカウント保存を区別し、別端末で失われる場合は事前に分かる。,現在版での項目別通し検証待ち,
aishodan,U23,user-experience,大量データの201件目等へ到達でき、検索・ページ送り・出力で欠落しない。,現在版での項目別通し検証待ち,
aishodan,U24,user-experience,CSV/PDF/PPTX/ZIPの内容・件数・金額・文字化けを確認し、取得失敗から再試行できる。,現在版での項目別通し検証待ち,
aishodan,U25,user-experience,履歴削除、素材削除、プロジェクト削除、アーカイブで消える関連データを事前に説明する。,現在版での項目別通し検証待ち,
aishodan,U26,user-experience,個人用/組織用/公開の境界と、URLを知るだけで見られる範囲が分かる。,現在版での項目別通し検証待ち,
aishodan,U27,user-experience,「閲覧のみ」のゲストは編集できず、一般社員は他人の人事情報を勝手に見られない。,現在版での項目別通し検証待ち,
aishodan,U28,user-experience,別組織のURLで別の作業場所へ黙って移動せず、現在の組織が常に分かる。,現在版での項目別通し検証待ち,
aishodan,U29,user-experience,ログアウト・アカウント切替・共有PCで前利用者のキャッシュが表示されない。,現在版での項目別通し検証待ち,
aishodan,U30,user-experience,招待取消・権限変更・録音同意撤回・共有URL失効が利用者の期待どおり反映される。,現在版での項目別通し検証待ち,
aishodan,U31,user-experience,初回限定30日体験と通常無料枠を区別し、終了後の料金・更新条件が分かる。,現在版での項目別通し検証待ち,
aishodan,U32,user-experience,契約直後に全対象サービスへ反映し、未反映時は二重申込ではなく復旧へ誘導する。,現在版での項目別通し検証待ち,
aishodan,U33,user-experience,個人の課金・OWNERの課金・チーム席の意味を全サービスで説明し、払っても解決しない案内をしない。,現在版での項目別通し検証待ち,
aishodan,U34,user-experience,解約確認で全サービスへの影響、停止日、残るデータ、上限超過データの扱いが分かる。,現在版での項目別通し検証待ち,
aishodan,U35,user-experience,支払失敗・更新失敗・解約取消・再契約・Webhook遅延でも契約表示と利用権が一致する。,現在版での項目別通し検証待ち,
aishodan,U36,user-experience,解約と退会と履歴削除の違いが分かり、退会の手続き先に到達できる。,現在版での項目別通し検証待ち,
aishodan,U37,user-experience,退会時に自分だけでなく共同作業者のデータまで消えるか説明する。,現在版での項目別通し検証待ち,
aishodan,U38,user-experience,退会・保存期限前に必要なデータを持ち出せる。,現在版での項目別通し検証待ち,
aishodan,U39,user-experience,準備中・利用不可機能は操作前に分かり、スマホでも理由を読める。,現在版での項目別通し検証待ち,
aishodan,U40,user-experience,困った時の問い合わせ先と、伝えるべきエラー情報を分かりやすく表示する。,現在版での項目別通し検証待ち,
adimage,C001,公開・導線,定義と公開一覧と終了済み一覧が一致する,部分検証済み：正本の公開・稼働17件一致と終了14件除外、本番トップ・sitemap・llmsの17導線一致／終了API・認証後導線は別途検証,service-catalog-current.json; verify-service-catalog-current.cjs
adimage,C002,公開・導線,LP・料金・利用画面に到達できる,一部検証済み：公開LP・料金390px計測とログイン前導線／認証後・実機未検証,public-mobile-navigation.json; public-mobile-pricing.json; README.md
adimage,C003,公開・導線,主要CTAが正しいログイン後の戻り先へ遷移する,一部検証済み：公開LP・料金390px計測とログイン前導線／認証後・実機未検証,public-mobile-navigation.json; public-mobile-pricing.json; README.md
adimage,C004,公開・導線,終了APIが実生成・課金を受け付けない,部分検証済み：共通の終了14サービス配下＋既知の旧別名111ルート147処理で入口410を実フラグ評価／モジュール初期化・未発見別名・本番API通しは未検証,retired-route-entry-current.json; verify-retired-route-entry-current.cjs
adimage,C005,公開・導線,スマートフォンで横はみ出し・操作不能がない,一部検証済み：公開LP・料金390px計測とログイン前導線／認証後・実機未検証,public-mobile-navigation.json; public-mobile-pricing.json; README.md
adimage,C006,公開・導線,空状態・読込中・失敗状態が表示される,現在版での項目別通し検証待ち,
adimage,C007,認証,未ログインで私有データを取得・変更できない,現在版での項目別通し検証待ち,
adimage,C008,認証,期限切れセッションを拒否する,現在版での項目別通し検証待ち,
adimage,C009,認証,ログアウト後に他人のキャッシュを表示しない,現在版での項目別通し検証待ち,
adimage,C010,認証,ID欠落時のメール補完が一貫している,現在版での項目別通し検証待ち,
adimage,C011,認証,管理画面と一般画面の認証が分離される,現在版での項目別通し検証待ち,
adimage,C012,認証,招待トークンの期限・使い回し・失効が守られる,現在版での項目別通し検証待ち,
adimage,C013,権限・組織,他ユーザーのIDによる取得・更新・削除を拒否する,現在版での項目別通し検証待ち,
adimage,C014,権限・組織,明示した組織が不正なら別組織へ切り替えない,現在版での項目別通し検証待ち,
adimage,C015,権限・組織,退会済み・無効メンバーの権限を拒否する,現在版での項目別通し検証待ち,
adimage,C016,権限・組織,一般メンバー・管理者・オーナーの操作を分ける,現在版での項目別通し検証待ち,
adimage,C017,権限・組織,関連IDが同一組織に属することを検査する,現在版での項目別通し検証待ち,
adimage,C018,権限・組織,自己評価・上長評価・最終評価の列権限を分ける,現在版での項目別通し検証待ち,
adimage,C019,権限・組織,組織切替中の遅延応答を破棄する,現在版での項目別通し検証待ち／共通上限案内の画面・クエリ切替は87合成画面検証合格、他応答・実機・本番通し未検証,service-limit-navigation-current.json; service-limit-navigation-comparison-baseline.json（Nextナビゲーションはモック、明示イベントの遅延元は別途監査）
adimage,C020,権限・組織,共有URLから秘密情報や内部指示が漏れない,現在版での項目別通し検証待ち,
adimage,C021,課金,有料判定の正本と旧プラン正規化が統一される,現在版での項目別通し検証待ち,
adimage,C022,課金,決済セッションの所有者を検証する,現在版での項目別通し検証待ち,
adimage,C023,課金,解約済み・未払い・未完了から権限復活しない,現在版での項目別通し検証待ち,
adimage,C024,課金,有効契約がある場合の二重契約を防ぐ,現在版での項目別通し検証待ち,
adimage,C025,課金,全サービスへの権限同期が原子的である,現在版での項目別通し検証待ち,
adimage,C026,課金,Webhook署名・再送・順序逆転に対応する,現在版での項目別通し検証待ち,
adimage,C027,課金,Webhook不達時の再同期と監査が働く,現在版での項目別通し検証待ち,
adimage,C028,課金,解約・無料体験終了・再契約の状態遷移が正しい,現在版での項目別通し検証待ち,
adimage,C029,課金,決済失敗時に再申込不要と案内する,現在版での項目別通し検証待ち,
adimage,C030,課金,手動付与した有料権限が誤って失われない,現在版での項目別通し検証待ち,
adimage,C031,利用上限,料金ページの数値・単位・期間がAPIと一致する,現在版での項目別通し検証待ち,
adimage,C032,利用上限,表示残数とサーバー実使用数が一致する,現在版での項目別通し検証待ち,
adimage,C033,利用上限,上限0と上限直前と超過時を正しく扱う,現在版での項目別通し検証待ち,
adimage,C034,利用上限,同時リクエストでも上限を超えない,現在版での項目別通し検証待ち,
adimage,C035,利用上限,利用枠を予約してから従量課金APIを呼ぶ,現在版での項目別通し検証待ち,
adimage,C036,利用上限,生成失敗・中断時の予約を過不足なく戻す,現在版での項目別通し検証待ち,
adimage,C037,利用上限,月次・日次境界のタイムゾーンが統一される,現在版での項目別通し検証待ち,
adimage,C038,利用上限,履歴削除によって消費済み枠が復活しない,現在版での項目別通し検証待ち,
adimage,C039,利用上限,DB障害時に無制限の生成を許可しない,現在版での項目別通し検証待ち,
adimage,C040,利用上限,ゲストのCookie削除で有料原価が無制限にならない,現在版での項目別通し検証待ち,
adimage,C041,利用上限,チーム枠の契約者と操作ユーザーを取り違えない,現在版での項目別通し検証待ち,
adimage,C042,利用上限,全上限経路に適切な次の操作を提示する,現在版での項目別通し検証待ち,
adimage,C043,利用上限,無料体験対象外に無料を約束しない,現在版での項目別通し検証待ち,
adimage,C044,利用上限,混雑・サイズ超過・認証エラーを課金誘導しない,現在版での項目別通し検証待ち,
adimage,C045,データ・DB,モデルのテーブル・列・null制約が実DBと一致する,一部検証済み：本番DBの列存在・型・非配列の必須設定／配列NULL・業務整合性未検証,production-readonly-schema.json; production-readonly-constraints.json; README.md
adimage,C046,データ・DB,必要な外部キー・複合一意制約が存在する,一部検証済み：本番DBのFK列対応・一意制約／削除規則・通常インデックス未検証,production-readonly-schema.json; production-readonly-constraints.json; README.md
adimage,C047,データ・DB,孤立したユーザー・組織参照がない,現在版での項目別通し検証待ち,
adimage,C048,データ・DB,同一組織内の関連付け制約が守られる,現在版での項目別通し検証待ち,
adimage,C049,データ・DB,部署・タスク階層に循環を作れない,現在版での項目別通し検証待ち,
adimage,C050,データ・DB,採番の同時実行が衝突しない,現在版での項目別通し検証待ち,
adimage,C051,データ・DB,複数テーブル更新が途中失敗で片落ちしない,現在版での項目別通し検証待ち,
adimage,C052,データ・DB,削除・退会時の保持と匿名化の方針が定義される,現在版での項目別通し検証待ち,
adimage,C053,入力・外部接続,本文・配列・ファイル数・長さをサーバーで制限する,現在版での項目別通し検証待ち,
adimage,C054,入力・外部接続,URL取得で内部IP・リダイレクトSSRFを防ぐ,現在版での項目別通し検証待ち,
adimage,C055,入力・外部接続,HTML表示で保存型XSSを防ぐ,現在版での項目別通し検証待ち,
adimage,C056,入力・外部接続,金額・数量・日時の異常値を拒否する,現在版での項目別通し検証待ち,
adimage,C057,入力・外部接続,ファイル形式を拡張子だけで判断しない,現在版での項目別通し検証待ち,
adimage,C058,入力・外部接続,ストレージの所有権・署名URL期限が守られる,現在版での項目別通し検証待ち,
adimage,C059,入力・外部接続,外部APIのタイムアウト・再試行が有界である,現在版での項目別通し検証待ち,
adimage,C060,入力・外部接続,通知先・本文に利用者入力を安全に扱う,現在版での項目別通し検証待ち,
adimage,C061,生成・ジョブ,連打・再送に冪等性がある,現在版での項目別通し検証待ち,
adimage,C062,生成・ジョブ,ジョブの所有者と結果取得権限を検査する,現在版での項目別通し検証待ち,
adimage,C063,生成・ジョブ,ストリーム途中失敗を成功として表示しない,現在版での項目別通し検証待ち,
adimage,C064,生成・ジョブ,生成結果と履歴・使用量の保存が整合する,現在版での項目別通し検証待ち,
adimage,C065,生成・ジョブ,プロセス終了時に永久処理中にならない,現在版での項目別通し検証待ち,
adimage,C066,生成・ジョブ,再生成と編集にも上限を適用する,現在版での項目別通し検証待ち,
adimage,C067,生成・ジョブ,公開音声ルームの同意・期限・人数を守る,現在版での項目別通し検証待ち,
adimage,C068,生成・ジョブ,エクスポートで他人の成果物を含めない,現在版での項目別通し検証待ち,
adimage,C069,UI・アクセシビリティ,モーダルのフォーカス・Escape・復帰が機能する,現在版での項目別通し検証待ち,
adimage,C070,UI・アクセシビリティ,入力をエラー時に失わない,現在版での項目別通し検証待ち,
adimage,C071,UI・アクセシビリティ,上限案内が二重表示されない,現在版での項目別通し検証待ち,
adimage,C072,UI・アクセシビリティ,有料会員に同じプランへの重複契約を促さない,現在版での項目別通し検証待ち,
adimage,C073,UI・アクセシビリティ,APIエラーを消えるトーストだけに依存しない,現在版での項目別通し検証待ち,
adimage,C074,UI・アクセシビリティ,色だけに依存せずラベルと操作名を持つ,現在版での項目別通し検証待ち,
adimage,C075,運用・リリース,本番ソースと監査対象のハッシュが一致する,現在版での項目別通し検証待ち,
adimage,C076,運用・リリース,別作業の未公開修正を検証済みと混同しない,現在版での項目別通し検証待ち,
adimage,C077,運用・リリース,型チェック・ビルド・回帰試験が必須化される,現在版での項目別通し検証待ち,
adimage,C078,運用・リリース,デプロイでDB変更を無条件実行しない,現在版での項目別通し検証待ち,
adimage,C079,運用・リリース,個人情報・認証情報をログに出さない,現在版での項目別通し検証待ち,
adimage,C080,運用・リリース,監視の対象期間と未観測範囲を明示する,現在版での項目別通し検証待ち,
adimage,C081,運用・リリース,バックアップからの復元を実証できる,現在版での項目別通し検証待ち,
adimage,C082,運用・リリース,障害時に旧版へ戻す手順が用意される,現在版での項目別通し検証待ち,
adimage,U01,user-experience,トップの説明、LP、料金、ヘルプ、設定、APIの数値・単位が一致する。,現在版での項目別通し検証待ち,
adimage,U02,user-experience,「無料」「使い放題」「無制限」の対象と例外が申込前に分かる。,現在版での項目別通し検証待ち,
adimage,U03,user-experience,1回/1枚/1コンセプト/1分/1席/1件の意味と、再生成・修正の消費を説明する。,現在版での項目別通し検証待ち,
adimage,U04,user-experience,日次・月次・累計・同時保存件数・直近7日間を区別し、次回復旧日時が分かる。,現在版での項目別通し検証待ち,
adimage,U05,user-experience,公開LP/料金/主要CTAがPC・スマートフォンで表示でき、終了サービスへ迷い込まない。,一部検証済み：公開LP・料金390px計測とログイン前導線／認証後・実機未検証,public-mobile-navigation.json; public-mobile-pricing.json; README.md
adimage,U06,user-experience,ログイン必須か、無料体験の開始条件は何かが入力前に分かる。,現在版での項目別通し検証待ち,
adimage,U07,user-experience,入力途中にログイン・料金確認へ移動しても内容が消えない。,現在版での項目別通し検証待ち,
adimage,U08,user-experience,組織作成・メンバー招待・既存組織参加の順序と役割が分かる。,現在版での項目別通し検証待ち,
adimage,U09,user-experience,URL・ファイル形式/容量・数値・必須項目を実処理前に検証し、入力を別の意味へ黙って変えない。,現在版での項目別通し検証待ち,
adimage,U10,user-experience,マイク・録音・タブ共有・対応ブラウザ・スマホ対応の条件を開始前に説明する。,現在版での項目別通し検証待ち,
adimage,U11,user-experience,開始・進行中・完了・失敗・中止の状態を区別し、いつ待ちをやめてよいか分かる。,現在版での項目別通し検証待ち,
adimage,U12,user-experience,通信失敗を「0件」「保存済み」「ダウンロード済み」と表示しない。,現在版での項目別通し検証待ち,
adimage,U13,user-experience,二重クリック・再読込・戻る・別タブで、二重作成や二重消費を起こさない。,現在版での項目別通し検証待ち,
adimage,U14,user-experience,生成途中の失敗・一部成功でも成果物を救出でき、再試行対象と追加消費が分かる。,現在版での項目別通し検証待ち,
adimage,U15,user-experience,確定済み書類・終了した評価・締めた勤怠は通常操作で意図せず書き換わらない。,現在版での項目別通し検証待ち,
adimage,U16,user-experience,残量をサーバー実績に合わせ、端末変更や再ログインで一致する。,現在版での項目別通し検証待ち,
adimage,U17,user-experience,残量を超える注文を入力時点で説明し、一部生成になる場合は先に分かる。,現在版での項目別通し検証待ち,
adimage,U18,user-experience,上限到達後、入力を保ったまま利用条件・正しい契約者・相談先へ進める。,現在版での項目別通し検証待ち,
adimage,U19,user-experience,すでに有料の利用者、招待された従業員、面接の応募者に無関係な新規課金を勧めない。,現在版での項目別通し検証待ち,
adimage,U20,user-experience,月替わり・解約・再契約・失敗返却・削除で使用量が矛盾せず、復旧理由も説明できる。,現在版での項目別通し検証待ち,
adimage,U21,user-experience,保存期間、起算日、無料化後の扱い、削除前通知が表示と処理で一致する。,現在版での項目別通し検証待ち,
adimage,U22,user-experience,端末限定保存とアカウント保存を区別し、別端末で失われる場合は事前に分かる。,現在版での項目別通し検証待ち,
adimage,U23,user-experience,大量データの201件目等へ到達でき、検索・ページ送り・出力で欠落しない。,現在版での項目別通し検証待ち,
adimage,U24,user-experience,CSV/PDF/PPTX/ZIPの内容・件数・金額・文字化けを確認し、取得失敗から再試行できる。,現在版での項目別通し検証待ち,
adimage,U25,user-experience,履歴削除、素材削除、プロジェクト削除、アーカイブで消える関連データを事前に説明する。,現在版での項目別通し検証待ち,
adimage,U26,user-experience,個人用/組織用/公開の境界と、URLを知るだけで見られる範囲が分かる。,現在版での項目別通し検証待ち,
adimage,U27,user-experience,「閲覧のみ」のゲストは編集できず、一般社員は他人の人事情報を勝手に見られない。,現在版での項目別通し検証待ち,
adimage,U28,user-experience,別組織のURLで別の作業場所へ黙って移動せず、現在の組織が常に分かる。,現在版での項目別通し検証待ち,
adimage,U29,user-experience,ログアウト・アカウント切替・共有PCで前利用者のキャッシュが表示されない。,現在版での項目別通し検証待ち,
adimage,U30,user-experience,招待取消・権限変更・録音同意撤回・共有URL失効が利用者の期待どおり反映される。,現在版での項目別通し検証待ち,
adimage,U31,user-experience,初回限定30日体験と通常無料枠を区別し、終了後の料金・更新条件が分かる。,現在版での項目別通し検証待ち,
adimage,U32,user-experience,契約直後に全対象サービスへ反映し、未反映時は二重申込ではなく復旧へ誘導する。,現在版での項目別通し検証待ち,
adimage,U33,user-experience,個人の課金・OWNERの課金・チーム席の意味を全サービスで説明し、払っても解決しない案内をしない。,現在版での項目別通し検証待ち,
adimage,U34,user-experience,解約確認で全サービスへの影響、停止日、残るデータ、上限超過データの扱いが分かる。,現在版での項目別通し検証待ち,
adimage,U35,user-experience,支払失敗・更新失敗・解約取消・再契約・Webhook遅延でも契約表示と利用権が一致する。,現在版での項目別通し検証待ち,
adimage,U36,user-experience,解約と退会と履歴削除の違いが分かり、退会の手続き先に到達できる。,現在版での項目別通し検証待ち,
adimage,U37,user-experience,退会時に自分だけでなく共同作業者のデータまで消えるか説明する。,現在版での項目別通し検証待ち,
adimage,U38,user-experience,退会・保存期限前に必要なデータを持ち出せる。,現在版での項目別通し検証待ち,
adimage,U39,user-experience,準備中・利用不可機能は操作前に分かり、スマホでも理由を読める。,現在版での項目別通し検証待ち,
adimage,U40,user-experience,困った時の問い合わせ先と、伝えるべきエラー情報を分かりやすく表示する。,現在版での項目別通し検証待ち,
