
> doya-ai@1.0.0 build
> prisma generate && npm run test:security && tsc --noEmit && next build

Environment variables loaded from .env
Prisma schema loaded from prisma/schema.prisma

✔ Generated Prisma Client (v5.22.0) to ./node_modules/@prisma/client in 786ms

Start by importing your Prisma Client (See: https://pris.ly/d/importing-client)

Tip: Interested in query caching in just a few lines of code? Try Accelerate today! https://pris.ly/tip-3-accelerate


> doya-ai@1.0.0 test:security
> node scripts/security-regression/run.cjs

PASS DoyaSlide logo settings reject invalid values and report incomplete recomposition
PASS Aishodan room settings reject malformed expiry, capacity, and active state before writes
PASS preview create writes while active
PASS preview reuse writes while active
PASS room reactivation writes while active
PASS room issue writes while active
PASS manual knowledge uses locked transaction
PASS scenario edit commits profile and scenario together
PASS preview create rejects archive race
PASS preview reuse rejects archive race
PASS room reactivation rejects archive race
PASS room issue rejects archive race
PASS manual knowledge rejects archive race
PASS scenario edit rejects archive race
PASS successful research deletion erases content but retains the monthly usage marker
PASS failed research can be removed without consuming quota
PASS active research and generation cannot be deleted
PASS malformed IDs return not found before acquiring locks
PASS deleted preparations are hidden from detail/list and still count toward the monthly cap
PASS archiving a prompt retains its result foreign key
PASS archived prompts do not appear in the list or consume the free slot
PASS archived prompts cannot be edited or measured
PASS archive field and additive SQL exist
PASS adbanner and copy plan CTAs: guest, free, light, pro, enterprise, aliases, and stale service plans
PASS persona usage displays the actual contract tier, including LIGHT
PASS AdImage grants paid image quota only to recognized contract plans
PASS plan change: no duplicate checkout, grouped portal prices, reusable configuration, current price sync
PASS concurrent checkout requests create one Stripe session
PASS completed checkout blocks a second session before subscription sync
PASS different checkout entry or plan cannot create another open session
PASS Stripe status lookup failure cannot create a second session
PASS uncertain creation retries with persisted Stripe idempotency key
PASS create rejects unavailable registered logo before image reservation
PASS refine rejects unavailable registered logo before image reservation
PASS failed logo removal keeps the selected logo and shows the server error
PASS successful logo removal clears the selected logo
PASS failed Shodan providers remain unknown in research and AI facts
PASS successful empty Shodan responses are distinguished from provider failure
PASS missing company name skips dependent providers rather than reporting no hits
PASS Shodan never attaches the first unrelated gBizINFO company
PASS Shodan selects only a unique normalized name or matching company site
PASS HR month range: before JST month change
PASS HR month range: after JST month change
PASS HR month range: after JST year change
PASS HR month range: leap-year February
PASS HR dashboard counts only the current JST month
PASS dashboard: failed request is an error, not an empty organization
PASS dashboard: malformed success is an error, not an empty organization
PASS evaluations: failed request is an error, not an empty organization
PASS evaluations: malformed success is an error, not an empty organization
PASS settings: failed request is an error, not an empty organization
PASS settings: malformed success is an error, not an empty organization
PASS dashboard: valid zero counts are genuinely empty
PASS evaluations: valid empty list is distinct from an outage
PASS settings: audit outage does not hide valid organization and departments
PASS sign-in callback: external and protocol-relative destinations rejected; local article and banner paths retained
PASS sign-in introduction: all current public services use public entry pages; private paths and invitations stay only in the login callback
PASS failed OAuth start releases loading and shows a safe accessible retry message
PASS failed start can be retried and preserves the exact local return destination
PASS duplicate starts before rerender and during SDK waiting are ignored
PASS successful redirect initiation stays locked until navigation leaves the page
PASS synchronous SDK failure is recoverable too
PASS HR invitation account selection and callback sanitization remain intact
PASS all nine invitation services prompt for the recipient account while other routes keep normal sign-in
PASS existing OAuth error query is still shown accessibly
PASS restoring the page from browser history allows another OAuth start
PASS late failure from before history restoration cannot unlock a newer attempt
{
  "passed": 10,
  "results": [
    "failed OAuth start releases loading and shows a safe accessible retry message",
    "failed start can be retried and preserves the exact local return destination",
    "duplicate starts before rerender and during SDK waiting are ignored",
    "successful redirect initiation stays locked until navigation leaves the page",
    "synchronous SDK failure is recoverable too",
    "HR invitation account selection and callback sanitization remain intact",
    "all nine invitation services prompt for the recipient account while other routes keep normal sign-in",
    "existing OAuth error query is still shown accessibly",
    "restoring the page from browser history allows another OAuth start",
    "late failure from before history restoration cannot unlock a newer attempt"
  ]
}
PASS aio: unauthorized SDK failure recovers, hides raw details and retries unchanged input
PASS aio: network failure releases lock with safe message
PASS aio: server business error remains visible and retryable
PASS aio: successful creation keeps navigation lock and original input
PASS aio: immediate duplicates and duplicates during SDK waiting create one request
PASS aio: history restoration unlocks; stale API cannot navigate or start OAuth
PASS aio: old SDK failure does not release a newer restored submission
PASS aio: stale JSON completion does not navigate after history restoration
PASS aio: unmounted request failure does not announce an obsolete error
PASS sfa: unauthorized SDK failure recovers, hides raw details and retries unchanged input
PASS sfa: network failure releases lock with safe message
PASS sfa: server business error remains visible and retryable
PASS sfa: successful creation keeps navigation lock and original input
PASS sfa: immediate duplicates and duplicates during SDK waiting create one request
PASS sfa: history restoration unlocks; stale API cannot navigate or start OAuth
PASS sfa: old SDK failure does not release a newer restored submission
PASS sfa: stale JSON completion does not navigate after history restoration
PASS sfa: unmounted request failure does not announce an obsolete error
PASS shodan: unauthorized SDK failure recovers, hides raw details and retries unchanged input
PASS shodan: network failure releases lock with safe message
PASS shodan: server business error remains visible and retryable
PASS shodan: successful creation keeps navigation lock and original input
PASS shodan: immediate duplicates and duplicates during SDK waiting create one request
PASS shodan: history restoration unlocks; stale API cannot navigate or start OAuth
PASS shodan: old SDK failure does not release a newer restored submission
PASS shodan: stale JSON completion does not navigate after history restoration
PASS shodan: unmounted request failure does not announce an obsolete error
PASS aio: guest login failure is safe and does not call quick-start
{
  "passed": 28,
  "scope": "actual TS hook and extracted current entry handlers; API/OAuth mocked; no production writes",
  "results": [
    "aio: unauthorized SDK failure recovers, hides raw details and retries unchanged input",
    "aio: network failure releases lock with safe message",
    "aio: server business error remains visible and retryable",
    "aio: successful creation keeps navigation lock and original input",
    "aio: immediate duplicates and duplicates during SDK waiting create one request",
    "aio: history restoration unlocks; stale API cannot navigate or start OAuth",
    "aio: old SDK failure does not release a newer restored submission",
    "aio: stale JSON completion does not navigate after history restoration",
    "aio: unmounted request failure does not announce an obsolete error",
    "sfa: unauthorized SDK failure recovers, hides raw details and retries unchanged input",
    "sfa: network failure releases lock with safe message",
    "sfa: server business error remains visible and retryable",
    "sfa: successful creation keeps navigation lock and original input",
    "sfa: immediate duplicates and duplicates during SDK waiting create one request",
    "sfa: history restoration unlocks; stale API cannot navigate or start OAuth",
    "sfa: old SDK failure does not release a newer restored submission",
    "sfa: stale JSON completion does not navigate after history restoration",
    "sfa: unmounted request failure does not announce an obsolete error",
    "shodan: unauthorized SDK failure recovers, hides raw details and retries unchanged input",
    "shodan: network failure releases lock with safe message",
    "shodan: server business error remains visible and retryable",
    "shodan: successful creation keeps navigation lock and original input",
    "shodan: immediate duplicates and duplicates during SDK waiting create one request",
    "shodan: history restoration unlocks; stale API cannot navigate or start OAuth",
    "shodan: old SDK failure does not release a newer restored submission",
    "shodan: stale JSON completion does not navigate after history restoration",
    "shodan: unmounted request failure does not announce an obsolete error",
    "aio: guest login failure is safe and does not call quick-start"
  ]
}
PASS account-switch helper rejects external callbacks and never starts OAuth before logout
PASS scan: actual page SDK failure recovers and retries with its encoded return destination
PASS scan: duplicates during API and SDK waiting are blocked
PASS scan: restored history rejects old API and JSON completions
PASS scan: old SDK failure cannot release a newer history-restored request
PASS scan: network and invalid success bodies recover without a false success
PASS scan: valid result preserves navigation and locks until leaving
PASS aio: actual page SDK failure recovers and retries with its encoded return destination
PASS aio: duplicates during API and SDK waiting are blocked
PASS aio: restored history rejects old API and JSON completions
PASS aio: old SDK failure cannot release a newer history-restored request
PASS aio: network and invalid success bodies recover without a false success
PASS aio: valid result preserves navigation and locks until leaving
PASS shodan: actual page SDK failure recovers and retries with its encoded return destination
PASS shodan: duplicates during API and SDK waiting are blocked
PASS shodan: restored history rejects old API and JSON completions
PASS shodan: old SDK failure cannot release a newer history-restored request
PASS shodan: network and invalid success bodies recover without a false success
PASS shodan: valid result preserves navigation and locks until leaving
PASS aio: failed invite lookup can be rechecked without reloading or starting OAuth
PASS aio: non-JSON conflict or missing invitation removes stale acceptance until rechecked
PASS aio: still-pending invite after conflict requires a fresh explicit acceptance
PASS aio: recheck is aborted on unmount and late data cannot restore acceptance
PASS aio: wrong-account participation switches via sign-out and preserves the encoded invitation
PASS aio: switching failure hides SDK details and allows retry without losing the invitation
PASS aio: duplicate account switching is blocked and stale failures cannot unlock a newer attempt
PASS aio: stale wrong-account response after history restoration cannot replace a successful newer invitation
PASS aio: invitation expiring during participation stops further acceptance
PASS aio: invitation component is keyed to token and pending read is cancelled on unmount
PASS aio: late invitation JSON and late failure cannot update an unmounted page
PASS aio: expired non-JSON invite and malformed invite cannot be accepted
PASS shodan: failed invite lookup can be rechecked without reloading or starting OAuth
PASS shodan: non-JSON conflict or missing invitation removes stale acceptance until rechecked
PASS shodan: still-pending invite after conflict requires a fresh explicit acceptance
PASS shodan: recheck is aborted on unmount and late data cannot restore acceptance
PASS shodan: wrong-account participation switches via sign-out and preserves the encoded invitation
PASS shodan: switching failure hides SDK details and allows retry without losing the invitation
PASS shodan: duplicate account switching is blocked and stale failures cannot unlock a newer attempt
PASS shodan: stale wrong-account response after history restoration cannot replace a successful newer invitation
PASS shodan: invitation expiring during participation stops further acceptance
PASS shodan: invitation component is keyed to token and pending read is cancelled on unmount
PASS shodan: late invitation JSON and late failure cannot update an unmounted page
PASS shodan: expired non-JSON invite and malformed invite cannot be accepted
{
  "passed": 43,
  "scope": "actual current TSX pages and shared hook; API/SDK mocked; no production writes",
  "results": [
    "account-switch helper rejects external callbacks and never starts OAuth before logout",
    "scan: actual page SDK failure recovers and retries with its encoded return destination",
    "scan: duplicates during API and SDK waiting are blocked",
    "scan: restored history rejects old API and JSON completions",
    "scan: old SDK failure cannot release a newer history-restored request",
    "scan: network and invalid success bodies recover without a false success",
    "scan: valid result preserves navigation and locks until leaving",
    "aio: actual page SDK failure recovers and retries with its encoded return destination",
    "aio: duplicates during API and SDK waiting are blocked",
    "aio: restored history rejects old API and JSON completions",
    "aio: old SDK failure cannot release a newer history-restored request",
    "aio: network and invalid success bodies recover without a false success",
    "aio: valid result preserves navigation and locks until leaving",
    "shodan: actual page SDK failure recovers and retries with its encoded return destination",
    "shodan: duplicates during API and SDK waiting are blocked",
    "shodan: restored history rejects old API and JSON completions",
    "shodan: old SDK failure cannot release a newer history-restored request",
    "shodan: network and invalid success bodies recover without a false success",
    "shodan: valid result preserves navigation and locks until leaving",
    "aio: failed invite lookup can be rechecked without reloading or starting OAuth",
    "aio: non-JSON conflict or missing invitation removes stale acceptance until rechecked",
    "aio: still-pending invite after conflict requires a fresh explicit acceptance",
    "aio: recheck is aborted on unmount and late data cannot restore acceptance",
    "aio: wrong-account participation switches via sign-out and preserves the encoded invitation",
    "aio: switching failure hides SDK details and allows retry without losing the invitation",
    "aio: duplicate account switching is blocked and stale failures cannot unlock a newer attempt",
    "aio: stale wrong-account response after history restoration cannot replace a successful newer invitation",
    "aio: invitation expiring during participation stops further acceptance",
    "aio: invitation component is keyed to token and pending read is cancelled on unmount",
    "aio: late invitation JSON and late failure cannot update an unmounted page",
    "aio: expired non-JSON invite and malformed invite cannot be accepted",
    "shodan: failed invite lookup can be rechecked without reloading or starting OAuth",
    "shodan: non-JSON conflict or missing invitation removes stale acceptance until rechecked",
    "shodan: still-pending invite after conflict requires a fresh explicit acceptance",
    "shodan: recheck is aborted on unmount and late data cannot restore acceptance",
    "shodan: wrong-account participation switches via sign-out and preserves the encoded invitation",
    "shodan: switching failure hides SDK details and allows retry without losing the invitation",
    "shodan: duplicate account switching is blocked and stale failures cannot unlock a newer attempt",
    "shodan: stale wrong-account response after history restoration cannot replace a successful newer invitation",
    "shodan: invitation expiring during participation stops further acceptance",
    "shodan: invitation component is keyed to token and pending read is cancelled on unmount",
    "shodan: late invitation JSON and late failure cannot update an unmounted page",
    "shodan: expired non-JSON invite and malformed invite cannot be accepted"
  ]
}
PASS hr: signIn failure recovers and retries a preserved safe destination
PASS hr: switch failure recovers and retries a preserved safe destination
PASS hr: repeated login clicks and stale failures are blocked
PASS hr: unmounted verification ignores API/JSON failure and aborts loading
PASS hr: route identity remounts its private or invitation state
PASS admin: signIn failure recovers and retries a preserved safe destination
PASS admin: switch failure recovers and retries a preserved safe destination
PASS admin: repeated login clicks and stale failures are blocked
PASS admin: unmounted verification ignores API/JSON failure and aborts loading
PASS admin: route identity remounts its private or invitation state
PASS HR: duplicate participation, restored history and old response cannot claim success
PASS HR: malformed success and network exceptions never show acceptance or raw details
PASS HR: successful participation schedules one redirect and unmount cancels it
PASS HR: expiry and unrelated permission failures cannot offer account switching
PASS HR: malformed invitation info never enables participation
PASS HR: a temporary verification failure can be rechecked without leaving its invitation
PASS HR: conflict recheck replaces old readiness with current expiry
PASS HR: current pending invitation after conflict may retry participation once
PASS HR: unmount cancels a recheck and ignores its late result
PASS HR: cancelled and used invitations retain their actual reason and cannot be accepted
PASS Admin: only strict password authentication and allowed Google domain reveal children
{
  "passed": 21,
  "scope": "actual TSX/shared hook; mocked APIs/SDK; no production writes",
  "results": [
    "hr: signIn failure recovers and retries a preserved safe destination",
    "hr: switch failure recovers and retries a preserved safe destination",
    "hr: repeated login clicks and stale failures are blocked",
    "hr: unmounted verification ignores API/JSON failure and aborts loading",
    "hr: route identity remounts its private or invitation state",
    "admin: signIn failure recovers and retries a preserved safe destination",
    "admin: switch failure recovers and retries a preserved safe destination",
    "admin: repeated login clicks and stale failures are blocked",
    "admin: unmounted verification ignores API/JSON failure and aborts loading",
    "admin: route identity remounts its private or invitation state",
    "HR: duplicate participation, restored history and old response cannot claim success",
    "HR: malformed success and network exceptions never show acceptance or raw details",
    "HR: successful participation schedules one redirect and unmount cancels it",
    "HR: expiry and unrelated permission failures cannot offer account switching",
    "HR: malformed invitation info never enables participation",
    "HR: a temporary verification failure can be rechecked without leaving its invitation",
    "HR: conflict recheck replaces old readiness with current expiry",
    "HR: current pending invitation after conflict may retry participation once",
    "HR: unmount cancels a recheck and ignores its late result",
    "HR: cancelled and used invitations retain their actual reason and cannot be accepted",
    "Admin: only strict password authentication and allowed Google domain reveal children"
  ]
}
PASS quote: valid invite preserves organization and role; encoded GET is abortable and no-store
PASS quote: failed or malformed reads cannot accept and can be rechecked
PASS quote: missing token stops loading safely without API or acceptance
PASS quote: non-JSON 401 offers sign-in before attempting body parsing
PASS quote: non-JSON wrong-account rejection switches through sign-out and safely retries
PASS quote: expired GET or POST never permits acceptance or account switching
PASS quote: missing or conflicted POST requires a fresh lookup before acceptance
PASS quote: network rejection and invalid successful POST never show success or private details
PASS quote: duplicate participation is synchronously blocked
PASS quote: successful and already-member responses schedule only the service destination
PASS quote: used invitation cannot POST
PASS quote: API, JSON and failure arriving after unmount cannot change state
PASS quote: recheck is aborted on unmount and late read cannot restore acceptance
PASS quote: history restoration rereads invitation and ignores stale participation
PASS quote: duplicate SDK calls are blocked and stale SDK failure cannot affect a restored invite
PASS mensetsu: valid invite preserves organization and role; encoded GET is abortable and no-store
PASS mensetsu: failed or malformed reads cannot accept and can be rechecked
PASS mensetsu: missing token stops loading safely without API or acceptance
PASS mensetsu: non-JSON 401 offers sign-in before attempting body parsing
PASS mensetsu: non-JSON wrong-account rejection switches through sign-out and safely retries
PASS mensetsu: expired GET or POST never permits acceptance or account switching
PASS mensetsu: missing or conflicted POST requires a fresh lookup before acceptance
PASS mensetsu: network rejection and invalid successful POST never show success or private details
PASS mensetsu: duplicate participation is synchronously blocked
PASS mensetsu: successful and already-member responses schedule only the service destination
PASS mensetsu: used invitation cannot POST
PASS mensetsu: API, JSON and failure arriving after unmount cannot change state
PASS mensetsu: recheck is aborted on unmount and late read cannot restore acceptance
PASS mensetsu: history restoration rereads invitation and ignores stale participation
PASS mensetsu: duplicate SDK calls are blocked and stale SDK failure cannot affect a restored invite
PASS aishodan: valid invite preserves organization and role; encoded GET is abortable and no-store
PASS aishodan: failed or malformed reads cannot accept and can be rechecked
PASS aishodan: missing token stops loading safely without API or acceptance
PASS aishodan: non-JSON 401 offers sign-in before attempting body parsing
PASS aishodan: non-JSON wrong-account rejection switches through sign-out and safely retries
PASS aishodan: expired GET or POST never permits acceptance or account switching
PASS aishodan: missing or conflicted POST requires a fresh lookup before acceptance
PASS aishodan: network rejection and invalid successful POST never show success or private details
PASS aishodan: duplicate participation is synchronously blocked
PASS aishodan: successful and already-member responses schedule only the service destination
PASS aishodan: used invitation cannot POST
PASS aishodan: API, JSON and failure arriving after unmount cannot change state
PASS aishodan: recheck is aborted on unmount and late read cannot restore acceptance
PASS aishodan: history restoration rereads invitation and ignores stale participation
PASS aishodan: duplicate SDK calls are blocked and stale SDK failure cannot affect a restored invite
{
  "passed": 45,
  "scope": "Actual three TSX wrappers, shared component and hook; synthetic API/SDK/timers; no real participation, email or DB writes",
  "results": [
    "quote: valid invite preserves organization and role; encoded GET is abortable and no-store",
    "quote: failed or malformed reads cannot accept and can be rechecked",
    "quote: missing token stops loading safely without API or acceptance",
    "quote: non-JSON 401 offers sign-in before attempting body parsing",
    "quote: non-JSON wrong-account rejection switches through sign-out and safely retries",
    "quote: expired GET or POST never permits acceptance or account switching",
    "quote: missing or conflicted POST requires a fresh lookup before acceptance",
    "quote: network rejection and invalid successful POST never show success or private details",
    "quote: duplicate participation is synchronously blocked",
    "quote: successful and already-member responses schedule only the service destination",
    "quote: used invitation cannot POST",
    "quote: API, JSON and failure arriving after unmount cannot change state",
    "quote: recheck is aborted on unmount and late read cannot restore acceptance",
    "quote: history restoration rereads invitation and ignores stale participation",
    "quote: duplicate SDK calls are blocked and stale SDK failure cannot affect a restored invite",
    "mensetsu: valid invite preserves organization and role; encoded GET is abortable and no-store",
    "mensetsu: failed or malformed reads cannot accept and can be rechecked",
    "mensetsu: missing token stops loading safely without API or acceptance",
    "mensetsu: non-JSON 401 offers sign-in before attempting body parsing",
    "mensetsu: non-JSON wrong-account rejection switches through sign-out and safely retries",
    "mensetsu: expired GET or POST never permits acceptance or account switching",
    "mensetsu: missing or conflicted POST requires a fresh lookup before acceptance",
    "mensetsu: network rejection and invalid successful POST never show success or private details",
    "mensetsu: duplicate participation is synchronously blocked",
    "mensetsu: successful and already-member responses schedule only the service destination",
    "mensetsu: used invitation cannot POST",
    "mensetsu: API, JSON and failure arriving after unmount cannot change state",
    "mensetsu: recheck is aborted on unmount and late read cannot restore acceptance",
    "mensetsu: history restoration rereads invitation and ignores stale participation",
    "mensetsu: duplicate SDK calls are blocked and stale SDK failure cannot affect a restored invite",
    "aishodan: valid invite preserves organization and role; encoded GET is abortable and no-store",
    "aishodan: failed or malformed reads cannot accept and can be rechecked",
    "aishodan: missing token stops loading safely without API or acceptance",
    "aishodan: non-JSON 401 offers sign-in before attempting body parsing",
    "aishodan: non-JSON wrong-account rejection switches through sign-out and safely retries",
    "aishodan: expired GET or POST never permits acceptance or account switching",
    "aishodan: missing or conflicted POST requires a fresh lookup before acceptance",
    "aishodan: network rejection and invalid successful POST never show success or private details",
    "aishodan: duplicate participation is synchronously blocked",
    "aishodan: successful and already-member responses schedule only the service destination",
    "aishodan: used invitation cannot POST",
    "aishodan: API, JSON and failure arriving after unmount cannot change state",
    "aishodan: recheck is aborted on unmount and late read cannot restore acceptance",
    "aishodan: history restoration rereads invitation and ignores stale participation",
    "aishodan: duplicate SDK calls are blocked and stale SDK failure cannot affect a restored invite"
  ]
}
PASS sfa: current page shows valid fields and uses encoded abortable no-store reads
PASS sfa: missing token cannot get stuck loading or issue a request
PASS sfa: failed, malformed and unsuccessful HTTP reads cannot permit participation
PASS sfa: unresolved session disables action and handler cannot post or start OAuth
PASS sfa: unauthenticated sign-in failure retains invitation callback and can retry
PASS sfa: non-JSON 401 is handled before body parsing
PASS sfa: email mismatch can switch accounts through sign-out and retry safely
PASS sfa: non-JSON unavailable GET and POST cannot offer participation or switching
PASS sfa: POST404/409 clears stale invitation and requires explicit recheck
PASS sfa: network, invalid success and error HTTP with success fields never navigate
PASS sfa: duplicate participation is blocked before first response
PASS sfa: valid current success preserves the service destination and lock
PASS sfa: API, JSON and failure after unmount cannot change state
PASS sfa: history restoration rechecks and rejects late POST success
PASS sfa: pending SDK locks all actions and stale failure after history restoration is ignored
PASS sfa: pending recheck is aborted and late body cannot restore stale invite
PASS promane: current page shows valid fields and uses encoded abortable no-store reads
PASS promane: missing token cannot get stuck loading or issue a request
PASS promane: failed, malformed and unsuccessful HTTP reads cannot permit participation
PASS promane: unresolved session disables action and handler cannot post or start OAuth
PASS promane: unauthenticated sign-in failure retains invitation callback and can retry
PASS promane: non-JSON 401 is handled before body parsing
PASS promane: email mismatch can switch accounts through sign-out and retry safely
PASS promane: non-JSON unavailable GET and POST cannot offer participation or switching
PASS promane: POST404/409 clears stale invitation and requires explicit recheck
PASS promane: network, invalid success and error HTTP with success fields never navigate
PASS promane: duplicate participation is blocked before first response
PASS promane: valid current success preserves the service destination and lock
PASS promane: API, JSON and failure after unmount cannot change state
PASS promane: history restoration rechecks and rejects late POST success
PASS promane: pending SDK locks all actions and stale failure after history restoration is ignored
PASS promane: pending recheck is aborted and late body cannot restore stale invite
PASS kintai: current page shows valid fields and uses encoded abortable no-store reads
PASS kintai: missing token cannot get stuck loading or issue a request
PASS kintai: failed, malformed and unsuccessful HTTP reads cannot permit participation
PASS kintai: unresolved session disables action and handler cannot post or start OAuth
PASS kintai: unauthenticated sign-in failure retains invitation callback and can retry
PASS kintai: non-JSON 401 is handled before body parsing
PASS kintai: email mismatch can switch accounts through sign-out and retry safely
PASS kintai: non-JSON unavailable GET and POST cannot offer participation or switching
PASS kintai: POST404/409 clears stale invitation and requires explicit recheck
PASS kintai: network, invalid success and error HTTP with success fields never navigate
PASS kintai: duplicate participation is blocked before first response
PASS kintai: valid current success preserves the service destination and lock
PASS kintai: API, JSON and failure after unmount cannot change state
PASS kintai: history restoration rechecks and rejects late POST success
PASS kintai: pending SDK locks all actions and stale failure after history restoration is ignored
PASS kintai: pending recheck is aborted and late body cannot restore stale invite
PASS Promane quota, disabled access and unknown 403 never offer switching
PASS SFA member quota preserves owner guidance and never offers switching
PASS Promane distinguishes accepted invitation from expiry for GET and POST
{
  "passed": 51,
  "scope": "Actual three TSX pages, shared recovery hook and submission hook; synthetic API/auth; no external OAuth or database writes",
  "results": [
    "sfa: current page shows valid fields and uses encoded abortable no-store reads",
    "sfa: missing token cannot get stuck loading or issue a request",
    "sfa: failed, malformed and unsuccessful HTTP reads cannot permit participation",
    "sfa: unresolved session disables action and handler cannot post or start OAuth",
    "sfa: unauthenticated sign-in failure retains invitation callback and can retry",
    "sfa: non-JSON 401 is handled before body parsing",
    "sfa: email mismatch can switch accounts through sign-out and retry safely",
    "sfa: non-JSON unavailable GET and POST cannot offer participation or switching",
    "sfa: POST404/409 clears stale invitation and requires explicit recheck",
    "sfa: network, invalid success and error HTTP with success fields never navigate",
    "sfa: duplicate participation is blocked before first response",
    "sfa: valid current success preserves the service destination and lock",
    "sfa: API, JSON and failure after unmount cannot change state",
    "sfa: history restoration rechecks and rejects late POST success",
    "sfa: pending SDK locks all actions and stale failure after history restoration is ignored",
    "sfa: pending recheck is aborted and late body cannot restore stale invite",
    "promane: current page shows valid fields and uses encoded abortable no-store reads",
    "promane: missing token cannot get stuck loading or issue a request",
    "promane: failed, malformed and unsuccessful HTTP reads cannot permit participation",
    "promane: unresolved session disables action and handler cannot post or start OAuth",
    "promane: unauthenticated sign-in failure retains invitation callback and can retry",
    "promane: non-JSON 401 is handled before body parsing",
    "promane: email mismatch can switch accounts through sign-out and retry safely",
    "promane: non-JSON unavailable GET and POST cannot offer participation or switching",
    "promane: POST404/409 clears stale invitation and requires explicit recheck",
    "promane: network, invalid success and error HTTP with success fields never navigate",
    "promane: duplicate participation is blocked before first response",
    "promane: valid current success preserves the service destination and lock",
    "promane: API, JSON and failure after unmount cannot change state",
    "promane: history restoration rechecks and rejects late POST success",
    "promane: pending SDK locks all actions and stale failure after history restoration is ignored",
    "promane: pending recheck is aborted and late body cannot restore stale invite",
    "kintai: current page shows valid fields and uses encoded abortable no-store reads",
    "kintai: missing token cannot get stuck loading or issue a request",
    "kintai: failed, malformed and unsuccessful HTTP reads cannot permit participation",
    "kintai: unresolved session disables action and handler cannot post or start OAuth",
    "kintai: unauthenticated sign-in failure retains invitation callback and can retry",
    "kintai: non-JSON 401 is handled before body parsing",
    "kintai: email mismatch can switch accounts through sign-out and retry safely",
    "kintai: non-JSON unavailable GET and POST cannot offer participation or switching",
    "kintai: POST404/409 clears stale invitation and requires explicit recheck",
    "kintai: network, invalid success and error HTTP with success fields never navigate",
    "kintai: duplicate participation is blocked before first response",
    "kintai: valid current success preserves the service destination and lock",
    "kintai: API, JSON and failure after unmount cannot change state",
    "kintai: history restoration rechecks and rejects late POST success",
    "kintai: pending SDK locks all actions and stale failure after history restoration is ignored",
    "kintai: pending recheck is aborted and late body cannot restore stale invite",
    "Promane quota, disabled access and unknown 403 never offer switching",
    "SFA member quota preserves owner guidance and never offers switching",
    "Promane distinguishes accepted invitation from expiry for GET and POST"
  ]
}
PASS invalid invitation bodies return 400 before lookup or mutation
PASS pending expiry including the exact deadline returns 410 without claiming membership
PASS stored expiry returns 410 while accepted and cancelled invitations return 409
PASS expiry while waiting for the organization lock takes priority over the member limit
PASS changed, removed or consumed invitation under the organization lock is never claimed
PASS expiry between the locked check and claim returns 410 with no member or audit
PASS failed claim on a cancelled invitation returns 409 rather than guessing expiry
PASS a valid organization at capacity rejects before consuming the invite
PASS valid matching invitation preserves atomic membership creation and audit
PASS invite lookup preserves consumed and cancelled states, and expires pending exactly at its deadline
{
  "passed": 10,
  "scope": "actual API; synthetic clock/auth/transaction; not a PostgreSQL concurrency or production write test",
  "results": [
    "invalid invitation bodies return 400 before lookup or mutation",
    "pending expiry including the exact deadline returns 410 without claiming membership",
    "stored expiry returns 410 while accepted and cancelled invitations return 409",
    "expiry while waiting for the organization lock takes priority over the member limit",
    "changed, removed or consumed invitation under the organization lock is never claimed",
    "expiry between the locked check and claim returns 410 with no member or audit",
    "failed claim on a cancelled invitation returns 409 rather than guessing expiry",
    "a valid organization at capacity rejects before consuming the invite",
    "valid matching invitation preserves atomic membership creation and audit",
    "invite lookup preserves consumed and cancelled states, and expires pending exactly at its deadline"
  ]
}
PASS organization billing: owner plan, scoped pricing, member quota guidance, and owner-only upgrade links
PASS interview auxiliary limits reject before AI, included proofread blocks overlap, and failure refunds
PASS HR evaluations can page through all records in stable order
PASS HR evaluations reject page=abc before DB reads
PASS HR evaluations reject page=1.5 before DB reads
PASS HR evaluations reject page=-1 before DB reads
PASS HR evaluations reject page=0 before DB reads
PASS HR evaluations reject page=1000001 before DB reads
PASS HR evaluations reject pageSize=abc before DB reads
PASS HR evaluations reject pageSize=0 before DB reads
PASS HR evaluations reject pageSize=1.5 before DB reads
PASS HR evaluations reject pageSize=-1 before DB reads
PASS HR audit log uses bounded defaults and stable order
PASS HR audit log rejects invalid page=abc before DB read
PASS HR audit log rejects invalid page=0 before DB read
PASS HR audit log rejects invalid page=1.5 before DB read
PASS HR audit log rejects invalid page=10001 before DB read
PASS HR audit log rejects invalid page= before DB read
PASS HR audit log rejects invalid pageSize=abc before DB read
PASS HR audit log rejects invalid pageSize=0 before DB read
PASS HR audit log rejects invalid pageSize=1.5 before DB read
PASS HR audit log rejects invalid pageSize=101 before DB read
PASS HR audit log rejects invalid pageSize= before DB read
PASS HR audit log does not log raw exceptions
PASS DoyaSlide project failures keep raw exceptions out of logs
PASS DoyaSlide list pages summaries and reads only one cover per project
PASS DoyaSlide list without a limit remains bounded
PASS DoyaSlide list rejects limit=0 before page reads
PASS DoyaSlide list rejects limit=31 before page reads
PASS DoyaSlide list rejects limit=abc before page reads
PASS DoyaSlide list rejects limit=1.5 before page reads
PASS DoyaSlide list rejects limit=30&cursor=foreign before page reads
Interview AI output validation passed
PASS recipe generation limits calls before AI, refunds failure, and rejects oversized samples
PASS Banner quota modal: actual rendering and CTA handlers; PRO/Enterprise/contact, free eligibility, legacy LIGHT, unsafe URL, remaining capacity
PASS logo configuration rejects anonymous, missing and foreign projects without image or storage work
PASS processing projects and individual generating slides reject branding changes
PASS logo fetch failure keeps previous settings and does not expose diagnostics
PASS owner timestamp and processing changes before saving reject stale project writes
PASS newer image versions and generating slides cannot be overwritten by stale recomposition
PASS owner branding and processing changes after saving stop image writes and success claims
PASS final ownership and timestamp checks do not return an unowned or stale confirmed project
PASS unchanged owned projects save settings and compose images, including projects with no logo
{
  "passed": 8,
  "scope": "Actual API with synthetic auth/Prisma/image/Storage and injected state changes. No real DB concurrency, storage writes or paid generation. Conflicts after upload may leave unused storage assets.",
  "results": [
    "logo configuration rejects anonymous, missing and foreign projects without image or storage work",
    "processing projects and individual generating slides reject branding changes",
    "logo fetch failure keeps previous settings and does not expose diagnostics",
    "owner timestamp and processing changes before saving reject stale project writes",
    "newer image versions and generating slides cannot be overwritten by stale recomposition",
    "owner branding and processing changes after saving stop image writes and success claims",
    "final ownership and timestamp checks do not return an unowned or stale confirmed project",
    "unchanged owned projects save settings and compose images, including projects with no logo"
  ]
}
PASS logo upload rejects anonymous requests before any form or storage work
PASS invalid project IDs, MIME, SVG, empty and oversized files are rejected before storage
PASS missing and foreign projects fail before file reads or storage uploads
PASS project structure, bulk generation and individual-slide generation block logo uploads
PASS real Sharp decoding rejects corrupt, mislabeled, empty-body and excessive-dimension images before upload
PASS header-readable but truncated PNG is rejected by full pixel decoding before storage
PASS valid PNG JPEG and WebP images attach to the unchanged owned project
PASS standalone logo upload remains supported without a project update
PASS deleted transferred changed and processing projects cannot be overwritten after a delayed Storage response
PASS ownership storage and write failures return public errors and never claim a confirmed logo association
{
  "passed": 10,
  "scope": "Actual API module, synthetic auth/File/Prisma/storage with real local Sharp decoding. No customer data, Storage writes, real DB race or paid provider call.",
  "results": [
    "logo upload rejects anonymous requests before any form or storage work",
    "invalid project IDs, MIME, SVG, empty and oversized files are rejected before storage",
    "missing and foreign projects fail before file reads or storage uploads",
    "project structure, bulk generation and individual-slide generation block logo uploads",
    "real Sharp decoding rejects corrupt, mislabeled, empty-body and excessive-dimension images before upload",
    "header-readable but truncated PNG is rejected by full pixel decoding before storage",
    "valid PNG JPEG and WebP images attach to the unchanged owned project",
    "standalone logo upload remains supported without a project update",
    "deleted transferred changed and processing projects cannot be overwritten after a delayed Storage response",
    "ownership storage and write failures return public errors and never claim a confirmed logo association"
  ]
}
PASS wizard never enters automatic generation for bad creation, ownership, structure or uncertain network/body replies
PASS failed, malformed or unassociated logo upload never triggers structure or generation and keeps the project for recovery
PASS successful wizard with and without logo verifies stored structure before entering automatic generation
PASS retry resumes the confirmed draft and never consumes another project-creation allowance
PASS retry observes an already saved structure or an in-flight operation without reissuing generation
PASS quota/login/daily-limit denials preserve the appropriate UI without automatic generation
PASS each wizard request keeps its body deadline and double activation never duplicates a write
PASS unmounted wizard stops after its current request without creating subsequent structure or navigation
PASS project deletion needs the explicit successful server acknowledgment and retains the list on uncertainty
PASS confirmed deletion refreshes the list and declined confirmation never issues a request
PASS deletion body deadline and shared lock prevent duplicate or hanging deletions
PASS unknown creation outcome prevents another project creation until the user checks the list and resets explicitly
{
  "passed": 12,
  "scope": "Actual wizard submit/helpers and list delete callbacks, synthetic auth/fetch/FormData/router/clock/state. No project creation, logo upload, deletion or paid AI call.",
  "results": [
    "wizard never enters automatic generation for bad creation, ownership, structure or uncertain network/body replies",
    "failed, malformed or unassociated logo upload never triggers structure or generation and keeps the project for recovery",
    "successful wizard with and without logo verifies stored structure before entering automatic generation",
    "retry resumes the confirmed draft and never consumes another project-creation allowance",
    "retry observes an already saved structure or an in-flight operation without reissuing generation",
    "quota/login/daily-limit denials preserve the appropriate UI without automatic generation",
    "each wizard request keeps its body deadline and double activation never duplicates a write",
    "unmounted wizard stops after its current request without creating subsequent structure or navigation",
    "project deletion needs the explicit successful server acknowledgment and retains the list on uncertainty",
    "confirmed deletion refreshes the list and declined confirmation never issues a request",
    "deletion body deadline and shared lock prevent duplicate or hanging deletions",
    "unknown creation outcome prevents another project creation until the user checks the list and resets explicitly"
  ]
}
PASS retryStructure rejects uncertain or malformed responses without false success or an unintended next action
PASS retryStructure accepts confirmed results and releases its lock
PASS retryStructure retains its deadline through body reads and double activation never duplicates a request
PASS saveLogoConfig rejects uncertain or malformed responses without false success or an unintended next action
PASS saveLogoConfig accepts confirmed results and releases its lock
PASS saveLogoConfig retains its deadline through body reads and double activation never duplicates a request
PASS exportAs rejects uncertain or malformed responses without false success or an unintended next action
PASS exportAs accepts confirmed results and releases its lock
PASS exportAs retains its deadline through body reads and double activation never duplicates a request
PASS structure confirmation failure prevents image generation and refresh exceptions never leave its lock held
PASS logo partial recomposition preserves retry values and does not claim all slides were updated
PASS export accepts only HTTPS credential-free URLs and valid filenames and counts
PASS partial export starts a download but announces skipped images without claiming completion
PASS declined or duplicate exports make no request and click failure removes its anchor and unlocks
PASS structure daily operational limit is a persistent notice with no image generation or paid-plan promise
{
  "passed": 15,
  "scope": "Actual structure/logo/export and response validators with synthetic fetch/clock/state/DOM. No provider request, logo save, export upload or real download.",
  "results": [
    "retryStructure rejects uncertain or malformed responses without false success or an unintended next action",
    "retryStructure accepts confirmed results and releases its lock",
    "retryStructure retains its deadline through body reads and double activation never duplicates a request",
    "saveLogoConfig rejects uncertain or malformed responses without false success or an unintended next action",
    "saveLogoConfig accepts confirmed results and releases its lock",
    "saveLogoConfig retains its deadline through body reads and double activation never duplicates a request",
    "exportAs rejects uncertain or malformed responses without false success or an unintended next action",
    "exportAs accepts confirmed results and releases its lock",
    "exportAs retains its deadline through body reads and double activation never duplicates a request",
    "structure confirmation failure prevents image generation and refresh exceptions never leave its lock held",
    "logo partial recomposition preserves retry values and does not claim all slides were updated",
    "export accepts only HTTPS credential-free URLs and valid filenames and counts",
    "partial export starts a download but announces skipped images without claiming completion",
    "declined or duplicate exports make no request and click failure removes its anchor and unlocks",
    "structure daily operational limit is a persistent notice with no image generation or paid-plan promise"
  ]
}
PASS regenerate requires a valid slide acknowledgment and a matching confirmed refresh
PASS regenerate succeeds only after confirmation and releases its lock
PASS regenerate bounds response-body waiting and never automatically repeats an uncertain write
PASS revert requires a valid slide acknowledgment and a matching confirmed refresh
PASS revert succeeds only after confirmation and releases its lock
PASS revert bounds response-body waiting and never automatically repeats an uncertain write
PASS sendChat requires a valid slide acknowledgment and a matching confirmed refresh
PASS sendChat succeeds only after confirmation and releases its lock
PASS sendChat bounds response-body waiting and never automatically repeats an uncertain write
PASS quota rejection preserves its upgrade notice and chat draft
PASS revert verifies the selected history image and rejects unavailable or stale histories before issuing a write
PASS history refresh preserves confirmed same-slide history on unconfirmed responses
PASS history accepts valid empty data and clears private data on definitive access failure
PASS history body deadline and out-of-order selection reads never overwrite another slide history
PASS a chat success never clears a newer draft and unmounted operations do not append messages
PASS different slide mutations share the same lock and off-selection history refresh leaves the current history intact
{
  "passed": 16,
  "scope": "Actual AST-extracted editor mutation/history/read functions; synthetic fetch/state/clock/project. No real history writes or paid AI calls.",
  "results": [
    "regenerate requires a valid slide acknowledgment and a matching confirmed refresh",
    "regenerate succeeds only after confirmation and releases its lock",
    "regenerate bounds response-body waiting and never automatically repeats an uncertain write",
    "revert requires a valid slide acknowledgment and a matching confirmed refresh",
    "revert succeeds only after confirmation and releases its lock",
    "revert bounds response-body waiting and never automatically repeats an uncertain write",
    "sendChat requires a valid slide acknowledgment and a matching confirmed refresh",
    "sendChat succeeds only after confirmation and releases its lock",
    "sendChat bounds response-body waiting and never automatically repeats an uncertain write",
    "quota rejection preserves its upgrade notice and chat draft",
    "revert verifies the selected history image and rejects unavailable or stale histories before issuing a write",
    "history refresh preserves confirmed same-slide history on unconfirmed responses",
    "history accepts valid empty data and clears private data on definitive access failure",
    "history body deadline and out-of-order selection reads never overwrite another slide history",
    "a chat success never clears a newer draft and unmounted operations do not append messages",
    "different slide mutations share the same lock and off-selection history refresh leaves the current history intact"
  ]
}
PASS project refresh preserves last confirmed data and exposes persistent errors for bad responses
PASS definitive auth/access/missing responses clear private state without needing a response body
PASS valid refresh restores data and keeps only a selection that exists in the confirmed project
PASS body timeout settles refresh, releases busy accounting and preserves the confirmed output
PASS older concurrent reads cannot overwrite a newer state or error and background polls do not overlap
PASS unmounted refresh never applies data or error
PASS invalid generation results never announce completion or trigger another paid batch
PASS completion requires a matching confirmed project; failed final reload cannot retain the generation lock
PASS generation body timeout produces a public unknown-result notice and no automatic reissue
PASS quota rejection and partial quota results retain the upgrade notice and stop generation
PASS stalled partial generation keeps the existing bounded retry behavior
PASS double activation and unmount never start an extra generation request
PASS continuing progress remains bounded to twelve batches and only requests pending slides
PASS failed or unreadable generation HTTP responses retain outputs and public errors
{
  "passed": 14,
  "scope": "Actual editor functions extracted from source; synthetic fetch/state/clock/auth responses. No real user/project writes or paid AI calls.",
  "results": [
    "project refresh preserves last confirmed data and exposes persistent errors for bad responses",
    "definitive auth/access/missing responses clear private state without needing a response body",
    "valid refresh restores data and keeps only a selection that exists in the confirmed project",
    "body timeout settles refresh, releases busy accounting and preserves the confirmed output",
    "older concurrent reads cannot overwrite a newer state or error and background polls do not overlap",
    "unmounted refresh never applies data or error",
    "invalid generation results never announce completion or trigger another paid batch",
    "completion requires a matching confirmed project; failed final reload cannot retain the generation lock",
    "generation body timeout produces a public unknown-result notice and no automatic reissue",
    "quota rejection and partial quota results retain the upgrade notice and stop generation",
    "stalled partial generation keeps the existing bounded retry behavior",
    "double activation and unmount never start an extra generation request",
    "continuing progress remains bounded to twelve batches and only requests pending slides",
    "failed or unreadable generation HTTP responses retain outputs and public errors"
  ]
}
PASS saveLogoConfig rejects unconfirmed, unreadable and failed responses without claiming success
PASS saveLogoConfig accepts the server-confirmed result and releases its busy state
PASS deleteArticle rejects unconfirmed, unreadable and failed responses without claiming success
PASS deleteArticle accepts the server-confirmed result and releases its busy state
PASS logo save keeps a mismatched requested patch and handles refresh rejection without an unhandled promise
PASS SEO deletion retains its body deadline and unknown completion never removes the visible article
PASS declined SEO deletion makes no request
{
  "passed": 7,
  "scope": "Actual AST-extracted callbacks, synthetic confirm/fetch/state/clock/reload. No real save/delete operation.",
  "results": [
    "saveLogoConfig rejects unconfirmed, unreadable and failed responses without claiming success",
    "saveLogoConfig accepts the server-confirmed result and releases its busy state",
    "deleteArticle rejects unconfirmed, unreadable and failed responses without claiming success",
    "deleteArticle accepts the server-confirmed result and releases its busy state",
    "logo save keeps a mismatched requested patch and handles refresh rejection without an unhandled promise",
    "SEO deletion retains its body deadline and unknown completion never removes the visible article",
    "declined SEO deletion makes no request"
  ]
}
{
  "passed": 24,
  "scope": "Actual AST-extracted callbacks, synthetic state/quota/clock/fetch; no real provider/DB/API request",
  "results": [
    {
      "file": "src/app/banner/dashboard/chat/page.tsx",
      "name": "handleSend",
      "scenario": "network"
    },
    {
      "file": "src/app/banner/dashboard/chat/page.tsx",
      "name": "handleSend",
      "scenario": "body_error"
    },
    {
      "file": "src/app/banner/dashboard/chat/page.tsx",
      "name": "handleSend",
      "scenario": "http_error"
    },
    {
      "file": "src/app/banner/dashboard/chat/page.tsx",
      "name": "handleSend",
      "scenario": "invalid"
    },
    {
      "file": "src/app/banner/dashboard/chat/page.tsx",
      "name": "handleSend",
      "scenario": "bad_result"
    },
    {
      "file": "src/app/banner/dashboard/chat/page.tsx",
      "name": "handleSend",
      "scenario": "quota"
    },
    {
      "file": "src/app/banner/dashboard/chat/page.tsx",
      "name": "handleSend",
      "scenario": "pending"
    },
    {
      "file": "src/app/banner/dashboard/chat/page.tsx",
      "name": "handleSend",
      "scenario": "success"
    },
    {
      "file": "src/app/banner/dashboard/chat/page.tsx",
      "name": "handleRefine",
      "scenario": "network"
    },
    {
      "file": "src/app/banner/dashboard/chat/page.tsx",
      "name": "handleRefine",
      "scenario": "body_error"
    },
    {
      "file": "src/app/banner/dashboard/chat/page.tsx",
      "name": "handleRefine",
      "scenario": "http_error"
    },
    {
      "file": "src/app/banner/dashboard/chat/page.tsx",
      "name": "handleRefine",
      "scenario": "invalid"
    },
    {
      "file": "src/app/banner/dashboard/chat/page.tsx",
      "name": "handleRefine",
      "scenario": "bad_result"
    },
    {
      "file": "src/app/banner/dashboard/chat/page.tsx",
      "name": "handleRefine",
      "scenario": "quota"
    },
    {
      "file": "src/app/banner/dashboard/chat/page.tsx",
      "name": "handleRefine",
      "scenario": "pending"
    },
    {
      "file": "src/app/banner/dashboard/chat/page.tsx",
      "name": "handleRefine",
      "scenario": "success"
    },
    {
      "file": "src/app/banner/dashboard/create/page.tsx",
      "name": "handleRefine",
      "scenario": "network"
    },
    {
      "file": "src/app/banner/dashboard/create/page.tsx",
      "name": "handleRefine",
      "scenario": "body_error"
    },
    {
      "file": "src/app/banner/dashboard/create/page.tsx",
      "name": "handleRefine",
      "scenario": "http_error"
    },
    {
      "file": "src/app/banner/dashboard/create/page.tsx",
      "name": "handleRefine",
      "scenario": "invalid"
    },
    {
      "file": "src/app/banner/dashboard/create/page.tsx",
      "name": "handleRefine",
      "scenario": "bad_result"
    },
    {
      "file": "src/app/banner/dashboard/create/page.tsx",
      "name": "handleRefine",
      "scenario": "quota"
    },
    {
      "file": "src/app/banner/dashboard/create/page.tsx",
      "name": "handleRefine",
      "scenario": "pending"
    },
    {
      "file": "src/app/banner/dashboard/create/page.tsx",
      "name": "handleRefine",
      "scenario": "success"
    }
  ]
}
{
  "passed": 25,
  "scope": "Actual AST-extracted callbacks; synthetic auth/fetch/clock/cache/refs/state. No real DB/API requests.",
  "results": [
    {
      "file": "src/app/banner/gallery/page.tsx",
      "name": "fetchPage",
      "scenario": "pending"
    },
    {
      "file": "src/app/banner/gallery/page.tsx",
      "name": "fetchPage",
      "scenario": "invalid"
    },
    {
      "file": "src/app/banner/gallery/page.tsx",
      "name": "fetchPage",
      "scenario": "body_error"
    },
    {
      "file": "src/app/banner/gallery/page.tsx",
      "name": "fetchPage",
      "scenario": "network"
    },
    {
      "file": "src/app/banner/gallery/page.tsx",
      "name": "fetchPage",
      "scenario": "success"
    },
    {
      "file": "src/app/banner/dashboard/history/page.tsx",
      "name": "loadHistory",
      "scenario": "pending"
    },
    {
      "file": "src/app/banner/dashboard/history/page.tsx",
      "name": "loadHistory",
      "scenario": "invalid"
    },
    {
      "file": "src/app/banner/dashboard/history/page.tsx",
      "name": "loadHistory",
      "scenario": "body_error"
    },
    {
      "file": "src/app/banner/dashboard/history/page.tsx",
      "name": "loadHistory",
      "scenario": "network"
    },
    {
      "file": "src/app/banner/dashboard/history/page.tsx",
      "name": "loadHistory",
      "scenario": "success"
    },
    {
      "file": "src/app/banner/dashboard/history/page.tsx",
      "name": "loadMore",
      "scenario": "pending"
    },
    {
      "file": "src/app/banner/dashboard/history/page.tsx",
      "name": "loadMore",
      "scenario": "invalid"
    },
    {
      "file": "src/app/banner/dashboard/history/page.tsx",
      "name": "loadMore",
      "scenario": "body_error"
    },
    {
      "file": "src/app/banner/dashboard/history/page.tsx",
      "name": "loadMore",
      "scenario": "network"
    },
    {
      "file": "src/app/banner/dashboard/history/page.tsx",
      "name": "loadMore",
      "scenario": "success"
    },
    {
      "file": "src/app/banner/dashboard/stats/page.tsx",
      "name": "loadHistory",
      "scenario": "pending"
    },
    {
      "file": "src/app/banner/dashboard/stats/page.tsx",
      "name": "loadHistory",
      "scenario": "invalid"
    },
    {
      "file": "src/app/banner/dashboard/stats/page.tsx",
      "name": "loadHistory",
      "scenario": "body_error"
    },
    {
      "file": "src/app/banner/dashboard/stats/page.tsx",
      "name": "loadHistory",
      "scenario": "network"
    },
    {
      "file": "src/app/banner/dashboard/stats/page.tsx",
      "name": "loadHistory",
      "scenario": "success"
    },
    {
      "file": "src/app/seo/jobs/[id]/page.tsx",
      "name": "load",
      "scenario": "pending"
    },
    {
      "file": "src/app/seo/jobs/[id]/page.tsx",
      "name": "load",
      "scenario": "invalid"
    },
    {
      "file": "src/app/seo/jobs/[id]/page.tsx",
      "name": "load",
      "scenario": "body_error"
    },
    {
      "file": "src/app/seo/jobs/[id]/page.tsx",
      "name": "load",
      "scenario": "network"
    },
    {
      "file": "src/app/seo/jobs/[id]/page.tsx",
      "name": "load",
      "scenario": "success"
    }
  ]
}
PASS src/app/banner/dashboard/create/page.tsx rejects invalid results, transport failures and quota refusal without losing images
PASS src/app/banner/dashboard/create/page.tsx keeps the body deadline active and preserves prior images on timeout
PASS src/app/banner/dashboard/create/page.tsx accepts verified images and exposes partial success warnings
PASS src/app/banner/dashboard/chat/page.tsx rejects invalid results, transport failures and quota refusal without losing images
PASS src/app/banner/dashboard/chat/page.tsx keeps the body deadline active and preserves prior images on timeout
PASS src/app/banner/dashboard/chat/page.tsx accepts verified images and exposes partial success warnings
{
  "passed": 6,
  "scope": "Actual AST-extracted page handlers, synthetic quota/fetch/clock/setters, no DB/provider/payment requests",
  "results": [
    "src/app/banner/dashboard/create/page.tsx rejects invalid results, transport failures and quota refusal without losing images",
    "src/app/banner/dashboard/create/page.tsx keeps the body deadline active and preserves prior images on timeout",
    "src/app/banner/dashboard/create/page.tsx accepts verified images and exposes partial success warnings",
    "src/app/banner/dashboard/chat/page.tsx rejects invalid results, transport failures and quota refusal without losing images",
    "src/app/banner/dashboard/chat/page.tsx keeps the body deadline active and preserves prior images on timeout",
    "src/app/banner/dashboard/chat/page.tsx accepts verified images and exposes partial success warnings"
  ]
}
PASS URL banner page keeps PRO and paid aliases above stale service FREE, matching server entitlement
PASS URL banner quota sends PRO and Enterprise to support without non-sold purchase claims
PASS URL banner preserves valid service-paid entitlement and unknown plans never unlock paid settings
PASS URL banner free trial eligibility and guest login guidance stay distinct and retain remaining count
PASS URL banner generation and regeneration retain explicit support action and clear it on the next failure
PASS URL banner arbitrary external response URLs cannot replace plan guidance
PASS URL banner body reads retain their deadline and abort preserves previous results in both handlers
PASS URL banner invalid success envelopes, private non-JSON diagnostics and network errors never erase old images
PASS URL banner known upstream statuses keep actionable public messages without raw body text
PASS URL banner valid success and partial warnings update images truthfully and release timers
{
  "passed": 10,
  "scope": "Actual page render and handlers; synthetic session/router/fetch, no provider, DB or payment request",
  "results": [
    "URL banner page keeps PRO and paid aliases above stale service FREE, matching server entitlement",
    "URL banner quota sends PRO and Enterprise to support without non-sold purchase claims",
    "URL banner preserves valid service-paid entitlement and unknown plans never unlock paid settings",
    "URL banner free trial eligibility and guest login guidance stay distinct and retain remaining count",
    "URL banner generation and regeneration retain explicit support action and clear it on the next failure",
    "URL banner arbitrary external response URLs cannot replace plan guidance",
    "URL banner body reads retain their deadline and abort preserves previous results in both handlers",
    "URL banner invalid success envelopes, private non-JSON diagnostics and network errors never erase old images",
    "URL banner known upstream statuses keep actionable public messages without raw body text",
    "URL banner valid success and partial warnings update images truthfully and release timers"
  ]
}
PASS banner chat and copy share a daily quota and reject excess calls before the provider
PASS banner text provider body and timeout are bounded
PASS Banner generate does not expose unexpected errors to user or alert
PASS Banner from-url does not expose unexpected errors to user
PASS Banner refine does not send provider details to alerts
PASS Banner error notification finishes before returning if waitUntil is unavailable
PASS Banner generator sanitizes unexpected provider failure
PASS Banner generator sanitizes provider quota failure
PASS Banner provider errors never become result text or raw logs
PASS Error alert strips request, URL, user and stack details
PASS Distinct incidents retain distinct dedupe signatures without raw details
PASS Notifier failures do not log webhook or provider errors
PASS Production API errors from isolated instances share one alert
PASS HTTP delivery failure releases the shared claim
PASS A failed production delivery can retry on the same instance
PASS Fallback cooldown is cleared after failed delivery
PASS Failed burst delivery releases the shared claim and retries
PASS Generic alert returns delivery status and releases failed local cooldown
PASS Missing alert webhook does not consume a local cooldown
PASS Shared error handler never reads or forwards request bodies
PASS Slack delivery errors never log webhook response bodies
PASS server and client error/warning logs do not include raw exception objects, messages, or stacks
PASS public healthcheck omits raw database errors and configured hosts
PASS slide generation hides provider failure
PASS slashslide generation hides provider failure
PASS interviewx analyze-url-preview hides source errors
PASS interviewx projects/[id]/analyze-url hides source errors
PASS movie plan stream hides provider failure
PASS shared Gemini chat does not include provider response bodies in errors
PASS movie render failure stores a safe message
PASS movie render status hides previously stored failure details
PASS shodan detail hides previously stored provider failure details
PASS slide vision failure does not include provider response bodies
PASS cunning transcription preserves fallback without retaining provider response bodies
PASS HubSpot sync failure does not include provider response bodies
PASS email failure results and logs do not expose provider details
PASS Banner gallery bounds and paginates public results
PASS Banner gallery rejects invalid take=0 before list read
PASS Banner gallery rejects invalid take=61 before list read
PASS Banner gallery rejects invalid take=1.5 before list read
PASS Banner gallery rejects invalid take=NaN before list read
PASS Banner gallery rejects invalid take= before list read
PASS Banner gallery rejects invalid cursor= before list read
PASS Banner gallery rejects invalid cursor=%20 before list read
PASS Banner gallery rejects invalid cursor=foreign before list read
PASS Banner gallery failures do not log raw exceptions
PASS Doyamana admin image creation, empty categories, edit preservation, and payload limit
PASS Doyamana categories use live templates, custom CRUD, active filtering, and deletion guards
PASS HubSpot sync retries failed contacts without cursor loss, overlaps timestamps, and rejects truncated fetches
PASS Doyamana admin APIs bound reads and writes, filter unknown genres, and hide database details
PASS DoyaSlide production errors stay private even when the debug flag is set
PASS DoyaSlide text calls serialize at the JST daily ceiling and reset at midnight
PASS DoyaSlide text ledger corruption fails closed
PASS DoyaSlide URL analysis rejects the cap before fetching or calling AI
PASS DoyaSlide structure cap releases its claim and blocks paid dependencies
PASS DoyaSlide project update rejects invalid and unknown fields before writing
PASS DoyaSlide project update keeps ownership checks and normalizes valid input
PASS DoyaSlide project deletion is owner-scoped at the write
PASS banner refine and cron errors hide internals; cron responses are private; no email sent
PASS banner maintenance limits paid generation to five and hides provider and database details
PASS admin template errors are private, batch size is bounded, and drip seed hides database details
PASS active service usage responses remain private for signed-in and anonymous users
PASS admin and banner statistics stay private and hide internal errors
PASS Stripe error responses hide internal details and private API headers cover admin and Stripe
PASS Shodan free limit guidance follows the server action
PASS Shodan paid limit guidance follows the server action
PASS concurrent employee creation counts and writes under the same organization lock
PASS reactivation enforces the quota and foreign references never reach update
PASS revoked employee managers cannot create an invitation or send email
PASS employee cap action follows the organization owner and paid tier
PASS invalid employee listing pagination is rejected before querying
PASS revoked manager cannot create, edit, or delete a department
PASS department parent cycle and foreign target fail before writes
PASS in-use department cannot be deleted and valid mutations still work
PASS revoked manager cannot create, edit, or delete a work rule
PASS foreign work rule and occupied work rule cannot be changed
PASS valid work rule mutations still work
PASS static image URLs: 129 encoded references, no raw non-ASCII paths
PASS quote organization write failure and retry
PASS quote product write failure, duplicate-click guard and retry
PASS SFA next-action dates follow JST and reject nonexistent dates
PASS SFA task due dates follow JST calendar days
PASS HR AI quota reserves atomically, resets in JST, and refunds only the reserved month
PASS retired generic generate route cannot invoke the provider
PASS SFA AI quota: owner plan, shared actions, concurrent boundary, settlement, release, paid tiers
PASS SFA AI routes: inactive target, quota, DB failure, provider failure, success
PASS SFA usage: displayed plan follows owner and selected organization
PASS organization usage: selected org, default org, owner plan, foreign org rejection
PASS SFA limits: owner plan, concurrent admission, conversion atomicity, pending invites, paid plan, rollback
PASS SFA admission routes: every creation path blocks at quota without writes or email
PASS SFA already-member cleanup is transactional and bypasses a full quota
PASS SFA expiry during cleanup restores the pending invitation
PASS SFA cleanup failure or lost claim never reports success or exposes raw details
PASS SFA fresh transactional invitation rejects changed recipient, organization, status, token or owner role
PASS SFA pending invitation expires during lookup/quota/claim without retained changes
PASS SFA normal participant quota rejects before writes and successful admission consumes exactly one token
PASS SFA serialization conflict retries the entire fresh lookup and admission
PASS SFA pending-seat quota includes only invites strictly newer than expiry cutoff
PASS SFA exact-expiry reissue frees the old pending seat, replaces the invite and preserves active members
{
  "passed": 9,
  "scope": "Actual SFA route and quota; synthetic transactional rollback/auth/clock, no production writes or email",
  "results": [
    "SFA already-member cleanup is transactional and bypasses a full quota",
    "SFA expiry during cleanup restores the pending invitation",
    "SFA cleanup failure or lost claim never reports success or exposes raw details",
    "SFA fresh transactional invitation rejects changed recipient, organization, status, token or owner role",
    "SFA pending invitation expires during lookup/quota/claim without retained changes",
    "SFA normal participant quota rejects before writes and successful admission consumes exactly one token",
    "SFA serialization conflict retries the entire fresh lookup and admission",
    "SFA pending-seat quota includes only invites strictly newer than expiry cutoff",
    "SFA exact-expiry reissue frees the old pending seat, replaces the invite and preserves active members"
  ]
}
PASS sfa: GET and POST expire at the exact deadline and after it without writes
PASS sfa: one millisecond before expiry still admits normally
PASS sfa: delayed existing-member read cannot admit or consume a now-expired invite
PASS sfa: expiry while counting seats takes precedence over quota guidance
PASS sfa: delayed claim rolls back every membership and invitation write
PASS kintai: GET and POST expire at the exact deadline and after it without writes
PASS kintai: one millisecond before expiry still admits normally
PASS kintai: delayed existing-member read cannot admit or consume a now-expired invite
PASS kintai: delayed claim rolls back every membership and invitation write
PASS promane: GET and POST expire at the exact deadline and after it without writes
PASS promane: one millisecond before expiry still admits normally
PASS promane: delayed existing-member read cannot admit or consume a now-expired invite
PASS promane: expiry while counting seats takes precedence over quota guidance
PASS promane: delayed claim rolls back every membership and invitation write
PASS Kintai: expiry during old-organization deactivation rolls back the transfer
PASS Promane: expiry during member creation rolls back both membership and invitation
PASS Kintai: timestamped reissued and legacy tokens share a strict expiry boundary
{
  "passed": 17,
  "scope": "Actual API/helper/seat admission with synthetic clock and transactional rollback model; no real database or external API",
  "results": [
    "sfa: GET and POST expire at the exact deadline and after it without writes",
    "sfa: one millisecond before expiry still admits normally",
    "sfa: delayed existing-member read cannot admit or consume a now-expired invite",
    "sfa: expiry while counting seats takes precedence over quota guidance",
    "sfa: delayed claim rolls back every membership and invitation write",
    "kintai: GET and POST expire at the exact deadline and after it without writes",
    "kintai: one millisecond before expiry still admits normally",
    "kintai: delayed existing-member read cannot admit or consume a now-expired invite",
    "kintai: delayed claim rolls back every membership and invitation write",
    "promane: GET and POST expire at the exact deadline and after it without writes",
    "promane: one millisecond before expiry still admits normally",
    "promane: delayed existing-member read cannot admit or consume a now-expired invite",
    "promane: expiry while counting seats takes precedence over quota guidance",
    "promane: delayed claim rolls back every membership and invitation write",
    "Kintai: expiry during old-organization deactivation rolls back the transfer",
    "Promane: expiry during member creation rolls back both membership and invitation",
    "Kintai: timestamped reissued and legacy tokens share a strict expiry boundary"
  ]
}
PASS aio: exact deadline expires in GET/POST without mutation
PASS aio: 1ms before deadline remains valid
PASS aio: expiry during lock/account/existing read never grants membership
PASS aio: delayed claim rolls back the consumed token and active membership
PASS aio: delayed existing-member cleanup rolls back the invitation deletion
PASS aio: changed role/email/organization between verification and claim never grants membership
PASS aio: a different organization after locking is rejected without claim
PASS shodan: exact deadline expires in GET/POST without mutation
PASS shodan: 1ms before deadline remains valid
PASS shodan: expiry during lock/account/existing read never grants membership
PASS shodan: delayed claim rolls back the consumed token and active membership
PASS shodan: delayed existing-member cleanup rolls back the invitation deletion
PASS shodan: changed role/email/organization between verification and claim never grants membership
PASS shodan: a different organization after locking is rejected without claim
PASS quote: exact deadline expires in GET/POST without mutation
PASS quote: 1ms before deadline remains valid
PASS quote: expiry during lock/account/existing read never grants membership
PASS quote: delayed claim rolls back the consumed token and active membership
PASS quote: delayed existing-member cleanup rolls back the invitation deletion
PASS quote: changed role/email/organization between verification and claim never grants membership
PASS quote: a different organization after locking is rejected without claim
PASS mensetsu: exact deadline expires in GET/POST without mutation
PASS mensetsu: 1ms before deadline remains valid
PASS mensetsu: expiry during lock/account/existing read never grants membership
PASS mensetsu: delayed claim rolls back the consumed token and active membership
PASS mensetsu: delayed existing-member cleanup rolls back the invitation deletion
PASS mensetsu: changed role/email/organization between verification and claim never grants membership
PASS mensetsu: a different organization after locking is rejected without claim
PASS aishodan: exact deadline expires in GET/POST without mutation
PASS aishodan: 1ms before deadline remains valid
PASS aishodan: expiry during lock/account/existing read never grants membership
PASS aishodan: delayed claim rolls back the consumed token and active membership
PASS aishodan: delayed existing-member cleanup rolls back the invitation deletion
PASS aishodan: changed role/email/organization between verification and claim never grants membership
PASS aishodan: a different organization after locking is rejected without claim
PASS HR: expiry during seat count outranks capacity and cannot claim
PASS HR: expiry during claim or member creation rolls back both rows and skips success audit
PASS HR: valid invitation still claims, creates membership and records audit
{
  "passed": 38,
  "scope": "Actual six APIs; synthetic clock, row lock and transactional rollback model; no production DB or email",
  "results": [
    "aio: exact deadline expires in GET/POST without mutation",
    "aio: 1ms before deadline remains valid",
    "aio: expiry during lock/account/existing read never grants membership",
    "aio: delayed claim rolls back the consumed token and active membership",
    "aio: delayed existing-member cleanup rolls back the invitation deletion",
    "aio: changed role/email/organization between verification and claim never grants membership",
    "aio: a different organization after locking is rejected without claim",
    "shodan: exact deadline expires in GET/POST without mutation",
    "shodan: 1ms before deadline remains valid",
    "shodan: expiry during lock/account/existing read never grants membership",
    "shodan: delayed claim rolls back the consumed token and active membership",
    "shodan: delayed existing-member cleanup rolls back the invitation deletion",
    "shodan: changed role/email/organization between verification and claim never grants membership",
    "shodan: a different organization after locking is rejected without claim",
    "quote: exact deadline expires in GET/POST without mutation",
    "quote: 1ms before deadline remains valid",
    "quote: expiry during lock/account/existing read never grants membership",
    "quote: delayed claim rolls back the consumed token and active membership",
    "quote: delayed existing-member cleanup rolls back the invitation deletion",
    "quote: changed role/email/organization between verification and claim never grants membership",
    "quote: a different organization after locking is rejected without claim",
    "mensetsu: exact deadline expires in GET/POST without mutation",
    "mensetsu: 1ms before deadline remains valid",
    "mensetsu: expiry during lock/account/existing read never grants membership",
    "mensetsu: delayed claim rolls back the consumed token and active membership",
    "mensetsu: delayed existing-member cleanup rolls back the invitation deletion",
    "mensetsu: changed role/email/organization between verification and claim never grants membership",
    "mensetsu: a different organization after locking is rejected without claim",
    "aishodan: exact deadline expires in GET/POST without mutation",
    "aishodan: 1ms before deadline remains valid",
    "aishodan: expiry during lock/account/existing read never grants membership",
    "aishodan: delayed claim rolls back the consumed token and active membership",
    "aishodan: delayed existing-member cleanup rolls back the invitation deletion",
    "aishodan: changed role/email/organization between verification and claim never grants membership",
    "aishodan: a different organization after locking is rejected without claim",
    "HR: expiry during seat count outranks capacity and cannot claim",
    "HR: expiry during claim or member creation rolls back both rows and skips success audit",
    "HR: valid invitation still claims, creates membership and records audit"
  ]
}
PASS reactivation at employee limit returns upgrade response without writes
PASS reactivation reserves quota before update
PASS ordinary updates and history share one transaction; invalid status is rejected
PASS logical delete and resignation history share one transaction
{"passed":4,"results":["reactivation at employee limit returns upgrade response without writes","reactivation reserves quota before update","ordinary updates and history share one transaction; invalid status is rejected","logical delete and resignation history share one transaction"]}
PASS foreign and malformed employee links are rejected before writes
PASS occupied employee link and concurrent unique conflict return 409
PASS admin can link and unlink a same-organization employee
PASS general member cannot link employee records
{"passed":4,"results":["foreign and malformed employee links are rejected before writes","occupied employee link and concurrent unique conflict return 409","admin can link and unlink a same-organization employee","general member cannot link employee records"]}
PASS generic member editing cannot grant or mutate OWNER
PASS member update and deletion cannot affect a newly promoted owner
PASS transfer changes exactly one owner and rejects a stale second request
PASS transfer refuses an organization with multiple active owners
{"passed":4,"results":["generic member editing cannot grant or mutate OWNER","member update and deletion cannot affect a newly promoted owner","transfer changes exactly one owner and rejects a stale second request","transfer refuses an organization with multiple active owners"]}
PASS HR member mutations recheck actor and target inside the transaction; malformed input writes nothing
PASS member list and org chart only expose own employee
PASS member list and org chart only expose no linked employee
PASS member cannot open another employee profile before related DB reads
PASS member settings and membership APIs only query own account
{"passed":4,"results":["member list and org chart only expose own employee","member list and org chart only expose no linked employee","member cannot open another employee profile before related DB reads","member settings and membership APIs only query own account"]}
PASS HR member cannot create, edit or delete departments before DB and body reads
{"passed":1,"results":["HR member cannot create, edit or delete departments before DB and body reads"]}
PASS non-admin cannot create, edit, remove or set photos before any DB write
PASS photo endpoint rejects invalid base64 and MIME, accepts a bounded PNG
{
  "passed": 2,
  "results": [
    "non-admin cannot create, edit, remove or set photos before any DB write",
    "photo endpoint rejects invalid base64 and MIME, accepts a bounded PNG"
  ]
}
PASS employee admission locks organization and blocks at its active quota
PASS single employee writes history in the admitted transaction
PASS CSV import reports partial success and a persistent PRO contact route
PASS CSV import preserves quoted newlines and rejects malformed or oversized input before writes
PASS new employee photo uploads only after admission and is attached to the saved employee
{
  "passed": 5,
  "results": [
    "employee admission locks organization and blocks at its active quota",
    "single employee writes history in the admitted transaction",
    "CSV import reports partial success and a persistent PRO contact route",
    "CSV import preserves quoted newlines and rejects malformed or oversized input before writes",
    "new employee photo uploads only after admission and is attached to the saved employee"
  ]
}
PASS workspace quota is checked under the user lock before writing
PASS paid PRO limit offers contact rather than another paid upgrade
PASS available and unlimited plans create once inside the transaction
PASS non-string workspace names never consume a slot
PASS database errors do not expose internal details
PASS invited memberships do not consume owned workspace quota
PASS first-visit workspace creation is idempotent and never reactivates disabled access
{
  "passed": 7,
  "results": [
    "workspace quota is checked under the user lock before writing",
    "paid PRO limit offers contact rather than another paid upgrade",
    "available and unlimited plans create once inside the transaction",
    "non-string workspace names never consume a slot",
    "database errors do not expose internal details",
    "invited memberships do not consume owned workspace quota",
    "first-visit workspace creation is idempotent and never reactivates disabled access"
  ]
}
PASS pending question set is hidden and concurrent request makes no second AI call
PASS free cap blocks provider and returns pricing route
PASS archived question set keeps history while freeing one active slot
PASS provider and save failures release the reserved slot
PASS oversized template inputs do not reach the provider
PASS question sets without evaluation criteria are not saved
PASS model overflow cannot exceed interview time or create invalid jumps
PASS protected topics cannot survive in scoring or live interview guidance
PASS verbatim candidate evidence retains a supported score
PASS invented or interviewer-only quotes cannot support a recommendation
PASS mixed evidence keeps only verified candidate quotes
PASS too little candidate speech leaves a supported score but holds the verdict
PASS a template without evaluation criteria cannot yield a recommendation
PASS first-use Slack notice contains the action without user input summaries
PASS pending import is hidden and another import spends no crawl or AI call
PASS free cap rejects before crawl or AI generation and gives pricing link
PASS archived product keeps history while freeing the active product slot
PASS failed save removes reserved product and allows retry
PASS Aishodan product deletion preserves existing session records
PASS Aishodan room deletion preserves existing session records
[mensetsu/sessions] creation failed unknown
PASS mensetsu issue: serialized quota, paid/free response and failed insert
[aishodan/room/start] quota unavailable
[aishodan/room/start] create failed unknown
[aishodan/room/start] create failed unknown
PASS aishodan start: serialized quota, private preview cap, room reservation and session creation roll back together
PASS deleted sessions cannot restore a consumed lifetime or monthly quota
PASS existing rows backfill the ledger and organizations remain separate
PASS invalid ledger fails closed
{
  "passed": 3,
  "results": [
    "deleted sessions cannot restore a consumed lifetime or monthly quota",
    "existing rows backfill the ledger and organizations remain separate",
    "invalid ledger fails closed"
  ]
}
PASS SEO chat edit: paid foreign article is invisible and never sent to AI; owner remains functional
PASS SEO competitor analysis: foreign article blocked; outbound URL uses safe transport before AI
PASS SEO sections: edit and all AI actions require article ownership before provider and at write
PASS SEO editor preview: raw HTML is escaped while Markdown formatting and safe links remain
PASS mensetsu template: basic fields and replacement questions commit or roll back together
PASS HR invitation: matching account required, old elevated role rejected, atomic claim, role injection ignored
PASS aio rejects unknown invite roles before saving
PASS aio invite requires the invited account
PASS aio expired and owner-role invites cannot be claimed
PASS aio concurrent invites dedupe and expired invites can be replaced
PASS aio can replace an invite exactly at expiry while an unexpired invite still dedupes
PASS aio revoked inviter cannot create or send an invite
PASS shodan rejects unknown invite roles before saving
PASS shodan invite requires the invited account
PASS shodan expired and owner-role invites cannot be claimed
PASS shodan concurrent invites dedupe and expired invites can be replaced
PASS shodan can replace an invite exactly at expiry while an unexpired invite still dedupes
PASS shodan revoked inviter cannot create or send an invite
PASS quote rejects unknown invite roles before saving
PASS quote invite requires the invited account
PASS quote expired and owner-role invites cannot be claimed
PASS quote concurrent invites dedupe and expired invites can be replaced
PASS quote can replace an invite exactly at expiry while an unexpired invite still dedupes
PASS quote revoked inviter cannot create or send an invite
PASS mensetsu rejects unknown invite roles before saving
PASS mensetsu invite requires the invited account
PASS mensetsu expired and owner-role invites cannot be claimed
PASS mensetsu concurrent invites dedupe and expired invites can be replaced
PASS mensetsu can replace an invite exactly at expiry while an unexpired invite still dedupes
PASS mensetsu revoked inviter cannot create or send an invite
PASS aishodan rejects unknown invite roles before saving
PASS aishodan invite requires the invited account
PASS aishodan expired and owner-role invites cannot be claimed
PASS aishodan concurrent invites dedupe and expired invites can be replaced
PASS aishodan can replace an invite exactly at expiry while an unexpired invite still dedupes
PASS aishodan revoked inviter cannot create or send an invite
{"passed":30,"results":["aio rejects unknown invite roles before saving","aio invite requires the invited account","aio expired and owner-role invites cannot be claimed","aio concurrent invites dedupe and expired invites can be replaced","aio can replace an invite exactly at expiry while an unexpired invite still dedupes","aio revoked inviter cannot create or send an invite","shodan rejects unknown invite roles before saving","shodan invite requires the invited account","shodan expired and owner-role invites cannot be claimed","shodan concurrent invites dedupe and expired invites can be replaced","shodan can replace an invite exactly at expiry while an unexpired invite still dedupes","shodan revoked inviter cannot create or send an invite","quote rejects unknown invite roles before saving","quote invite requires the invited account","quote expired and owner-role invites cannot be claimed","quote concurrent invites dedupe and expired invites can be replaced","quote can replace an invite exactly at expiry while an unexpired invite still dedupes","quote revoked inviter cannot create or send an invite","mensetsu rejects unknown invite roles before saving","mensetsu invite requires the invited account","mensetsu expired and owner-role invites cannot be claimed","mensetsu concurrent invites dedupe and expired invites can be replaced","mensetsu can replace an invite exactly at expiry while an unexpired invite still dedupes","mensetsu revoked inviter cannot create or send an invite","aishodan rejects unknown invite roles before saving","aishodan invite requires the invited account","aishodan expired and owner-role invites cannot be claimed","aishodan concurrent invites dedupe and expired invites can be replaced","aishodan can replace an invite exactly at expiry while an unexpired invite still dedupes","aishodan revoked inviter cannot create or send an invite"]}
PASS Quote/Aishodan/Mensetsu member update/delete recheck actor and target after concurrent changes
PASS organization data fetch: API failures and malformed success are not treated as empty lists
PASS aishodan session list: authorization and unavailable responses are errors, genuine empty list is distinct
PASS organization selection: stale cross-account slug is cleared on direct entry; valid membership retained; outage preserves choice
PASS HR billing: non-owner and mismatched identity rejected before Stripe; owner accepted
PASS projects: outage 503 differs from valid empty 200
PASS recipes: outage 503 differs from valid empty 200
PASS interview settings counts all owner records beyond the 50-item list cap
PASS Interview projects: pagination reaches 123, search and status span all pages, owner scope, malformed input rejected
PASS interview cleanup preview is read-only, deletion is gated, bounded and rechecks inactivity
PASS interview storage purge is durable, leased, delayed for uploads and namespace-bound
PASS processing guest project is never partially claimed
PASS same-cookie claim transfers ownership and usage exactly once
PASS another account with the old cookie cannot claim the project
PASS claimed project rejects the old anonymous cookie but accepts its account
PASS claim endpoint rejects cross-origin and anonymous requests before mutation
PASS interview material delete blocks active work and queues file cleanup before DB deletion
PASS interview project update and deletion recheck owner after lifecycle lock
PASS storage lookup uses exact object path and distinguishes missing from outage
PASS missing or foreign guest cookie cannot confirm or inspect an object
PASS actual oversized file is rejected and queued for durable cleanup
PASS storage ceiling does not claim that an upgrade will help
PASS valid file stores storage-reported size after ownership check
PASS claim during storage lookup blocks both confirmation and over-limit purge
PASS Interview upload rechecks ownership after signing before material write
PASS Interview upload preflight rejects limits before creating a project or upload records
PASS interview article: private recipe access, blocked quota before provider, failed attempt refund, atomic draft save and versioning
PASS interview revise: oversized input rejected before provider, full accepted article preserved, empty result rejected
PASS interview thumbnail lease blocks duplicate work and only its owner releases it
PASS thumbnail storage uses a private project path and rejects oversized output
PASS cached thumbnail skips provider; manual regeneration persists private image and remains owner-only
PASS interview recipe: invalid input rejected before AI and preview stays unsaved
PASS interview Gemini: key in header, bounded request and response, provider details never exposed
PASS AIO limit: API code reaches client and organization owner is identified
PASS AIO pricing keeps organization billing context and blocks member purchase path
PASS GUEST desktop
PASS GUEST mobile
PASS FREE desktop
PASS FREE mobile
PASS LIGHT desktop
PASS LIGHT mobile
PASS PRO desktop
PASS PRO mobile
PASS ENTERPRISE desktop
PASS ENTERPRISE mobile
PASS BASIC desktop
PASS BASIC mobile
PASS STARTER desktop
PASS STARTER mobile
PASS BUSINESS desktop
PASS BUSINESS mobile
PASS BUNDLE desktop
PASS BUNDLE mobile
18 rendered component checks passed
PASS organization price table uses owner plan and omits member billing controls
PASS SEO article admission: guest blocked, monthly concurrent cap, rollback, deletion-resistant ledger, legacy trial flag cannot bypass quota
PASS SEO regeneration: first draft job included, owner checked, failure rolled back, concurrent monthly cap, deletion-resistant ledger
PASS SEO template and swipe routes: guest block, monthly cap, legacy trial flag excluded from admission
PASS SEO article route: shared admission, guest/monthly limit, private-safe outage response
PASS SEO entitlements: deletion-resistant usage, explicit outage, recent login has no unlimited trial
PASS Kintai overnight: prior-day shift remains active, next-day clock-out recalculates workday, leave and duplicates are safe
PASS Kintai overnight correction refreshes both the shift workday and the correction calendar day
PASS Kintai correction admission rejects future and malformed times before saving
PASS interview monthly usage uses JST boundary and transcription completion update
PASS stored media duration is measured from bounded ranges and fails closed on untrusted responses
PASS interview transcription reserves verified seconds, blocks excess, settles once and refunds failed work
PASS interview transcription blocks excess before provider and never resubmits an uncertain job
PASS interview transcription stores provider ID, resumes without resubmission, holds uncertain work, releases terminal failure
PASS interview provider persists job IDs, bounds requests and bodies, resumes without resubmission
PASS banner API blocks paid generation on quota failure/limit, refunds partial/failed output, and omits private request logs
PASS banner quota atomically limits parallel calls, resets JST month, clamps paid count, and fails closed on DB errors
PASS template generation enforces plan tiers, canonical prompts, quota guidance and Enterprise instructions before paid image calls
PASS banner text APIs reject malformed and oversized input before provider calls and hide provider errors
PASS banner diagnostic APIs require admin before DB/provider work and hide DB errors
PASS banner template paging rejects unbounded and malformed reads before DB access
PASS regenerated banner templates use versioned URLs and do not serve stale in-process image bytes
PASS pricing and guide metadata use page-specific descriptions in HTML, OG, and Twitter
PASS admin banner quota matches generation limits, JST month reset, UI, and export
PASS admin user quotas use paid account rights, SEO ledger and authenticated reads
PASS SEO usage summary follows the article admission ledger and highest plan grant
PASS 17 active services, 39 distinct navigation pages exist
PASS SFA deals: all 501 records reachable, totals include every record, foreign scope excluded, invalid cursor rejected
PASS SFA amount inputs: malformed amounts, dates, and probability rejected before writes across create, update and conversion
PASS SFA CRM: 501 accounts and contacts reachable, full dropdown options, search, owner-scoped account names, invalid accounts rejected
PASS SFA create input: malformed account, contact and lead fields rejected before writes
PASS SFA AI score: malformed, deleted and foreign leads do not invoke AI
PASS SFA lead import: malformed payloads, invalid rows, and row limit
PASS SFA lead CSV: quoted newlines, commas, escaped quotes, BOM, and malformed input
PASS SFA organization: malformed input, atomic bootstrap, idempotency and retry
PASS Shodan/AIO onboarding: validation, atomic owner creation, idempotency and slug retry
PASS Quote/Mensetsu/Aishodan onboarding: validation, atomic owner creation, idempotency and retry
PASS HR/Kintai onboarding: input validation, complete atomic setup, idempotency and retry
PASS HR organization updates: input validation, fiscal month bounds, permissions and safe errors
PASS SFA/AIO/Shodan team invites: malformed input rejected before send and delivery truth reported
{
  "scope": "Actual chat/regenerate APIs with synthetic Prisma, auth, quotas, providers and concurrent promises. No real DB concurrency or storage writes. Refund failure verifies lock cleanup, not successful credit return.",
  "checkedResponses": 35,
  "results": [
    {
      "kind": "chat",
      "mode": "active",
      "status": 409,
      "generations": 0,
      "releases": 0,
      "versions": 0,
      "messages": 0
    },
    {
      "kind": "chat",
      "mode": "project_busy",
      "status": 409,
      "generations": 0,
      "releases": 0,
      "versions": 0,
      "messages": 0
    },
    {
      "kind": "chat",
      "mode": "success",
      "status": 200,
      "generations": 1,
      "releases": 0,
      "versions": 1,
      "messages": 2
    },
    {
      "kind": "chat",
      "mode": "mark",
      "status": 500,
      "generations": 0,
      "releases": 1,
      "versions": 0,
      "messages": 0
    },
    {
      "kind": "chat",
      "mode": "compose",
      "status": 500,
      "generations": 1,
      "releases": 1,
      "versions": 0,
      "messages": 0
    },
    {
      "kind": "chat",
      "mode": "version",
      "status": 500,
      "generations": 1,
      "releases": 1,
      "versions": 0,
      "messages": 0
    },
    {
      "kind": "chat",
      "mode": "assistant",
      "status": 500,
      "generations": 1,
      "releases": 1,
      "versions": 0,
      "messages": 0
    },
    {
      "kind": "chat",
      "mode": "refund_fails",
      "status": 500,
      "generations": 1,
      "releases": 1,
      "versions": 0,
      "messages": 0
    },
    {
      "kind": "chat",
      "mode": "conflict",
      "status": 409,
      "generations": 1,
      "releases": 1,
      "versions": 0,
      "messages": 0
    },
    {
      "kind": "chat",
      "mode": "brand_before",
      "status": 409,
      "generations": 0,
      "releases": 1,
      "versions": 0,
      "messages": 0
    },
    {
      "kind": "chat",
      "mode": "owner_before",
      "status": 409,
      "generations": 0,
      "releases": 1,
      "versions": 0,
      "messages": 0
    },
    {
      "kind": "chat",
      "mode": "brand_during",
      "status": 409,
      "generations": 1,
      "releases": 1,
      "versions": 0,
      "messages": 0
    },
    {
      "kind": "chat",
      "mode": "owner_during",
      "status": 409,
      "generations": 1,
      "releases": 1,
      "versions": 0,
      "messages": 0
    },
    {
      "kind": "chat",
      "mode": "project_during",
      "status": 409,
      "generations": 1,
      "releases": 1,
      "versions": 0,
      "messages": 0
    },
    {
      "kind": "chat",
      "mode": "success",
      "status": 409,
      "generations": 1,
      "releases": 1,
      "versions": 0,
      "messages": 0
    },
    {
      "kind": "chat",
      "mode": "success",
      "status": 200,
      "generations": 1,
      "releases": 1,
      "versions": 1,
      "messages": 2
    },
    {
      "kind": "chat",
      "mode": "quota",
      "status": 403,
      "generations": 0,
      "releases": 0,
      "versions": 0,
      "messages": 0
    },
    {
      "kind": "regenerate",
      "mode": "active",
      "status": 409,
      "generations": 0,
      "releases": 0,
      "versions": 0,
      "messages": 0
    },
    {
      "kind": "regenerate",
      "mode": "project_busy",
      "status": 409,
      "generations": 0,
      "releases": 0,
      "versions": 0,
      "messages": 0
    },
    {
      "kind": "regenerate",
      "mode": "success",
      "status": 200,
      "generations": 1,
      "releases": 0,
      "versions": 1,
      "messages": 0
    },
    {
      "kind": "regenerate",
      "mode": "mark",
      "status": 500,
      "generations": 0,
      "releases": 1,
      "versions": 0,
      "messages": 0
    },
    {
      "kind": "regenerate",
      "mode": "compose",
      "status": 500,
      "generations": 1,
      "releases": 1,
      "versions": 0,
      "messages": 0
    },
    {
      "kind": "regenerate",
      "mode": "version",
      "status": 500,
      "generations": 1,
      "releases": 1,
      "versions": 0,
      "messages": 0
    },
    {
      "kind": "regenerate",
      "mode": "refund_fails",
      "status": 500,
      "generations": 1,
      "releases": 1,
      "versions": 0,
      "messages": 0
    },
    {
      "kind": "regenerate",
      "mode": "conflict",
      "status": 409,
      "generations": 1,
      "releases": 1,
      "versions": 0,
      "messages": 0
    },
    {
      "kind": "regenerate",
      "mode": "brand_before",
      "status": 409,
      "generations": 0,
      "releases": 1,
      "versions": 0,
      "messages": 0
    },
    {
      "kind": "regenerate",
      "mode": "owner_before",
      "status": 409,
      "generations": 0,
      "releases": 1,
      "versions": 0,
      "messages": 0
    },
    {
      "kind": "regenerate",
      "mode": "brand_during",
      "status": 409,
      "generations": 1,
      "releases": 1,
      "versions": 0,
      "messages": 0
    },
    {
      "kind": "regenerate",
      "mode": "owner_during",
      "status": 409,
      "generations": 1,
      "releases": 1,
      "versions": 0,
      "messages": 0
    },
    {
      "kind": "regenerate",
      "mode": "project_during",
      "status": 409,
      "generations": 1,
      "releases": 1,
      "versions": 0,
      "messages": 0
    },
    {
      "kind": "regenerate",
      "mode": "success",
      "status": 409,
      "generations": 1,
      "releases": 1,
      "versions": 0,
      "messages": 0
    },
    {
      "kind": "regenerate",
      "mode": "success",
      "status": 200,
      "generations": 1,
      "releases": 1,
      "versions": 1,
      "messages": 0
    },
    {
      "kind": "regenerate",
      "mode": "quota",
      "status": 403,
      "generations": 0,
      "releases": 0,
      "versions": 0,
      "messages": 0
    },
    {
      "kind": "chat",
      "mode": "success",
      "status": 400,
      "generations": 0,
      "releases": 0,
      "versions": 0,
      "messages": 0
    },
    {
      "kind": "chat",
      "mode": "success",
      "status": 400,
      "generations": 0,
      "releases": 0,
      "versions": 0,
      "messages": 0
    }
  ]
}
PASS DoyaSlide chat/regenerate: validation, atomic history, project/branding snapshot guards, exclusive chat mark, refund failures and stale-write rejection
PASS DoyaSlide batch: preflight refunds and usage count reflects completed images
PASS active service API input types: malformed requests stop before AI calls or DB writes
PASS Cunning knowledge: concurrent creation respects the free-plan limit
PASS DoyaSlide projects: JST month, deleted-project ledger, and concurrent free limit
PASS DoyaSlide monthly quota: JST rollover, concurrent reserve, period-safe refund, unlimited plan
PASS DoyaSlide structure: input validation, one active claim, no replay deletion, retry after failure
PASS Kintai invite: email match, no destructive merge, atomic transfer, retry and replay rejection
PASS Kintai issuance: active guard, inactive reactivation, race guard, renewed expiry, mock delivery
PASS Promane expiry before/exact/after active wait never reuses an expired token
PASS Promane expiry before/exact/after lookup wait never reuses an expired token
PASS Promane expired different-role invite no longer blocks reissue; valid conflicting role remains rejected
PASS HR expiry before/exact/after read wait distinguishes valid duplicates from expired invitations
PASS HR newly issued expiry and email payload use creation time after organization lookup
{
  "passed": 5,
  "scope": "Actual issuance code; synthetic DB/auth/clock/email only",
  "results": [
    "Promane expiry before/exact/after active wait never reuses an expired token",
    "Promane expiry before/exact/after lookup wait never reuses an expired token",
    "Promane expired different-role invite no longer blocks reissue; valid conflicting role remains rejected",
    "HR expiry before/exact/after read wait distinguishes valid duplicates from expired invitations",
    "HR newly issued expiry and email payload use creation time after organization lookup"
  ]
}
PASS HR invite issuance: concurrent duplicate guard, truthful delivery, escaped HTML, no token logs
PASS Promane invitation: correct recipient, post-create failures preserve link, no provider error leak
PASS SFA leads: all 501 reachable in score order including nulls, filtered search spans pages, foreign scope excluded
PASS SFA activities: all 501 reachable with stable ties, scoped account/deal pages and malformed cursor rejected
PASS SFA activity relations: foreign, inactive and malformed IDs rejected without writes
PASS SFA activity UIs: all three views reach 501 records and preserve state after a failed continuation
PASS SFA leads UI: 501 records reachable; failed next page preserves current list and retry cursor
PASS SFA deals UI: all 501 reachable, DB summary retained, failed summary is not zero, failed continuation preserves page
PASS SFA deal tasks UI: 501 deal tasks reachable; failed continuation keeps list and retry page
PASS SFA task create: invalid date or relation rejected without writes; valid task keeps its deal
PASS SFA CSV: 5001 accounts and deals exported, tenant scope and exact yen preserved, failures do not return completed CSV
PASS Doyalist collection: JST month, actual source count, concurrent cap, exact created rows
PASS Doyalist approaches: concurrent cap and history project, no paid over-limit call, deletion safety, failed-call refund
PASS admin CSV keeps the name in one quoted cell without executing it
PASS JSON export keeps the original name
PASS CSV export shows paid account tier despite a stale free service row
PASS unauthorized export does not read user records
PASS Excel export uses valid sheet names and escapes the actual data
PASS CSV and Excel stream every row beyond the buffered response limit
PASS export reports initial database failure and aborts incomplete streams
PASS CSV keeps quotes and line breaks in one cell and disarms formulas
PASS Excel XML escapes employee text and remains parseable
PASS invalid months, years and formats fail before querying employee data
PASS Kintai admin history: former employees with past records remain visible, scoped managers and invalid dates
PASS 前日開始の未退勤シフトは管理者画面でも勤務中
PASS 翌日の退勤後は勤務中と誤表示しない
PASS 保存済み実績の後に再出勤した場合も勤務中
PASS 空の日付指定は今日へ置き換えない
PASS Doyalist helpers: malformed input rejected before external APIs and safe industry fallback
PASS Doyalist sidebar, pricing and collection admission agree for all plans and actual monthly company records
PASS Doyalist preferences apply only valid saved extraction defaults and report storage failures
PASS Doyalist large and empty list responses stream valid JSON in bounded chunks
PASS Doyalist project create/update reject malformed and oversized input before writes
PASS free banner rejected before quota and provider reservation
PASS paid banner reservation uses extra image quota
PASS free extra image cap offers upgrade and paid cap offers contact
PASS free banner API returns upgrade path without provider call
PASS saved project restores latest successful banner
PASS HR employees: server pages all 205 records with global sort and rejects invalid sort
PASS admin kintai organizations: bounded organization and lazy employee pages, counts, invalid input and auth
PASS authorized project deletion is scoped to its workspace
PASS foreign project and revoked membership cannot delete
PASS membership revocation during a serializable delete aborts the retry
{
  "passed": 3,
  "results": [
    "authorized project deletion is scoped to its workspace",
    "foreign project and revoked membership cannot delete",
    "membership revocation during a serializable delete aborts the retry"
  ]
}
PASS time and expense deletion commits for the current workspace
PASS foreign records and revoked membership cannot delete
PASS expense deletion rejects a mismatched project parameter
PASS membership revocation on retry aborts both deletions
PASS expense API rechecks revoked access after serialization conflicts
PASS time, expense and rate writes recheck access after serialization conflicts
PASS time, expense and rate writes reject foreign targets
PASS rate API refuses a revoked actor and foreign member
{
  "passed": 8,
  "results": [
    "time and expense deletion commits for the current workspace",
    "foreign records and revoked membership cannot delete",
    "expense deletion rejects a mismatched project parameter",
    "membership revocation on retry aborts both deletions",
    "expense API rechecks revoked access after serialization conflicts",
    "time, expense and rate writes recheck access after serialization conflicts",
    "time, expense and rate writes reject foreign targets",
    "rate API refuses a revoked actor and foreign member"
  ]
}
PASS client actions and API accept current writable members
PASS guest access is rejected before client writes
PASS revocation during a conflicting client write is rechecked
PASS foreign client cannot be updated or deleted
{
  "passed": 4,
  "results": [
    "client actions and API accept current writable members",
    "guest access is rejected before client writes",
    "revocation during a conflicting client write is rechecked",
    "foreign client cannot be updated or deleted"
  ]
}
PASS repair commits all six categories and reports actual counts
PASS already corrected dates are skipped and not counted
PASS non-admin and revoked admin cannot commit repair writes
PASS failure in a later repair stage rolls back earlier stages
{
  "passed": 4,
  "results": [
    "repair commits all six categories and reports actual counts",
    "already corrected dates are skipped and not counted",
    "non-admin and revoked admin cannot commit repair writes",
    "failure in a later repair stage rolls back earlier stages"
  ]
}
PASS owner/admin settings update is scoped and commits once
PASS member and revoked admin cannot update settings
PASS duplicate slug returns conflict before or during update
PASS non-string settings values are rejected without database writes
{
  "passed": 4,
  "results": [
    "owner/admin settings update is scoped and commits once",
    "member and revoked admin cannot update settings",
    "duplicate slug returns conflict before or during update",
    "non-string settings values are rejected without database writes"
  ]
}
PASS current admin cancels only an unaccepted workspace invitation
PASS accepted, foreign and changed invitations are not cancelled
PASS revocation after a serialization conflict prevents cancellation
{
  "passed": 3,
  "results": [
    "current admin cancels only an unaccepted workspace invitation",
    "accepted, foreign and changed invitations are not cancelled",
    "revocation after a serialization conflict prevents cancellation"
  ]
}
PASS issuer save rechecks current administrator inside the transaction
PASS revoked administrator cannot change the issuer
PASS administrator revoked after serialization conflict cannot retry a write
PASS non-string legal document fields are rejected before database access
{
  "passed": 4,
  "results": [
    "issuer save rechecks current administrator inside the transaction",
    "revoked administrator cannot change the issuer",
    "administrator revoked after serialization conflict cannot retry a write",
    "non-string legal document fields are rejected before database access"
  ]
}
PASS completed interview responds before evaluation and retains background work
PASS empty interview does not start evaluation
PASS concurrent end requests start only one evaluation
PASS unavailable background context waits for evaluation before responding
PASS unstarted interview stays available
{
  "passed": 5,
  "results": [
    "completed interview responds before evaluation and retains background work",
    "empty interview does not start evaluation",
    "concurrent end requests start only one evaluation",
    "unavailable background context waits for evaluation before responding",
    "unstarted interview stays available"
  ]
}
PASS simultaneous evaluations call AI once and save one result
PASS provider failure restores completed status and permits retry
PASS expired ownership cannot overwrite a newer evaluation
PASS retention expiry during AI call cannot restore private report data
{
  "passed": 4,
  "results": [
    "simultaneous evaluations call AI once and save one result",
    "provider failure restores completed status and permits retry",
    "expired ownership cannot overwrite a newer evaluation",
    "retention expiry during AI call cannot restore private report data"
  ]
}
PASS active evaluation is not recovered
PASS stale evaluation recovers previous result state false
PASS stale evaluation recovers previous result state true
PASS cron cannot reset a newly claimed evaluation
PASS one stale live failure does not skip evaluation recovery
{
  "passed": 5,
  "results": [
    "active evaluation is not recovered",
    "stale evaluation recovers previous result state false",
    "stale evaluation recovers previous result state true",
    "cron cannot reset a newly claimed evaluation",
    "one stale live failure does not skip evaluation recovery"
  ]
}
PASS ordinary progress saves once without rewriting live status
PASS concurrent progress requests cannot advance the same snapshot twice
PASS late ordinary progress preserves completed
PASS late ordinary progress preserves evaluating
PASS late ordinary progress preserves evaluated
PASS late ordinary progress preserves aborted
PASS branch follow advances a live session
PASS branch follow cannot overwrite an ended session
PASS branch follow cannot overwrite newer progress
PASS branch skip advances a live session
PASS branch skip cannot overwrite an ended session
PASS branch skip cannot overwrite newer progress
PASS unstarted interview cannot advance
PASS expiry during progress prevents the late write
{
  "passed": 14,
  "results": [
    "ordinary progress saves once without rewriting live status",
    "concurrent progress requests cannot advance the same snapshot twice",
    "late ordinary progress preserves completed",
    "late ordinary progress preserves evaluating",
    "late ordinary progress preserves evaluated",
    "late ordinary progress preserves aborted",
    "branch follow advances a live session",
    "branch follow cannot overwrite an ended session",
    "branch follow cannot overwrite newer progress",
    "branch skip advances a live session",
    "branch skip cannot overwrite an ended session",
    "branch skip cannot overwrite newer progress",
    "unstarted interview cannot advance",
    "expiry during progress prevents the late write"
  ]
}
PASS first explicit consent saves and returns the new public state
PASS repeated consent preserves consented and initial evidence
PASS repeated consent preserves live and initial evidence
PASS simultaneous consent requests record consent once
PASS unagreed request does not write consent
PASS late consent cannot overwrite completed
PASS late consent cannot overwrite evaluating
PASS late consent cannot overwrite evaluated
PASS late consent cannot overwrite aborted
PASS changed candidate details are not overwritten by a stale consent request
PASS expiration during consent prevents saving evidence
{
  "passed": 11,
  "results": [
    "first explicit consent saves and returns the new public state",
    "repeated consent preserves consented and initial evidence",
    "repeated consent preserves live and initial evidence",
    "simultaneous consent requests record consent once",
    "unagreed request does not write consent",
    "late consent cannot overwrite completed",
    "late consent cannot overwrite evaluating",
    "late consent cannot overwrite evaluated",
    "late consent cannot overwrite aborted",
    "changed candidate details are not overwritten by a stale consent request",
    "expiration during consent prevents saving evidence"
  ]
}
PASS manager close saves matching current state
PASS concurrent manager close saves once
PASS manager close preserves a newer session state
PASS manager close rejects foreign without writes
PASS manager close rejects role without writes
PASS manager reset saves matching current state
PASS concurrent manager reset saves once
PASS manager reset preserves a newer session state
PASS manager reset rejects foreign without writes
PASS manager reset rejects role without writes
PASS manager edit saves matching current state
PASS concurrent manager edit saves once
PASS manager edit preserves a newer session state
PASS manager edit rejects foreign without writes
PASS manager edit rejects role without writes
PASS close rechecks new activity before ending the interview
PASS empty close does not abort an interview after an answer arrives
PASS reset cannot discard an answer arriving after the initial read
PASS reset rejects expiry during the request
PASS edit rejects expiry during the request
PASS candidate edit cannot revoke consent after interview start
{
  "passed": 21,
  "results": [
    "manager close saves matching current state",
    "concurrent manager close saves once",
    "manager close preserves a newer session state",
    "manager close rejects foreign without writes",
    "manager close rejects role without writes",
    "manager reset saves matching current state",
    "concurrent manager reset saves once",
    "manager reset preserves a newer session state",
    "manager reset rejects foreign without writes",
    "manager reset rejects role without writes",
    "manager edit saves matching current state",
    "concurrent manager edit saves once",
    "manager edit preserves a newer session state",
    "manager edit rejects foreign without writes",
    "manager edit rejects role without writes",
    "close rechecks new activity before ending the interview",
    "empty close does not abort an interview after an answer arrives",
    "reset cannot discard an answer arriving after the initial read",
    "reset rejects expiry during the request",
    "edit rejects expiry during the request",
    "candidate edit cannot revoke consent after interview start"
  ]
}
PASS recording acknowledgment does not invalidate a running evaluation
PASS evaluation failure still releases ownership after recording saves
PASS recording preserves a newer lease claimed while storage verification runs
PASS late recording acknowledgment remains valid after transition to completed
PASS late recording acknowledgment remains valid after transition to evaluated
PASS recording save rechecks retention expiry after storage verification
PASS recording save rechecks purged session after storage verification
PASS recording save rechecks consent removal after storage verification
PASS recording save rechecks disabled recording after storage verification
PASS recording save rechecks unstarted session after storage verification
PASS missing uploaded recording is not registered
PASS repeated recording acknowledgment preserves session state
{
  "passed": 12,
  "results": [
    "recording acknowledgment does not invalidate a running evaluation",
    "evaluation failure still releases ownership after recording saves",
    "recording preserves a newer lease claimed while storage verification runs",
    "late recording acknowledgment remains valid after transition to completed",
    "late recording acknowledgment remains valid after transition to evaluated",
    "recording save rechecks retention expiry after storage verification",
    "recording save rechecks purged session after storage verification",
    "recording save rechecks consent removal after storage verification",
    "recording save rechecks disabled recording after storage verification",
    "recording save rechecks unstarted session after storage verification",
    "missing uploaded recording is not registered",
    "repeated recording acknowledgment preserves session state"
  ]
}
PASS URL issuance records trace before response without marking audio saved or changing lease
PASS DB tracking failure does not expose signed URL
PASS state change during signing prevents URL exposure: revoked consent
PASS state change during signing prevents URL exposure: unstarted
PASS state change during signing prevents URL exposure: ended
PASS state change during signing prevents URL exposure: audio disabled
PASS state change during signing prevents URL exposure: expired link
PASS state change during signing prevents URL exposure: expired retention
PASS state change during signing prevents URL exposure: missing retention
PASS expiry during row-lock wait cannot expose an upload URL
PASS repeat issuance keeps one task and the longest final-check window
PASS concurrent issuance is serialized and remains one durable task
PASS expired registration keeps unlinked audio trace and deletes it after signing window
PASS early deletion retains trace and final pass removes a late upload
PASS storage error remains durable and succeeds on retry
PASS actual cron reports an unregistered deferred recording and finalizes late upload
PASS nonexistent upload still completes cleanup without false saved status
PASS live retention is not eligible for deletion
PASS extended retention reschedules without deleting audio
PASS unknown current retention defers deletion rather than guessing policy
PASS deleted session still permits exact previously tracked file cleanup
PASS concurrent purge workers cannot delete the same claimed task twice
PASS invalid or cross-session target is never deleted: other/session/interview.webm
PASS invalid or cross-session target is never deleted: sessions/other/interview.webm
PASS invalid or cross-session target is never deleted: sessions/session/other.webm
PASS invalid or cross-session target is never deleted: sessions/../interview.webm
{
  "passed": 26,
  "results": [
    "URL issuance records trace before response without marking audio saved or changing lease",
    "DB tracking failure does not expose signed URL",
    "state change during signing prevents URL exposure: revoked consent",
    "state change during signing prevents URL exposure: unstarted",
    "state change during signing prevents URL exposure: ended",
    "state change during signing prevents URL exposure: audio disabled",
    "state change during signing prevents URL exposure: expired link",
    "state change during signing prevents URL exposure: expired retention",
    "state change during signing prevents URL exposure: missing retention",
    "expiry during row-lock wait cannot expose an upload URL",
    "repeat issuance keeps one task and the longest final-check window",
    "concurrent issuance is serialized and remains one durable task",
    "expired registration keeps unlinked audio trace and deletes it after signing window",
    "early deletion retains trace and final pass removes a late upload",
    "storage error remains durable and succeeds on retry",
    "actual cron reports an unregistered deferred recording and finalizes late upload",
    "nonexistent upload still completes cleanup without false saved status",
    "live retention is not eligible for deletion",
    "extended retention reschedules without deleting audio",
    "unknown current retention defers deletion rather than guessing policy",
    "deleted session still permits exact previously tracked file cleanup",
    "concurrent purge workers cannot delete the same claimed task twice",
    "invalid or cross-session target is never deleted: other/session/interview.webm",
    "invalid or cross-session target is never deleted: sessions/other/interview.webm",
    "invalid or cross-session target is never deleted: sessions/session/other.webm",
    "invalid or cross-session target is never deleted: sessions/../interview.webm"
  ]
}
PASS pagehide saves last answer before completing and evaluating empty interview
PASS pagehide transcript refusal does not end or evaluate interview
PASS pagehide partial or malformed transcript does not end interview
PASS evaluated session refuses new pagehide speech without changing report
PASS accepted late answer is included in a serial reevaluation before saving
PASS answer arriving before AI input is loaded is included on the first attempt
PASS continuous late answers never save a stale result and leave a retryable state
PASS retry budget preserves all accepted speech without saving old scores
PASS provider failure on the fresh attempt restores a retryable state
PASS a preloaded turn request cannot append after evaluation finalizes
PASS concurrent turn batches receive distinct consecutive ordinals
PASS ending waits for an already saving first answer and chooses completed
PASS first late answer after empty termination starts automatic evaluation
PASS turn insertion rolls back when session metadata cannot be saved
PASS retention expiry while request body arrives prevents speech resurrection
PASS unstarted sessions cannot accept fabricated speech
PASS retention expiry during sample lookup blocks the AI request
PASS turn automatic evaluation conflict does not emit a server error alert
PASS turn genuine evaluation failure remains an error
PASS end automatic evaluation conflict does not emit a server error alert
PASS end genuine evaluation failure remains an error
{
  "passed": 21,
  "results": [
    "pagehide saves last answer before completing and evaluating empty interview",
    "pagehide transcript refusal does not end or evaluate interview",
    "pagehide partial or malformed transcript does not end interview",
    "evaluated session refuses new pagehide speech without changing report",
    "accepted late answer is included in a serial reevaluation before saving",
    "answer arriving before AI input is loaded is included on the first attempt",
    "continuous late answers never save a stale result and leave a retryable state",
    "retry budget preserves all accepted speech without saving old scores",
    "provider failure on the fresh attempt restores a retryable state",
    "a preloaded turn request cannot append after evaluation finalizes",
    "concurrent turn batches receive distinct consecutive ordinals",
    "ending waits for an already saving first answer and chooses completed",
    "first late answer after empty termination starts automatic evaluation",
    "turn insertion rolls back when session metadata cannot be saved",
    "retention expiry while request body arrives prevents speech resurrection",
    "unstarted sessions cannot accept fabricated speech",
    "retention expiry during sample lookup blocks the AI request",
    "turn automatic evaluation conflict does not emit a server error alert",
    "turn genuine evaluation failure remains an error",
    "end automatic evaluation conflict does not emit a server error alert",
    "end genuine evaluation failure remains an error"
  ]
}
PASS lost response retry acknowledges one stored answer without advancing session timestamp
PASS concurrent retries allocate only one answer
PASS mixed retry and new answer append only the new ordinal
PASS repeated same ID in one batch is acknowledged but inserted once
PASS same ID with different text is rejected without inserting other new answers
PASS conflicting same ID within first batch is rejected atomically
PASS reused ID cannot change speaker
PASS reused ID cannot change startMs
PASS reused ID cannot change endMs
PASS reused ID cannot change questionOrd
PASS evaluated session acknowledges already saved retry but rejects new speech
PASS expired grace acknowledges old ID but does not add new answer
PASS expired retention does not acknowledge or restore speech
PASS revoked consent does not acknowledge old transcript
PASS same client ID in two sessions creates distinct storage IDs
PASS malformed client ID rejected
PASS malformed client ID rejected 123
PASS malformed client ID rejected aaaaaaaaaaaaaaa
PASS malformed client ID rejected bad/id
PASS older clients without IDs retain append behavior
PASS failed storage can retry same ID without losing the answer
{
  "passed": 21,
  "results": [
    "lost response retry acknowledges one stored answer without advancing session timestamp",
    "concurrent retries allocate only one answer",
    "mixed retry and new answer append only the new ordinal",
    "repeated same ID in one batch is acknowledged but inserted once",
    "same ID with different text is rejected without inserting other new answers",
    "conflicting same ID within first batch is rejected atomically",
    "reused ID cannot change speaker",
    "reused ID cannot change startMs",
    "reused ID cannot change endMs",
    "reused ID cannot change questionOrd",
    "evaluated session acknowledges already saved retry but rejects new speech",
    "expired grace acknowledges old ID but does not add new answer",
    "expired retention does not acknowledge or restore speech",
    "revoked consent does not acknowledge old transcript",
    "same client ID in two sessions creates distinct storage IDs",
    "malformed client ID rejected ",
    "malformed client ID rejected 123",
    "malformed client ID rejected aaaaaaaaaaaaaaa",
    "malformed client ID rejected bad/id",
    "older clients without IDs retain append behavior",
    "failed storage can retry same ID without losing the answer"
  ]
}
PASS two intentional identical typed answers are both preserved
PASS distinct audio items retain identical short answers
PASS transcript and response fallback with same item identity produce one answer
PASS separate content parts in same item are not discarded
PASS unidentified transcript is preserved rather than guessed duplicate
PASS real realtime handlers deduplicate fallback across event versions and preserve distinct answers
PASS restart cannot alter timestamp of an unacknowledged identified answer
PASS normal end drains all 151 answers in bounded sequential batches
PASS end waits for existing upload and drains newly arriving speech
PASS concurrent flush callers share one upload
PASS failed final upload keeps its ID and does not signal completion
PASS lost response retries exactly the same speech identifier
PASS unconfirmed saved count preserves queue null
PASS unconfirmed saved count preserves queue {"saved":0}
PASS unconfirmed saved count preserves queue {"saved":2}
PASS unconfirmed saved count preserves queue {"saved":"1"}
PASS client refusal leaves answer available rather than silently discarding it
PASS failed end acknowledgement offers retry without resending confirmed answers
PASS pagehide bundles pending speech into end before browser destruction
PASS pagehide during in-flight normal end retains stable retry ID
PASS beacon rejection tries keepalive with identical answer payload
PASS oversized pagehide payload saves bounded speech without sending premature end
PASS byte limit handles multi-byte transcript and avoids oversized end
PASS bfcache and unstarted views do not end an interview
PASS actual text input receives stable crypto ID before initial send
{
  "passed": 25,
  "results": [
    "two intentional identical typed answers are both preserved",
    "distinct audio items retain identical short answers",
    "transcript and response fallback with same item identity produce one answer",
    "separate content parts in same item are not discarded",
    "unidentified transcript is preserved rather than guessed duplicate",
    "real realtime handlers deduplicate fallback across event versions and preserve distinct answers",
    "restart cannot alter timestamp of an unacknowledged identified answer",
    "normal end drains all 151 answers in bounded sequential batches",
    "end waits for existing upload and drains newly arriving speech",
    "concurrent flush callers share one upload",
    "failed final upload keeps its ID and does not signal completion",
    "lost response retries exactly the same speech identifier",
    "unconfirmed saved count preserves queue null",
    "unconfirmed saved count preserves queue {\"saved\":0}",
    "unconfirmed saved count preserves queue {\"saved\":2}",
    "unconfirmed saved count preserves queue {\"saved\":\"1\"}",
    "client refusal leaves answer available rather than silently discarding it",
    "failed end acknowledgement offers retry without resending confirmed answers",
    "pagehide bundles pending speech into end before browser destruction",
    "pagehide during in-flight normal end retains stable retry ID",
    "beacon rejection tries keepalive with identical answer payload",
    "oversized pagehide payload saves bounded speech without sending premature end",
    "byte limit handles multi-byte transcript and avoids oversized end",
    "bfcache and unstarted views do not end an interview",
    "actual text input receives stable crypto ID before initial send"
  ]
}
PASS two intentional identical typed replies are preserved
PASS separate audio items with same words are preserved
PASS same audio content delivered twice is stored once
PASS distinct parts of one audio item remain distinct
PASS unknown identity does not justify deleting a repeated answer
PASS speaker identity and captured phase are preserved
PASS empty notification does not suppress later valid transcript for same item
PASS hallucination filter remains active before identity is recorded
PASS actual event handlers deduplicate fallback while preserving repeated guest answers
PASS malformed explicit indices cannot merge independent answers into part zero
PASS legacy missing index still deduplicates matching first content part
{
  "passed": 11,
  "results": [
    "two intentional identical typed replies are preserved",
    "separate audio items with same words are preserved",
    "same audio content delivered twice is stored once",
    "distinct parts of one audio item remain distinct",
    "unknown identity does not justify deleting a repeated answer",
    "speaker identity and captured phase are preserved",
    "empty notification does not suppress later valid transcript for same item",
    "hallucination filter remains active before identity is recorded",
    "actual event handlers deduplicate fallback while preserving repeated guest answers",
    "malformed explicit indices cannot merge independent answers into part zero",
    "legacy missing index still deduplicates matching first content part"
  ]
}
PASS lost response retry acknowledges one stored answer
PASS concurrent duplicate requests insert only once
PASS concurrent distinct requests have distinct ordinals
PASS mixed retry and new speech acknowledges both
PASS same words under different IDs remain separate
PASS repeated ID within a batch inserted once
PASS conflicting retry text rejected without partial writes
PASS conflicting retry speaker rejected without partial writes
PASS conflicting retry startMs rejected without partial writes
PASS conflicting retry phase rejected without partial writes
PASS conflicting ID within first batch rejected atomically
PASS invalid ID rejected
PASS invalid ID rejected 123
PASS invalid ID rejected aaaaaaaaaaaa
PASS invalid ID rejected bad/id
PASS legacy clients retain append and phase fallback
PASS unknown phase remains stable for identified retry after advancement
PASS IDs scoped to session
PASS revoked consent blocks retry
PASS expired retention blocks writes and retry
PASS failed transaction preserves retryability
PASS 50-item admission reports only accepted items
PASS late answer marks AI outcome stale and queues new revision
PASS late answer preserves manual decision while queuing record review
PASS non-recordable status blocks writes pending
PASS non-recordable status blocks writes expired
PASS non-recordable status blocks writes unknown
PASS unstarted session cannot acquire transcript records
PASS terminal state without end time blocks new records completed
PASS terminal state without end time blocks new records evaluated
PASS terminal state without end time blocks new records aborted
PASS live state with end time blocks inconsistent writes
PASS ended session acknowledges already saved speech without another revision or task
{
  "passed": 33,
  "results": [
    "lost response retry acknowledges one stored answer",
    "concurrent duplicate requests insert only once",
    "concurrent distinct requests have distinct ordinals",
    "mixed retry and new speech acknowledges both",
    "same words under different IDs remain separate",
    "repeated ID within a batch inserted once",
    "conflicting retry text rejected without partial writes",
    "conflicting retry speaker rejected without partial writes",
    "conflicting retry startMs rejected without partial writes",
    "conflicting retry phase rejected without partial writes",
    "conflicting ID within first batch rejected atomically",
    "invalid ID rejected ",
    "invalid ID rejected 123",
    "invalid ID rejected aaaaaaaaaaaa",
    "invalid ID rejected bad/id",
    "legacy clients retain append and phase fallback",
    "unknown phase remains stable for identified retry after advancement",
    "IDs scoped to session",
    "revoked consent blocks retry",
    "expired retention blocks writes and retry",
    "failed transaction preserves retryability",
    "50-item admission reports only accepted items",
    "late answer marks AI outcome stale and queues new revision",
    "late answer preserves manual decision while queuing record review",
    "non-recordable status blocks writes pending",
    "non-recordable status blocks writes expired",
    "non-recordable status blocks writes unknown",
    "unstarted session cannot acquire transcript records",
    "terminal state without end time blocks new records completed",
    "terminal state without end time blocks new records evaluated",
    "terminal state without end time blocks new records aborted",
    "live state with end time blocks inconsistent writes",
    "ended session acknowledges already saved speech without another revision or task"
  ]
}
PASS 51 pending turns drain in two batches before ending
PASS concurrent flush and end await same in-flight request
PASS new answers queued while sending drain before ending
PASS failed transcript response 400 retains queue and avoids completion
PASS failed transcript response 429 retains queue and avoids completion
PASS failed transcript response 503 retains queue and avoids completion
PASS lost response retries stable IDs and timestamps
PASS unconfirmed saved count undefined retains full batch
PASS unconfirmed saved count 0 retains full batch
PASS unconfirmed saved count 1 retains full batch
PASS unconfirmed saved count 2 retains full batch
PASS unconfirmed saved count 3 retains full batch
PASS end error retains retry state without false completion
PASS unconfirmed end body {"status":"live"} does not finish
PASS unconfirmed end body {"status":"pending","skipped":true} does not finish
PASS unconfirmed end body {} does not finish
PASS unconfirmed end body null does not finish
PASS duplicate end actions produce one completion
PASS separate replies have unique valid IDs and retain phase
PASS pagehide bundles all pending answers into one end request without clearing queue
PASS rejected beacon uses keepalive and retains answers
PASS pagehide while normal end is saving includes in-flight answers
PASS excess answers use bounded turn request without premature end
PASS oversized payload stays below beacon budget without ending
PASS bfcache and unstarted page do not end meeting
{
  "passed": 25,
  "results": [
    "51 pending turns drain in two batches before ending",
    "concurrent flush and end await same in-flight request",
    "new answers queued while sending drain before ending",
    "failed transcript response 400 retains queue and avoids completion",
    "failed transcript response 429 retains queue and avoids completion",
    "failed transcript response 503 retains queue and avoids completion",
    "lost response retries stable IDs and timestamps",
    "unconfirmed saved count undefined retains full batch",
    "unconfirmed saved count 0 retains full batch",
    "unconfirmed saved count 1 retains full batch",
    "unconfirmed saved count 2 retains full batch",
    "unconfirmed saved count 3 retains full batch",
    "end error retains retry state without false completion",
    "unconfirmed end body {\"status\":\"live\"} does not finish",
    "unconfirmed end body {\"status\":\"pending\",\"skipped\":true} does not finish",
    "unconfirmed end body {} does not finish",
    "unconfirmed end body null does not finish",
    "duplicate end actions produce one completion",
    "separate replies have unique valid IDs and retain phase",
    "pagehide bundles all pending answers into one end request without clearing queue",
    "rejected beacon uses keepalive and retains answers",
    "pagehide while normal end is saving includes in-flight answers",
    "excess answers use bounded turn request without premature end",
    "oversized payload stays below beacon budget without ending",
    "bfcache and unstarted page do not end meeting"
  ]
}
PASS bundled end saves final replies before count and evaluation with cookie preserved
PASS lost end response retry does not duplicate speech or evaluation
PASS failed transcript transaction does not end meeting or evaluate
PASS invalid bundled payload does not end null
PASS invalid bundled payload does not end {}
PASS invalid bundled payload does not end 51
PASS partial transcript admission refuses completion
PASS invalid transcript identifier refuses completion
{
  "passed": 8,
  "results": [
    "bundled end saves final replies before count and evaluation with cookie preserved",
    "lost end response retry does not duplicate speech or evaluation",
    "failed transcript transaction does not end meeting or evaluate",
    "invalid bundled payload does not end null",
    "invalid bundled payload does not end {}",
    "invalid bundled payload does not end 51",
    "partial transcript admission refuses completion",
    "invalid transcript identifier refuses completion"
  ]
}
PASS new speech during evaluation prevents stale outcome persistence
PASS session revision changed during evaluation prevents persistence
PASS manual outcome entered during evaluation is not overwritten
PASS consent revoked during evaluation prevents persistence
PASS expired retention during evaluation prevents persistence
PASS changed session status during evaluation prevents persistence
PASS unchanged transcript and revision persist result
PASS one late answer triggers reevaluation using latest full transcript
{
  "passed": 8,
  "results": [
    "new speech during evaluation prevents stale outcome persistence",
    "session revision changed during evaluation prevents persistence",
    "manual outcome entered during evaluation is not overwritten",
    "consent revoked during evaluation prevents persistence",
    "expired retention during evaluation prevents persistence",
    "changed session status during evaluation prevents persistence",
    "unchanged transcript and revision persist result",
    "one late answer triggers reevaluation using latest full transcript"
  ]
}
PASS normal reevaluation atomically stores outcome
PASS manual decision during AI generation wins
PASS manual replacement requires approval before AI work
PASS approved replacement of unchanged manual decision clears manual attribution
PASS approval does not authorize overwriting a newer manual decision
PASS concurrent manual creation uses latest outcome instead of duplicate create
PASS new speech during reevaluation rejects old result
PASS concurrent reevaluations of one revision cannot both commit
PASS manual input cannot restore expired records
PASS manual creation still requires score and verdict
PASS provider failure releases execution right for a later retry
PASS recovery skips persisted report but explicit manager reevaluation remains available
PASS recovery evaluates a completed session with a stale previous report
PASS recovery does not indefinitely defer unusable record purgeAfter
PASS recovery does not indefinitely defer unusable record consentedAt
PASS recovery does not indefinitely defer unusable record status
PASS recovery does not indefinitely defer unusable record organizationId
PASS recovery does not indefinitely defer unusable record startedAt
PASS recovery does not indefinitely defer unusable record endedAt
PASS automatic provider failure keeps one durable failure notification then success removes it
PASS manual reevaluation failure does not create automatic notice
{
  "passed": 21,
  "results": [
    "normal reevaluation atomically stores outcome",
    "manual decision during AI generation wins",
    "manual replacement requires approval before AI work",
    "approved replacement of unchanged manual decision clears manual attribution",
    "approval does not authorize overwriting a newer manual decision",
    "concurrent manual creation uses latest outcome instead of duplicate create",
    "new speech during reevaluation rejects old result",
    "concurrent reevaluations of one revision cannot both commit",
    "manual input cannot restore expired records",
    "manual creation still requires score and verdict",
    "provider failure releases execution right for a later retry",
    "recovery skips persisted report but explicit manager reevaluation remains available",
    "recovery evaluates a completed session with a stale previous report",
    "recovery does not indefinitely defer unusable record purgeAfter",
    "recovery does not indefinitely defer unusable record consentedAt",
    "recovery does not indefinitely defer unusable record status",
    "recovery does not indefinitely defer unusable record organizationId",
    "recovery does not indefinitely defer unusable record startedAt",
    "recovery does not indefinitely defer unusable record endedAt",
    "automatic provider failure keeps one durable failure notification then success removes it",
    "manual reevaluation failure does not create automatic notice"
  ]
}
PASS end waits for earlier answer save before counting completion
PASS end-first serialization recovers aborted status when late answers complete the conversation
PASS consent revoked before end lock is checked fresh
PASS retention expires before end lock is checked fresh
PASS ownership changed before end lock rejects without ending
PASS state changed before end lock cannot be revived
{
  "passed": 6,
  "results": [
    "end waits for earlier answer save before counting completion",
    "end-first serialization recovers aborted status when late answers complete the conversation",
    "consent revoked before end lock is checked fresh",
    "retention expires before end lock is checked fresh",
    "ownership changed before end lock rejects without ending",
    "state changed before end lock cannot be revived"
  ]
}
PASS 20 concurrent acquisitions grant exactly one execution right
PASS active lease blocks a second worker
PASS normal release permits new acquisition
PASS expired worker can be replaced but cannot delete its replacement
PASS replaced worker cannot commit an outcome
PASS expired lease cannot commit even if value still matches
PASS active owning worker commits once
PASS malformed lease is not silently replaced
PASS foreign organization cannot claim
PASS unusable status live cannot claim
PASS unusable status pending cannot claim
PASS unusable status aborted cannot claim
PASS unusable status expired cannot claim
PASS revoked consent cannot claim
PASS expired retention cannot claim
{
  "passed": 15,
  "results": [
    "20 concurrent acquisitions grant exactly one execution right",
    "active lease blocks a second worker",
    "normal release permits new acquisition",
    "expired worker can be replaced but cannot delete its replacement",
    "replaced worker cannot commit an outcome",
    "expired lease cannot commit even if value still matches",
    "active owning worker commits once",
    "malformed lease is not silently replaced",
    "foreign organization cannot claim",
    "unusable status live cannot claim",
    "unusable status pending cannot claim",
    "unusable status aborted cannot claim",
    "unusable status expired cannot claim",
    "revoked consent cannot claim",
    "expired retention cannot claim"
  ]
}
PASS new transcript revision replaces task and resets previous failures
PASS successful synchronous result clears satisfied task
PASS older result cannot clear newer pending transcript
PASS successful recovery acknowledges durable task
PASS concurrent recovery workers execute a task once
PASS newer task during old evaluation is retained
PASS new task covered by latest reevaluation may be cleared
PASS provider failure keeps task with delayed retry
PASS busy evaluator does not consume a failure attempt
PASS third failure remains recorded without endless retries
PASS terminal eligibility state_changed removes only claimed task
PASS terminal eligibility record_unavailable removes only claimed task
PASS terminal eligibility manual_outcome removes only claimed task
PASS terminal eligibility empty_transcript removes only claimed task
PASS terminal eligibility already_evaluated removes only claimed task
PASS failed old worker cannot replace a later transcript task
PASS superseded failure does not report retry or exhaustion 0
PASS superseded failure does not report retry or exhaustion 2
PASS superseded busy task does not report deferral of newer task
PASS malformed task is never sent to provider
PASS malformed head is retained outside due queue and cannot starve valid task
PASS exhausted task with stale due timestamp cannot starve queue
PASS quarantine cannot overwrite replacement task or report false exhaustion
{
  "passed": 23,
  "results": [
    "new transcript revision replaces task and resets previous failures",
    "successful synchronous result clears satisfied task",
    "older result cannot clear newer pending transcript",
    "successful recovery acknowledges durable task",
    "concurrent recovery workers execute a task once",
    "newer task during old evaluation is retained",
    "new task covered by latest reevaluation may be cleared",
    "provider failure keeps task with delayed retry",
    "busy evaluator does not consume a failure attempt",
    "third failure remains recorded without endless retries",
    "terminal eligibility state_changed removes only claimed task",
    "terminal eligibility record_unavailable removes only claimed task",
    "terminal eligibility manual_outcome removes only claimed task",
    "terminal eligibility empty_transcript removes only claimed task",
    "terminal eligibility already_evaluated removes only claimed task",
    "failed old worker cannot replace a later transcript task",
    "superseded failure does not report retry or exhaustion 0",
    "superseded failure does not report retry or exhaustion 2",
    "superseded busy task does not report deferral of newer task",
    "malformed task is never sent to provider",
    "malformed head is retained outside due queue and cannot starve valid task",
    "exhausted task with stale due timestamp cannot starve queue",
    "quarantine cannot overwrite replacement task or report false exhaustion"
  ]
}
PASS unauthorized request cannot start recovery undefined
PASS unauthorized request cannot start recovery wrong
PASS unauthorized request cannot start recovery Bearer other
PASS missing configured secret fails closed
PASS authenticated cron processes one session with aggregate counters
PASS exhausted retry is visible to monitoring without exposing session data
PASS recovery failure returns sanitized failure instead of successful completion
PASS production config schedules this authenticated endpoint exactly once
{
  "passed": 8,
  "results": [
    "unauthorized request cannot start recovery undefined",
    "unauthorized request cannot start recovery wrong",
    "unauthorized request cannot start recovery Bearer other",
    "missing configured secret fails closed",
    "authenticated cron processes one session with aggregate counters",
    "exhausted retry is visible to monitoring without exposing session data",
    "recovery failure returns sanitized failure instead of successful completion",
    "production config schedules this authenticated endpoint exactly once"
  ]
}
PASS stale AI result is hidden while original report remains intact
PASS failed task is shown as retrying
PASS exhausted task is shown as stopped instead of processing forever
PASS missing task does not imply automatic processing
PASS current AI report is displayed
PASS manual decision remains visible despite queued transcript changes
PASS foreign task metadata cannot affect displayed status
PASS unstarted session does not promise evaluation
PASS actual detail API scopes task lookup and hides stale report
PASS actual list suppresses stale scores and filters by current or manual verdict
{
  "passed": 10,
  "results": [
    "stale AI result is hidden while original report remains intact",
    "failed task is shown as retrying",
    "exhausted task is shown as stopped instead of processing forever",
    "missing task does not imply automatic processing",
    "current AI report is displayed",
    "manual decision remains visible despite queued transcript changes",
    "foreign task metadata cannot affect displayed status",
    "unstarted session does not promise evaluation",
    "actual detail API scopes task lookup and hides stale report",
    "actual list suppresses stale scores and filters by current or manual verdict"
  ]
}
PASS override transport rejection is handled without claiming failure or resubmitting
PASS override server error remains visible and releases saving state
PASS override success reloads authoritative result once
PASS reEvaluate transport rejection is handled without claiming failure or resubmitting
PASS reEvaluate server error remains visible and releases saving state
PASS reEvaluate success reloads authoritative result once
{
  "passed": 6,
  "results": [
    "override transport rejection is handled without claiming failure or resubmitting",
    "override server error remains visible and releases saving state",
    "override success reloads authoritative result once",
    "reEvaluate transport rejection is handled without claiming failure or resubmitting",
    "reEvaluate server error remains visible and releases saving state",
    "reEvaluate success reloads authoritative result once"
  ]
}
PASS automatic result commits notification intent at persisted session revision
PASS preview result never queues host notification
PASS manual reevaluation does not introduce automatic notification
PASS queue failure rolls back result and completion state together
PASS ineligible record cannot queue a notification
PASS later automatic revision replaces intent with new token
PASS notification parser refuses another task namespace
{
  "passed": 7,
  "results": [
    "automatic result commits notification intent at persisted session revision",
    "preview result never queues host notification",
    "manual reevaluation does not introduce automatic notification",
    "queue failure rolls back result and completion state together",
    "ineligible record cannot queue a notification",
    "later automatic revision replaces intent with new token",
    "notification parser refuses another task namespace"
  ]
}
PASS successful notification is acknowledged and never calls evaluation
PASS concurrent delivery grants one sender
PASS failed notification remains durable with bounded delayed retry
PASS third notification failure stops without deleting intent
PASS unusable notification preview is not sent
PASS unusable notification consent is not sent
PASS unusable notification retention is not sent
PASS unusable notification status is not sent
PASS unusable notification revision is not sent
PASS unusable notification manual is not sent
PASS unusable notification missing is not sent
PASS replacement before send prevents old snapshot notification
PASS replacement during send survives acknowledgement
PASS failed old sender cannot modify newer intent or report exhaustion
PASS scoped sender cannot consume another organization intent
PASS malformed notification is retained outside due queue
PASS failure notice is durable and repeated same revision is acknowledged once
PASS failure delivery error retries notification without evaluation
PASS successful new result clears pending obsolete failure notice
PASS failure notice is not sent after outcome or consent changes
{
  "passed": 20,
  "results": [
    "successful notification is acknowledged and never calls evaluation",
    "concurrent delivery grants one sender",
    "failed notification remains durable with bounded delayed retry",
    "third notification failure stops without deleting intent",
    "unusable notification preview is not sent",
    "unusable notification consent is not sent",
    "unusable notification retention is not sent",
    "unusable notification status is not sent",
    "unusable notification revision is not sent",
    "unusable notification manual is not sent",
    "unusable notification missing is not sent",
    "replacement before send prevents old snapshot notification",
    "replacement during send survives acknowledgement",
    "failed old sender cannot modify newer intent or report exhaustion",
    "scoped sender cannot consume another organization intent",
    "malformed notification is retained outside due queue",
    "failure notice is durable and repeated same revision is acknowledged once",
    "failure delivery error retries notification without evaluation",
    "successful new result clears pending obsolete failure notice",
    "failure notice is not sent after outcome or consent changes"
  ]
}
PASS unauthorized request cannot start recovery undefined
PASS unauthorized request cannot start recovery wrong
PASS unauthorized request cannot start recovery Bearer other
PASS missing configured secret fails closed
PASS authenticated cron processes one session with aggregate counters
PASS exhausted retry is visible to monitoring without exposing session data
PASS recovery failure returns sanitized failure instead of successful completion
PASS production config schedules this authenticated endpoint exactly once
PASS failure notice retry exhaustion returns sanitized monitoring status
{
  "passed": 9,
  "results": [
    "unauthorized request cannot start recovery undefined",
    "unauthorized request cannot start recovery wrong",
    "unauthorized request cannot start recovery Bearer other",
    "missing configured secret fails closed",
    "authenticated cron processes one session with aggregate counters",
    "exhausted retry is visible to monitoring without exposing session data",
    "recovery failure returns sanitized failure instead of successful completion",
    "production config schedules this authenticated endpoint exactly once",
    "failure notice retry exhaustion returns sanitized monitoring status"
  ]
}
PASS expired session cleans only metadata aishodan-evaluation-task:v1:
PASS expired session cleans only metadata aishodan-evaluation-lease:v1:
PASS expired session cleans only metadata aishodan-completion-notification:v1:
PASS expired session cleans only metadata aishodan-evaluation-failure-notification:v1:
PASS missing session metadata is removed
PASS revoked consent metadata is removed
PASS active and stopped tasks are retained until owner retention expires
PASS expired lease is removed without removing active transcript tasks
PASS malformed live lease is retained for investigation
PASS sweep cannot remove replacement task
PASS fresh retention inside lock prevents deletion
PASS cursor passes live oldest rows and wraps after a bounded cycle
PASS unrelated settings and malformed session keys are untouched
{
  "passed": 13,
  "results": [
    "expired session cleans only metadata aishodan-evaluation-task:v1:",
    "expired session cleans only metadata aishodan-evaluation-lease:v1:",
    "expired session cleans only metadata aishodan-completion-notification:v1:",
    "expired session cleans only metadata aishodan-evaluation-failure-notification:v1:",
    "missing session metadata is removed",
    "revoked consent metadata is removed",
    "active and stopped tasks are retained until owner retention expires",
    "expired lease is removed without removing active transcript tasks",
    "malformed live lease is retained for investigation",
    "sweep cannot remove replacement task",
    "fresh retention inside lock prevents deletion",
    "cursor passes live oldest rows and wraps after a bounded cycle",
    "unrelated settings and malformed session keys are untouched"
  ]
}
PASS cleanup unauthorized undefined does no work
PASS cleanup unauthorized wrong does no work
PASS cleanup unauthorized Bearer other does no work
PASS cleanup missing secret fails closed
PASS authorized cleanup returns only aggregate counts
PASS cleanup failure returns sanitized unavailable status
PASS cleanup is scheduled exactly once at bounded frequency
PASS partial conversation recovery failure returns unavailable while metadata cleanup continues
{
  "passed": 8,
  "results": [
    "cleanup unauthorized undefined does no work",
    "cleanup unauthorized wrong does no work",
    "cleanup unauthorized Bearer other does no work",
    "cleanup missing secret fails closed",
    "authorized cleanup returns only aggregate counts",
    "cleanup failure returns sanitized unavailable status",
    "cleanup is scheduled exactly once at bounded frequency",
    "partial conversation recovery failure returns unavailable while metadata cleanup continues"
  ]
}
PASS expired detail is unavailable before reading task or returning guest data
PASS list, totals and cursor validation all use the same retention filter
PASS stats exclude expired questions and stale AI verdicts while retaining legacy data
{
  "passed": 3,
  "results": [
    "expired detail is unavailable before reading task or returning guest data",
    "list, totals and cursor validation all use the same retention filter",
    "stats exclude expired questions and stale AI verdicts while retaining legacy data"
  ]
}
PASS expired personal content is purged while quota history remains
PASS active and legacy records are never selected for purge
PASS fresh extended retention under lock preserves content
PASS purge transaction rollback on slot preserves all content and tasks
PASS purge transaction rollback on settings preserves all content and tasks
PASS purge transaction rollback on update preserves all content and tasks
PASS concurrent retention runs purge each session once
PASS cursor visits later records and repeated cycle is idempotent
PASS unrelated settings are preserved
{
  "passed": 9,
  "results": [
    "expired personal content is purged while quota history remains",
    "active and legacy records are never selected for purge",
    "fresh extended retention under lock preserves content",
    "purge transaction rollback on slot preserves all content and tasks",
    "purge transaction rollback on settings preserves all content and tasks",
    "purge transaction rollback on update preserves all content and tasks",
    "concurrent retention runs purge each session once",
    "cursor visits later records and repeated cycle is idempotent",
    "unrelated settings are preserved"
  ]
}
PASS cleanup unauthorized undefined does no work
PASS cleanup unauthorized wrong does no work
PASS cleanup unauthorized Bearer other does no work
PASS cleanup missing secret fails closed
PASS authorized cleanup returns only aggregate counts
PASS cleanup failure returns sanitized unavailable status
PASS cleanup is scheduled exactly once at bounded frequency
{
  "passed": 7,
  "results": [
    "cleanup unauthorized undefined does no work",
    "cleanup unauthorized wrong does no work",
    "cleanup unauthorized Bearer other does no work",
    "cleanup missing secret fails closed",
    "authorized cleanup returns only aggregate counts",
    "cleanup failure returns sanitized unavailable status",
    "cleanup is scheduled exactly once at bounded frequency"
  ]
}
PASS pending and live sessions cannot resume after retention expires
PASS retention boundary is inclusive
PASS unexpired and legacy sessions remain usable
PASS ended sessions can record scheduling within retention
PASS expired or revoked session cannot record scheduling after fresh lock
PASS purged ownership cannot be resurrected by an earlier read
PASS repeated scheduling preserves the first click
PASS record refuses ended after the initial snapshot
PASS record refuses consent revoked after the initial snapshot
PASS record refuses retention expired after the initial snapshot
PASS record refuses purged ownership after the initial snapshot
PASS record refuses room unpublished after the initial snapshot
PASS record refuses not started after the initial snapshot
PASS record accepts a current live session using a fresh scoped read
PASS advance refuses ended after the initial snapshot
PASS advance refuses consent revoked after the initial snapshot
PASS advance refuses retention expired after the initial snapshot
PASS advance refuses purged ownership after the initial snapshot
PASS advance refuses room unpublished after the initial snapshot
PASS advance refuses not started after the initial snapshot
PASS advance accepts a current live session using a fresh scoped read
PASS simultaneous progress calculates the second transition from the latest phase
{"passed":15}
PASS lookup refuses ended after search without returning evidence or recording
PASS lookup refuses consent revoked after search without returning evidence or recording
PASS lookup refuses expired after search without returning evidence or recording
PASS lookup refuses purged after search without returning evidence or recording
PASS lookup refuses unpublished after search without returning evidence or recording
PASS lookup refuses product changed after search without returning evidence or recording
PASS lookup refuses not started after search without returning evidence or recording
PASS question save failure cannot be reported as successful lookup
PASS current price policy removes both evidence and its citation
PASS unchanged live session records and returns search evidence
{"passed":10}
PASS new page instance recovers all 51 unacknowledged turns in stable batches
PASS nonterminal failure 429 preserves all pending answers
PASS nonterminal failure 500 preserves all pending answers
PASS nonterminal failure 503 preserves all pending answers
PASS partial acknowledgment retains the full batch for idempotent retry
PASS end request waits for every saved answer and keeps end intent on failure
PASS successful end removes the completed intent
PASS authoritative unavailable response 403 clears private pending text
PASS authoritative unavailable response 404 clears private pending text
PASS authoritative unavailable response 410 clears private pending text
PASS retention expiry clears stored text without sending it
PASS other rooms and unrelated storage are not transmitted or removed
PASS new answers arriving during acknowledgment survive and are sent next
PASS storage quota failure reports failure without overwriting retained data
PASS storage excludes contact information and provider credentials
PASS storage access failure is not treated as an empty recovered queue
PASS storage length failure is not treated as an empty recovered queue
PASS storage getItem failure is not treated as an empty recovered queue
{"passed":18}
PASS actual hook persists stable IDs before a network request
PASS actual hook retains text after server failure and a new page recovers it
PASS pagehide retains excess answers plus explicit end intent beyond beacon budget
PASS normal acknowledged completion clears both text and end intent
PASS failed end keeps an empty durable end intent
PASS storage denied warns without pretending text survived page close
PASS missing server deadline cannot store indefinite private text
{"passed":7}
PASS public session exposes retention without exposing contact or cookie identifiers
PASS failed recovery blocks new consent and exposes retry without starting a session
PASS successful recovery proceeds to the public room only afterward
PASS consent passes the authoritative retention deadline into the actual hook boundary
PASS different room URL has a new keyed conversation component
{"passed":5}
PASS abandoned conversation with two answers closes and queues evaluation atomically
PASS insufficient answered conversation becomes aborted 0
PASS insufficient answered conversation becomes aborted 1
PASS fresh lock preserves recent answer
PASS fresh lock preserves reconnect time window
PASS fresh lock preserves ended
PASS fresh lock preserves consent revoked
PASS fresh lock preserves retention expired
PASS fresh lock preserves unstarted
PASS queue failure rolls back closing and retains conversation for retry
PASS concurrent workers close once and create only one evaluation intent
PASS cursor passes old ineligible rows to recover beyond 25 items
PASS recent normal activity is excluded before processing
{"passed":13}
PASS admin kintai employees: 235 records reachable; global organization/status search, invalid input and auth
PASS quote AI rejects malformed inputs before provider calls
PASS quote AI still accepts normal input and bounds prompt fields
PASS quote provider malformed price arrays do not discard valid analysis
PASS revoked quote actor cannot edit or delete after context lookup
PASS downgraded quote actor cannot confirm or delete
PASS active manager can delete only the scoped quote
PASS quote delete serialization conflict asks for reload without write
PASS quote free product admission is lifetime and deletion resistant
PASS quote nonowner receives owner guidance without upgrade link
PASS quote paid products remain unlimited and recorded
PASS quote product admission validates input and current membership
PASS quote serialization retry rereads exhausted quota
PASS Mensetsu token reads bounded provider JSON and returns only client secret
PASS Mensetsu provider error body never enters logs or response
PASS Mensetsu oversized provider response is rejected
PASS Mensetsu missing secret does not log provider JSON
PASS Mensetsu ending during provider wait never restarts or receives a secret
PASS Mensetsu ending before quota reservation does not contact provider
PASS Mensetsu parallel start keeps the first timestamp
PASS Mensetsu missing provider configuration does not exhaust connection attempts
PASS Mensetsu expired conversation does not spend a connection reservation
PASS Shodan client bounds reads and allows full server mutation window
PASS AIO client bounds reads and allows full server mutation window
PASS Doyalist collection preserves partial results and skips calls after budget
PASS Doyalist provider JSON success, HTTP error, size, stream and timeout boundaries
PASS style preview lease serializes duplicate requests and expires safely
PASS storage lookup errors fail closed before provider calls
PASS storage helper distinguishes missing preview from failed listing
PASS in-progress preview returns retry signal without duplicate generation
PASS successful preview generation is cached and releases its lease
PASS daily provider ceiling rejects before generating and releases the lease
PASS article deletion queues only distinct durable images
PASS storage failure retains a retryable queue
PASS successful retry removes objects and clears only the matching queue entry
PASS invalid queue data fails closed
PASS pending uploads reconcile only after the grace period and preserve linked images
PASS storage outage retains orphan intent for retry
PASS cleanup cron requires its secret before database work
PASS serverless SEO images use a private durable bucket and survive a new instance
PASS missing durable image reports ENOENT and never falls back to ephemeral files
PASS durable deletion accepts only generated image paths
PASS public bucket is rejected before storing private images
PASS missing server credentials fail closed before any local write
PASS failed pending reservation prevents an untracked upload
PASS SEO image access does not restore the retired first-hour entitlement
PASS SEO image lease prevents concurrent fill, checks token on release, and recovers after expiry
PASS Every SEO image writer denies ineligible callers before provider or database work
PASS SEO image writers reject exhausted reservations before any image provider call
PASS Swipe finalize requires login, session ownership, and valid input before creating an article
PASS Swipe question endpoints reject anonymous and foreign sessions without invoking AI
PASS Swipe AI start rejects anonymous, invalid, and exhausted requests before provider calls
PASS Swipe image maintenance requires admin and bounds generation count
PASS Legacy swipe start and log do not create guest sessions or accept foreign writes
PASS Guide image generation rejects non-admin requests before image provider calls
PASS Feature guide defaults to no image and cannot loop on failed generation
PASS SEO tool admission serializes concurrent calls and resets at JST midnight
PASS SEO tool admission fails closed when the ledger is corrupt
PASS SEO image batch reservation is atomic and cannot exceed the daily ceiling
PASS SEO manual text tools share one atomic JST daily provider ceiling
PASS SEO section regeneration rejects the shared text cap before the provider
PASS SEO note conversion rejects empty AI output without saving it
PASS SEO reference parsing enforces the text cap and labels AI fallback honestly
PASS SEO public provider routes reject anonymous and exhausted requests before provider calls
PASS SEO title suggestions return ten distinct choices when the provider returns none
PASS SEO 5xx JSON responses never echo raw exception messages
PASS SEO template generation and deletion require admin before any side effects
PASS SEO template listing remains publicly readable
PASS authenticated feedback is saved even with no webhook
PASS failed feedback notification http-error preserves saved report
PASS failed feedback notification throw preserves saved report
PASS anonymous feedback needs confirmed webhook delivery
PASS storage failure can fall back to confirmed webhook delivery
PASS feedback rejects when both storage and webhook fail
PASS feedback reports notification success only after webhook succeeds
PASS Interview article retrieval never returns private database error
PASS Promane workspace listing keeps 401 and hides database errors
PASS Mensetsu recording URL provider failure is a safe 502
PASS Interview, Promane, Mensetsu and DoyaSlide 5xx responses do not echo exceptions
PASS HR employee list retains 401 but never returns private database error
PASS HR organization member list does not return private database error
PASS HR dashboard does not return private database error
PASS HR API 500 handlers never interpolate exception messages
PASS Doyalist project list and creation keep database errors private
PASS Doyalist project list pages histories larger than the response limit
PASS Doyalist history pages and searches projects with global counts
PASS Doyalist project list aborts an incomplete stream on a later DB failure
PASS Doyalist project detail, update and deletion keep database errors private
PASS Doyalist project detail streams owned company records and keeps counts
PASS Doyalist detail pages large company history without loading all rows
PASS Doyalist detail aborts an incomplete streamed result on later database failure
PASS Doyalist API 5xx handlers never interpolate internal error messages
PASS concurrent claims admit only one final daily slot
PASS deleting images cannot restore quota after settlement
PASS partial output refunds unused image slots while keeping concept usage
PASS failed save rolls back ledger and permits refund
PASS stale reservation expires; JST day rollover keeps monthly usage
PASS database failure rejects claim before generation
PASS new concepts obey daily cap while refinements use their own image allowance
PASS JST month rollover resets both image meters
PASS HR usage: 503 and malformed responses cannot open onboarding; 401 and valid usage remain distinct
PASS doyalist layout: usage failure never displays FREE
PASS doyalist pricing: failed or malformed usage never becomes FREE
PASS kintai usage: server failure never becomes onboarding or FREE
PASS service plan fallback: Cunning, SFA and DoyaSlide preserve unknown status; BUNDLE stays PRO
PASS doyaslide load errors: API failure, project list, usage and pricing remain distinct from FREE/empty
PASS cunning load errors: failures, missing records, and empty lists stay distinct
PASS duration and dropoff use all 701 real sessions, not an arbitrary 500
PASS promane invitation UI: errors differ from empty and continuation failure preserves history
PASS all 121 sent invitations remain reachable with owner-scoped cursors
PASS foreign and malformed cursors are rejected
PASS nonmembers cannot list invitation tokens
PASS inactive owners cannot list or delete invitation tokens
PASS database errors do not disclose internal details
PASS mensetsu comparison: errors are visible and failed continuation preserves loaded ranks
PASS all 121 evaluated candidates are ranked and reachable, including the oldest top score
PASS a changed evaluation invalidates a continuation before ranks can mix
PASS invalid, filtered-out, and foreign cursors are rejected
PASS other organizations cannot select a template
PASS all 51 ad image concepts remain reachable in owner-scoped pages
PASS foreign and malformed cursors cannot read other owners
PASS doyalist history: paged projects and approaches, visible errors, failed continuation preserves loaded rows
PASS 451 sales texts remain reachable across ten owner-scoped pages
PASS search and type filters reach older records, cursor cannot cross filters
PASS invalid or foreign cursors and oversized searches are rejected
PASS database failure is an error without leaking internals
PASS inconsistent pagination never becomes a complete history
PASS all 121 company profiles are reachable
PASS company rejects foreign or malformed cursors
PASS all 121 profiles profiles are reachable
PASS profiles rejects foreign or malformed cursors
PASS profile page rejects inconsistent totals and duplicate continuations
PASS all products records remain reachable across pages
PASS products rejects malformed or foreign cursors
PASS all rooms records remain reachable across pages
PASS rooms rejects malformed or foreign cursors
PASS all sessions records remain reachable across pages
PASS sessions rejects malformed or foreign cursors
PASS session cursor must match preview and verdict filters
PASS inconsistent pages are errors, not an empty or complete list
PASS 251 scoped requests are reachable across three stable cursor pages
PASS foreign and malformed cursors cannot page through requests
PASS a failed or inconsistent continuation never resolves as complete
PASS all 501 employees remain reachable beyond the first 50 and 200
PASS failed later page cannot masquerade as a complete employee list
PASS duplicate, changed total, or malformed page is rejected
PASS 251 Shodan preparations are reachable across three scoped pages
PASS malformed and foreign Shodan cursors and watch IDs are rejected or scoped
PASS status refresh updates an older preparation without dropping loaded pages
PASS failed or inconsistent continuation does not become a complete Shodan list
PASS malformed URL input is rejected before quota or provider calls
PASS concurrent requests reserve only the one remaining slot
PASS paid cap does not invite an existing subscriber to subscribe again
PASS member plan cannot change the shared organization cap or purchase action
PASS unusable Shodan research fails and releases the reserved monthly slot
PASS src/app/api/shodan/preparations/[id]/generate/route.ts: PRO member cannot bypass FREE owner
PASS src/app/api/shodan/preparations/[id]/generate/route.ts: FREE owner sees organization pricing
PASS src/app/api/shodan/preparations/[id]/generate/route.ts: ambiguous owners fail closed
PASS src/app/api/shodan/preparations/[id]/slides/generate/route.ts: PRO member cannot bypass FREE owner
PASS src/app/api/shodan/preparations/[id]/slides/generate/route.ts: FREE owner sees organization pricing
PASS src/app/api/shodan/preparations/[id]/slides/generate/route.ts: ambiguous owners fail closed
PASS src/app/api/shodan/preparations/[id]/slides/regenerate/route.ts: PRO member cannot bypass FREE owner
PASS src/app/api/shodan/preparations/[id]/slides/regenerate/route.ts: FREE owner sees organization pricing
PASS src/app/api/shodan/preparations/[id]/slides/regenerate/route.ts: ambiguous owners fail closed
PASS billing uses owner contract and accepts FREE member in PRO org
{
  "passed": 10,
  "results": [
    "src/app/api/shodan/preparations/[id]/generate/route.ts: PRO member cannot bypass FREE owner",
    "src/app/api/shodan/preparations/[id]/generate/route.ts: FREE owner sees organization pricing",
    "src/app/api/shodan/preparations/[id]/generate/route.ts: ambiguous owners fail closed",
    "src/app/api/shodan/preparations/[id]/slides/generate/route.ts: PRO member cannot bypass FREE owner",
    "src/app/api/shodan/preparations/[id]/slides/generate/route.ts: FREE owner sees organization pricing",
    "src/app/api/shodan/preparations/[id]/slides/generate/route.ts: ambiguous owners fail closed",
    "src/app/api/shodan/preparations/[id]/slides/regenerate/route.ts: PRO member cannot bypass FREE owner",
    "src/app/api/shodan/preparations/[id]/slides/regenerate/route.ts: FREE owner sees organization pricing",
    "src/app/api/shodan/preparations/[id]/slides/regenerate/route.ts: ambiguous owners fail closed",
    "billing uses owner contract and accepts FREE member in PRO org"
  ]
}
PASS Shodan profile extraction serializes per organization and resets at JST midnight
PASS Shodan profile extraction fails closed on ledger corruption
PASS Shodan profile extraction rejects limit before website or AI calls
{
  "passed": 3,
  "results": [
    "Shodan profile extraction serializes per organization and resets at JST midnight",
    "Shodan profile extraction fails closed on ledger corruption",
    "Shodan profile extraction rejects limit before website or AI calls"
  ]
}
PASS Shodan slide lease admits only one same-preparation request and fences old release
PASS both Shodan slide routes reject overlapping work before image provider
PASS Shodan slide batch re-reads completed images after acquiring the lease
{
  "passed": 3,
  "results": [
    "Shodan slide lease admits only one same-preparation request and fences old release",
    "both Shodan slide routes reject overlapping work before image provider",
    "Shodan slide batch re-reads completed images after acquiring the lease"
  ]
}
PASS SFA lead update: validation, conversion invariant, race, and ownership
PASS next 15.5.25 security floor
PASS next-auth 4.24.15 security floor
PASS undici 7.29.1 security floor
PASS sharp 0.35.4 security floor
PASS jspdf 4.2.1 security floor
PASS @sparticuz/chromium 152.0.0 security floor
PASS puppeteer-core 25.10.0 security floor
{
  "passed": 31,
  "results": [
    "Google access_denied stays in warning logs",
    "Unexpected OAuth, policy, provider, adapter and unknown errors remain errors",
    "Real NextAuth Google denial callback keeps both logs without error alerts",
    "Real NextAuth unexpected provider and policy errors keep both alerts",
    "Only the previously classified error instance is suppressed once",
    "Blocked website does not invoke AI",
    "Network failures remain 503",
    "Manual description completes analysis with no website request",
    "Normal URL analysis remains functional",
    "Unreadable text offers recoverable input",
    "Thirty isolated instances allow only one concurrent analysis",
    "Pre-AI source failure refunds and releases immediately",
    "FREE daily analysis attempts stop at twenty",
    "PRO daily analysis attempts stop at 160",
    "Daily budget resets at JST midnight",
    "Expired worker cannot release or refund newer lease",
    "Post-AI failures retain paid attempt count",
    "Uncertain release keeps reservation until lease expiry",
    "Unavailable DB rejects analysis reservation",
    "Analysis budget requires authenticated user identity",
    "Daily changes reuse one bounded row per user",
    "Unauthenticated request remains 401",
    "Credentials, object URL, null, overlong URL and invalid manual input rejected before budget or AI",
    "Whole JSON body rejected at 64 KiB before budget or AI",
    "Busy, daily limit and DB outage block AI with the correct plan action",
    "404 returns manual recovery without an operational alert",
    "Timeout remains an error and permits manual recovery",
    "AI exceptions remain errors without leaking details to client",
    "Manual recovery returns saved brand and concepts",
    "Copy failure retains attempt and keeps raw details out of logs",
    "Persistence failure still releases lease without refund"
  ]
}
PASS blocks 127.0.0.1
PASS blocks 10.1.2.3
PASS blocks 172.31.255.255
PASS blocks 192.168.1.1
PASS blocks 169.254.169.254
PASS blocks 100.100.100.200
PASS blocks 0.1.2.3
PASS blocks 224.0.0.1
PASS blocks 255.255.255.255
PASS blocks 192.0.0.1
PASS blocks 192.0.2.1
PASS blocks 198.18.0.1
PASS blocks 198.51.100.1
PASS blocks 203.0.113.1
PASS blocks ::1
PASS blocks 0:0:0:0:0:0:0:1
PASS blocks ::
PASS blocks ::ffff:127.0.0.1
PASS blocks 0:0:0:0:0:ffff:7f00:1
PASS blocks ::ffff:7f00:1
PASS blocks ::ffff:169.254.169.254
PASS blocks fc00::1
PASS blocks fd00::1
PASS blocks fe80::1
PASS blocks febf::1
PASS blocks fec0::1
PASS blocks ff02::1
PASS blocks ::127.0.0.1
PASS blocks 64:ff9b::7f00:1
PASS blocks 2002:7f00:1::
PASS blocks 2001::1
PASS blocks 2001:db8::1
PASS blocks 3fff::1
PASS blocks garbage
PASS blocks fe80::1%eth0
PASS permits public 93.184.216.34
PASS permits public 8.8.8.8
PASS permits public 1.1.1.1
PASS permits public 2606:4700:4700::1111
PASS permits public 2001:4860:4860::8888
PASS permits public ::ffff:808:808
PASS rejects URL http://127.1
PASS rejects URL http://2130706433
PASS rejects URL http://0177.0.0.1
PASS rejects URL http://0x7f000001
PASS rejects URL http://[0:0:0:0:0:ffff:7f00:1]
PASS rejects URL http://localhost.
PASS rejects URL http://metadata.google.internal.
PASS rejects URL http://credentials@example.test
PASS rejects URL file:///etc/passwd
PASS rejects URL javascript:alert(1)
PASS mixed public/private DNS refuses all requests
PASS invalid DNS answer fails closed
PASS pins all/single lookup variants and preserves TLS hostname
PASS public IPv6 literal supported without DNS
PASS redirect to private IP rejected before second fetch
PASS relative public redirect revalidates and cleans both hops
PASS redirect limit bounded and each body cancelled
PASS header content length rejected before reading body
PASS chunked decompressed bytes enforce limit and cancel
PASS UTF8 byte cap and split character decode
PASS DNS timeout includes lookup and never connects later
PASS response stall times out and destroys agent
PASS redirects share one total timeout budget
PASS cancel unread http response
PASS cancel unread content_type response
PASS explicit CSS accept retained
PASS network failure returns null and cleans agent
PASS diagnostic callback exceptions are swallowed
PASS body stream errors clean agent
PASS header wait abort preserves null contract
PASS DNS failures classified without hostname
PASS credential redirect blocked before next connection
PASS binary resource preserves bytes and final URL
PASS explicit image transfer allows 9 MiB but keeps the 16 MiB ceiling
PASS shared byte callback stops and cancels resource
PASS parent abort ends stalled body and cleans agent
PASS already aborted parent never opens a connection
PASS HEAD headers-only cancels oversized endless body
PASS GET headers-only cancels oversized endless body
PASS HEAD private redirect remains blocked
{"passed":81,"failed":0,"networkRequests":0,"scope":"mock DNS, dispatcher and HTTP streams; no production requests"}
PASS archive and empty project both appear in one valid ZIP
PASS unauthenticated export rejected before data access
PASS all-project ZIP pages beyond the first hundred projects
PASS stream data failure rejects the downloaded response
PASS settings never claims success for failed or malformed downloads
PASS website fetch delegated to safeFetchText
PASS fetch failure stops before AI call
PASS prefetched HTML skips website network path
PASS error log contains fixed label only
PASS multiple companies retain successful map and progress
{"passed":5,"failed":0,"networkRequests":0,"paidApiRequests":0}
PASS shared resource final URL and content retained
PASS shared transport denial throws fixed message
PASS binary content rejected
PASS text output remains bounded
{"passed":4,"failed":0,"networkRequests":0}
PASS meta requires login before input read/network/model
PASS parse requires login before input read/network/model
PASS meta limits concurrency to five and retains ordering
PASS meta rejects more than thirty before fetch
PASS meta safe-fetch denial produces failed item
PASS parse safe-fetch denial prevents model call
PASS parse successful URL retains title and model extraction
PASS parse pasted text bypasses network
PASS meta unexpected exception does not echo internal detail
PASS parse unexpected exception does not echo internal detail
{"passed":10,"failed":0,"networkRequests":0,"modelRequests":0}
PASS disables JS and bypasses service workers before interception
PASS scripts XHR workers file and POST are aborted without transport
PASS public static resource is proxied with CSP and shared limits
PASS blocked target from safe transport is aborted
PASS redirect final URL is re-entered via intercepted navigation
PASS outbound concurrency never exceeds six
PASS request count capped at eighty
PASS decompressed total bytes capped across resources
PASS session deadline stops future loads
{"passed":9,"failed":0,"productionRequests":0,"paidApiRequests":0}
PASS anonymous request rejected before body and network
PASS shared transport denial stops generation http://[::1]/
PASS shared transport denial stops generation http://[::ffff:7f00:1]/
PASS shared transport denial stops generation http://127.0.0.2/
PASS shared transport denial stops generation http://localhost./
PASS shared transport denial stops generation https://rebind.example.test/
PASS unsafe browser continuations absent from route
{"passed":7,"failed":0,"networkRequests":0,"modelRequests":0}
PASS cached image never returned to another logged-in user
PASS deleted image cannot be retrieved from warm cache
PASS expired history cannot be retrieved from warm cache
PASS owner receives cache hit only after renewed ownership check
PASS conditional cache hit also checks ownership and existence
PASS anonymous caller rejected before DB or cache
{"passed":6,"failed":0,"networkRequests":0,"databaseRequests":0}
PASS public gallery does not delete private or older banner history
PASS paid history can read a saved image older than 90 days
PASS free seven-day view does not destroy older paid history
PASS older image remains available after returning to a paid plan
PASS all saved batches stay reachable across pages, including a split batch
PASS foreign and malformed cursors are rejected before reading images
PASS a stale paid session cannot unlock history after a database downgrade
PASS a paid account without a service row keeps its paid history entitlement
PASS free banner history excludes images older than seven days
PASS free banner history still permits recent owned images
PASS paid banner history keeps older owned images, never foreign images
PASS paid account keeps old images when banner service row is stale
PASS anonymous image access is rejected
PASS legacy batch lookup reaches matching images after more than 20 unrelated images in one minute
PASS legacy batch deletion removes every matching owned image and no unrelated image
PASS a mixed modern and legacy batch ID returns and removes both groups
PASS legacy parser accepts a pipe in the keyword and rejects invalid minutes
PASS weekly banner chart uses the latest seven Japan calendar days, including zero days
PASS BannerHistoryPage cache is scoped to its authenticated owner
PASS StatsPage cache is scoped to its authenticated owner
{"offline":true,"db":"mock only; conditional SQL asserted, no production DB writes","slack":"mock only","passed":55,"results":[{"name":"null","pass":true},{"name":"array","pass":true},{"name":"primitive","pass":true},{"name":"invalid","pass":true},{"name":"ascii-limit","pass":true},{"name":"byte-limit","pass":true},{"name":"valid JSON","pass":true},{"name":"declared oversize","pass":true},{"name":"chunked body cancelled at byte limit","pass":true},{"name":"30 isolated instances share one atomic claim (mock DB)","pass":true},{"name":"local throttle avoids repeated DB access","pass":true},{"name":"native budget isolated","pass":true},{"name":"error kinds isolated","pass":true},{"name":"dynamic DB keys rejected","pass":true},{"name":"expiry permits next claim","pass":true},{"name":"DB outage fails closed with local backoff","pass":true},{"name":"preview neither sends nor consumes production DB budget","pass":true},{"name":"missing auth","pass":true},{"name":"foreign origin","pass":true},{"name":"cross-site metadata","pass":true},{"name":"invalid input","pass":true},{"name":"object kind","pass":true},{"name":"valid anonymous","pass":true},{"name":"valid native","pass":true},{"name":"valid heisha","pass":true},{"name":"only validated fixed labels reach low-trust reporting","pass":true},{"name":"shared limit returns 429","pass":true},{"name":"unavailable limiter returns 503","pass":true},{"name":"node deprecation","pass":true},{"name":"plain deprecation","pass":true},{"name":"error deprecation","pass":true},{"name":"real error","pass":true},{"name":"zero arguments","pass":true},{"name":"empty values","pass":true},{"name":"empty Error is still an error","pass":true},{"name":"object is still reported","pass":true},{"name":"custom Error name redacted","pass":true},{"name":"warning with separate error","pass":true},{"name":"mention within error","pass":true},{"name":"next-auth family","pass":true},{"name":"Runtime source skips virtual frames and retains only bounded static file locations","pass":true},{"name":"Deduped client report includes matching incident ID and validated deployment","pass":true},{"name":"Malformed deployment metadata never enters diagnostics or Slack","pass":true},{"name":"Missing webhook does not produce delivery diagnostics","pass":true},{"name":"Delivery failure permits retry with a distinct incident ID","pass":true},{"name":"Occurrence time stays fixed while webhook discovery is delayed","pass":true},{"name":"Empty internal callback preserves original log without sending an unknown-source alert","pass":true},{"name":"30 server instances share one atomic alert claim","pass":true},{"name":"API and burst alerts have separate shared claims across 30 instances","pass":true},{"name":"malformed server fingerprint rejected","pass":true},{"name":"expiry and exact-claim release protect a newer alert","pass":true},{"name":"server throttle outage does not leak DB error","pass":true},{"name":"generic source burst is one private-safe alert and one DB key across 11 instances","pass":true},{"name":"operations null and null link reject without writes","pass":true},{"name":"authorized valid configuration retained","pass":true}]}
PASS sfa explicit foreign or inactive org never falls back
PASS sfa own org and implicit default retained
PASS sfa unauthenticated requests avoid membership queries
PASS shodan explicit foreign or inactive org never falls back
PASS shodan own org and implicit default retained
PASS shodan unauthenticated requests avoid membership queries
PASS aio explicit foreign or inactive org never falls back
PASS aio own org and implicit default retained
PASS aio unauthenticated requests avoid membership queries
PASS mensetsu explicit foreign or inactive org never falls back
PASS mensetsu own org and implicit default retained
PASS mensetsu unauthenticated requests avoid membership queries
PASS quote explicit foreign or inactive org never falls back
PASS quote own org and implicit default retained
PASS quote unauthenticated requests avoid membership queries
PASS aishodan explicit foreign or inactive org never falls back
PASS aishodan own org and implicit default retained
PASS aishodan unauthenticated requests avoid membership queries
{
  "passed": 18,
  "networkRequests": 0,
  "productionWrites": 0,
  "results": [
    "sfa explicit foreign or inactive org never falls back",
    "sfa own org and implicit default retained",
    "sfa unauthenticated requests avoid membership queries",
    "shodan explicit foreign or inactive org never falls back",
    "shodan own org and implicit default retained",
    "shodan unauthenticated requests avoid membership queries",
    "aio explicit foreign or inactive org never falls back",
    "aio own org and implicit default retained",
    "aio unauthenticated requests avoid membership queries",
    "mensetsu explicit foreign or inactive org never falls back",
    "mensetsu own org and implicit default retained",
    "mensetsu unauthenticated requests avoid membership queries",
    "quote explicit foreign or inactive org never falls back",
    "quote own org and implicit default retained",
    "quote unauthenticated requests avoid membership queries",
    "aishodan explicit foreign or inactive org never falls back",
    "aishodan own org and implicit default retained",
    "aishodan unauthenticated requests avoid membership queries"
  ]
}
PASS malformed manual grants cannot silently become an empty exemption list
PASS unified billing covers every service and retains usage
PASS billing seo failure rolls back all changes
PASS billing hr failure rolls back all changes
PASS billing grants failure rolls back all changes
PASS notification enqueue failure rolls back paid entitlement
PASS serialization conflict retries bounded transaction
PASS manual grant preserved for sync and cancellation; explicit admin may downgrade
PASS BUNDLE retained globally and mapped to PRO for services
PASS LIGHT maps to HR STARTER and invalid tier rejects before transaction
PASS subscription notice uses verified plan and status without inventing payment or trial duration
PASS shared Stripe classifier rejects foreign metadata and preserves legacy Doya prices
PASS checkout own active contract syncs all services
PASS checkout sync preserves a higher live contract on another customer
PASS checkout sync ignores a candidate canceled after discovery
PASS checkout sync rejects a foreign higher contract before writes
PASS checkout sync accepts verified new contract before list catches up
PASS checkout sync discovery outage never writes a lower plan
PASS sync queues actual LIGHT trial without a fixed 30-day promise
PASS sync/latest queues actual LIGHT trial without a fixed 30-day promise
PASS sync registers only one notification per paid transition
PASS sync delivery outage leaves durable pending notification
PASS sync delivery claim outage does not undo paid entitlement
PASS sync/latest registers only one notification per paid transition
PASS sync/latest delivery outage leaves durable pending notification
PASS sync/latest delivery claim outage does not undo paid entitlement
PASS checkout canceled cannot regrant paid access
PASS checkout unpaid cannot regrant paid access
PASS checkout incomplete cannot regrant paid access
PASS checkout incomplete_expired cannot regrant paid access
PASS checkout paused cannot regrant paid access
PASS checkout trialing keeps supported entitlement
PASS checkout past_due keeps supported entitlement
PASS incomplete checkout blocked before writes
PASS foreign checkout client_reference_id denied
PASS foreign checkout customer_email denied
PASS legacy checkout requires verified customer email
PASS foreign subscription customer denied
PASS foreign subscription cannot grant access through checkout sync
PASS foreign subscription cannot grant access through latest sync
PASS sync requires authentication
PASS sync failed service write returns error and retains prior plan
PASS sync manual enterprise entitlement survives
PASS sync/latest requires authentication
PASS sync/latest failed service write returns error and retains prior plan
PASS sync/latest manual enterprise entitlement survives
PASS customer.subscription.created uses current Stripe plan instead of delayed event snapshot
PASS customer.subscription.updated uses current Stripe plan instead of delayed event snapshot
PASS lower-tier update cannot replace another current higher-tier subscription
PASS new subscription can sync before Stripe list includes it
PASS customer.subscription.created cannot restore canceled access from delayed active snapshot
PASS customer.subscription.updated cannot restore canceled access from delayed active snapshot
PASS subscription current-state lookup outage retries without changing entitlements
PASS webhook processed receipt does not reprocess billing
PASS webhook inflight receipt does not reprocess billing
PASS deleted webhook confirmed cancellation clears every service
PASS deleted webhook lookup failure preserves rights and requests retry
PASS webhook failed service sync returns 500 for retry
PASS customer.subscription.created unresolved Doya user requests Stripe retry
PASS customer.subscription.updated unresolved Doya user requests Stripe retry
PASS customer.subscription.deleted unresolved Doya user requests Stripe retry
PASS explicit missing userId cannot fall back to another customer or email owner
PASS legacy subscription without userId can resolve verified customer email
PASS Stripe customer lookup outage requests retry
PASS known Doya price still requests retry when plan metadata is corrupt
PASS unrelated subscription is acknowledged without Doya changes
PASS foreign subscription with userId and arbitrary paid plan is ignored
PASS foreign checkout with client reference cannot modify Doya user
PASS Doya checkout syncs after customer and user identity validation
PASS delayed checkout webhook preserves the higher live contract
PASS Doya checkout identity mismatch requests retry without writes
PASS Doya checkout without user identity requests retry
PASS invoice.payment_succeeded Doya invoice notifies
PASS invoice.payment_succeeded other app invoice does not notify
PASS invoice.payment_failed Doya invoice notifies
PASS invoice.payment_failed other app invoice does not notify
PASS foreign invoice app marker overrides a shared Doya price
PASS Doya invoice without line price resolves subscription metadata
PASS invoice classification outage requests retry without false notification
PASS notification queue failure requests Stripe retry before receipt completion
PASS queued notification delivery outage keeps Stripe receipt processed
{
  "passed": 81,
  "allServices": 31,
  "networkRequests": 0,
  "productionWrites": 0,
  "results": [
    "malformed manual grants cannot silently become an empty exemption list",
    "unified billing covers every service and retains usage",
    "billing seo failure rolls back all changes",
    "billing hr failure rolls back all changes",
    "billing grants failure rolls back all changes",
    "notification enqueue failure rolls back paid entitlement",
    "serialization conflict retries bounded transaction",
    "manual grant preserved for sync and cancellation; explicit admin may downgrade",
    "BUNDLE retained globally and mapped to PRO for services",
    "LIGHT maps to HR STARTER and invalid tier rejects before transaction",
    "subscription notice uses verified plan and status without inventing payment or trial duration",
    "shared Stripe classifier rejects foreign metadata and preserves legacy Doya prices",
    "checkout own active contract syncs all services",
    "checkout sync preserves a higher live contract on another customer",
    "checkout sync ignores a candidate canceled after discovery",
    "checkout sync rejects a foreign higher contract before writes",
    "checkout sync accepts verified new contract before list catches up",
    "checkout sync discovery outage never writes a lower plan",
    "sync queues actual LIGHT trial without a fixed 30-day promise",
    "sync/latest queues actual LIGHT trial without a fixed 30-day promise",
    "sync registers only one notification per paid transition",
    "sync delivery outage leaves durable pending notification",
    "sync delivery claim outage does not undo paid entitlement",
    "sync/latest registers only one notification per paid transition",
    "sync/latest delivery outage leaves durable pending notification",
    "sync/latest delivery claim outage does not undo paid entitlement",
    "checkout canceled cannot regrant paid access",
    "checkout unpaid cannot regrant paid access",
    "checkout incomplete cannot regrant paid access",
    "checkout incomplete_expired cannot regrant paid access",
    "checkout paused cannot regrant paid access",
    "checkout trialing keeps supported entitlement",
    "checkout past_due keeps supported entitlement",
    "incomplete checkout blocked before writes",
    "foreign checkout client_reference_id denied",
    "foreign checkout customer_email denied",
    "legacy checkout requires verified customer email",
    "foreign subscription customer denied",
    "foreign subscription cannot grant access through checkout sync",
    "foreign subscription cannot grant access through latest sync",
    "sync requires authentication",
    "sync failed service write returns error and retains prior plan",
    "sync manual enterprise entitlement survives",
    "sync/latest requires authentication",
    "sync/latest failed service write returns error and retains prior plan",
    "sync/latest manual enterprise entitlement survives",
    "customer.subscription.created uses current Stripe plan instead of delayed event snapshot",
    "customer.subscription.updated uses current Stripe plan instead of delayed event snapshot",
    "lower-tier update cannot replace another current higher-tier subscription",
    "new subscription can sync before Stripe list includes it",
    "customer.subscription.created cannot restore canceled access from delayed active snapshot",
    "customer.subscription.updated cannot restore canceled access from delayed active snapshot",
    "subscription current-state lookup outage retries without changing entitlements",
    "webhook processed receipt does not reprocess billing",
    "webhook inflight receipt does not reprocess billing",
    "deleted webhook confirmed cancellation clears every service",
    "deleted webhook lookup failure preserves rights and requests retry",
    "webhook failed service sync returns 500 for retry",
    "customer.subscription.created unresolved Doya user requests Stripe retry",
    "customer.subscription.updated unresolved Doya user requests Stripe retry",
    "customer.subscription.deleted unresolved Doya user requests Stripe retry",
    "explicit missing userId cannot fall back to another customer or email owner",
    "legacy subscription without userId can resolve verified customer email",
    "Stripe customer lookup outage requests retry",
    "known Doya price still requests retry when plan metadata is corrupt",
    "unrelated subscription is acknowledged without Doya changes",
    "foreign subscription with userId and arbitrary paid plan is ignored",
    "foreign checkout with client reference cannot modify Doya user",
    "Doya checkout syncs after customer and user identity validation",
    "delayed checkout webhook preserves the higher live contract",
    "Doya checkout identity mismatch requests retry without writes",
    "Doya checkout without user identity requests retry",
    "invoice.payment_succeeded Doya invoice notifies",
    "invoice.payment_succeeded other app invoice does not notify",
    "invoice.payment_failed Doya invoice notifies",
    "invoice.payment_failed other app invoice does not notify",
    "foreign invoice app marker overrides a shared Doya price",
    "Doya invoice without line price resolves subscription metadata",
    "invoice classification outage requests retry without false notification",
    "notification queue failure requests Stripe retry before receipt completion",
    "queued notification delivery outage keeps Stripe receipt processed"
  ]
}
PASS hr POST rejects {"parentId":"foreign"}
PASS hr POST rejects {"managerId":"foreign-manager"}
PASS hr POST rejects {"parentId":"loop"}
PASS hr POST accepts same-organization links and clears nullable links
PASS hr PATCH rejects {"parentId":"foreign"}
PASS hr PATCH rejects {"managerId":"foreign-manager"}
PASS hr PATCH rejects {"parentId":"loop"}
PASS hr PATCH rejects {"parentId":"child"}
PASS hr PATCH rejects {"parentId":"own"}
PASS hr PATCH accepts same-organization links and clears nullable links
PASS kintai POST rejects {"parentId":"foreign"}
PASS kintai POST rejects {"managerId":"foreign-manager"}
PASS kintai POST rejects {"parentId":"loop"}
PASS kintai POST accepts same-organization links and clears nullable links
PASS kintai PATCH rejects {"parentId":"foreign"}
PASS kintai PATCH rejects {"managerId":"foreign-manager"}
PASS kintai PATCH rejects {"parentId":"loop"}
PASS kintai PATCH rejects {"parentId":"child"}
PASS kintai PATCH rejects {"parentId":"own"}
PASS kintai PATCH accepts same-organization links and clears nullable links
PASS HR evaluation POST rejects foreign evaluator without writes
PASS HR evaluation POST retains valid and unassigned evaluator
PASS HR evaluation PATCH rejects foreign evaluator without writes
PASS HR evaluation PATCH retains valid and unassigned evaluator
PASS Promane rejects task create foreign assignee
PASS Promane rejects task create inactive assignee
PASS Promane rejects task create foreign parent
PASS Promane rejects task update foreign assignee
PASS Promane rejects project create foreign client
PASS Promane rejects project update foreign client
PASS Promane preserves valid task/project creation, assignment and nullable clearing
PASS AdImage foreign creative rejected before storage, AI and writes
PASS AdImage same-concept creative remains accepted
{
  "passed": 33,
  "networkRequests": 0,
  "paidApiRequests": 0,
  "results": [
    "hr POST rejects {\"parentId\":\"foreign\"}",
    "hr POST rejects {\"managerId\":\"foreign-manager\"}",
    "hr POST rejects {\"parentId\":\"loop\"}",
    "hr POST accepts same-organization links and clears nullable links",
    "hr PATCH rejects {\"parentId\":\"foreign\"}",
    "hr PATCH rejects {\"managerId\":\"foreign-manager\"}",
    "hr PATCH rejects {\"parentId\":\"loop\"}",
    "hr PATCH rejects {\"parentId\":\"child\"}",
    "hr PATCH rejects {\"parentId\":\"own\"}",
    "hr PATCH accepts same-organization links and clears nullable links",
    "kintai POST rejects {\"parentId\":\"foreign\"}",
    "kintai POST rejects {\"managerId\":\"foreign-manager\"}",
    "kintai POST rejects {\"parentId\":\"loop\"}",
    "kintai POST accepts same-organization links and clears nullable links",
    "kintai PATCH rejects {\"parentId\":\"foreign\"}",
    "kintai PATCH rejects {\"managerId\":\"foreign-manager\"}",
    "kintai PATCH rejects {\"parentId\":\"loop\"}",
    "kintai PATCH rejects {\"parentId\":\"child\"}",
    "kintai PATCH rejects {\"parentId\":\"own\"}",
    "kintai PATCH accepts same-organization links and clears nullable links",
    "HR evaluation POST rejects foreign evaluator without writes",
    "HR evaluation POST retains valid and unassigned evaluator",
    "HR evaluation PATCH rejects foreign evaluator without writes",
    "HR evaluation PATCH retains valid and unassigned evaluator",
    "Promane rejects task create foreign assignee",
    "Promane rejects task create inactive assignee",
    "Promane rejects task create foreign parent",
    "Promane rejects task update foreign assignee",
    "Promane rejects project create foreign client",
    "Promane rejects project update foreign client",
    "Promane preserves valid task/project creation, assignment and nullable clearing",
    "AdImage foreign creative rejected before storage, AI and writes",
    "AdImage same-concept creative remains accepted"
  ]
}
PASS admin plan update delegates to unified atomic sync
PASS legacy servicePlan admin request uses unified sync
PASS admin rejects invalid/conflicting plans and invalid roles without sync
PASS unauthorized admin cannot change plans
PASS banner monthly reset updates the counter used by generation
PASS shared reset timestamp clears stale daily counter
PASS shared reset timestamp clears stale monthly counter
PASS Stripe cancellation failure preserves user and all DB records
PASS admin deletion stops every active subscription before DB transaction
PASS admin deletion refuses changed foreign owner before Stripe cancellation
{
  "passed": 10,
  "networkRequests": 0,
  "productionWrites": 0,
  "results": [
    "admin plan update delegates to unified atomic sync",
    "legacy servicePlan admin request uses unified sync",
    "admin rejects invalid/conflicting plans and invalid roles without sync",
    "unauthorized admin cannot change plans",
    "banner monthly reset updates the counter used by generation",
    "shared reset timestamp clears stale daily counter",
    "shared reset timestamp clears stale monthly counter",
    "Stripe cancellation failure preserves user and all DB records",
    "admin deletion stops every active subscription before DB transaction",
    "admin deletion refuses changed foreign owner before Stripe cancellation"
  ]
}
PASS src/app/api/seo/articles/route.ts PATCH rejects absent/forged/expired admin sessions before any DB operation
PASS src/app/api/seo/articles/route.ts PATCH user email allowlist is not an admin session
PASS src/app/api/seo/articles/route.ts PATCH valid admin can preview or execute
PASS src/app/api/seo/articles/route.ts PATCH auth and DB errors fail closed without detail disclosure
PASS src/app/api/seo/migrate-prompts/route.ts GET rejects absent/forged/expired admin sessions before any DB operation
PASS src/app/api/seo/migrate-prompts/route.ts GET user email allowlist is not an admin session
PASS src/app/api/seo/migrate-prompts/route.ts GET valid admin can preview or execute
PASS src/app/api/seo/migrate-prompts/route.ts GET auth and DB errors fail closed without detail disclosure
PASS src/app/api/seo/migrate-prompts/route.ts POST rejects absent/forged/expired admin sessions before any DB operation
PASS src/app/api/seo/migrate-prompts/route.ts POST user email allowlist is not an admin session
PASS src/app/api/seo/migrate-prompts/route.ts POST valid admin can preview or execute
PASS src/app/api/seo/migrate-prompts/route.ts POST auth and DB errors fail closed without detail disclosure
PASS src/app/api/admin/migrate-banner-prompts/route.ts GET rejects absent/forged/expired admin sessions before any DB operation
PASS src/app/api/admin/migrate-banner-prompts/route.ts GET user email allowlist is not an admin session
PASS src/app/api/admin/migrate-banner-prompts/route.ts GET valid admin can preview or execute
PASS src/app/api/admin/migrate-banner-prompts/route.ts GET auth and DB errors fail closed without detail disclosure
PASS src/app/api/admin/migrate-banner-prompts/route.ts POST rejects absent/forged/expired admin sessions before any DB operation
PASS src/app/api/admin/migrate-banner-prompts/route.ts POST user email allowlist is not an admin session
PASS src/app/api/admin/migrate-banner-prompts/route.ts POST valid admin can preview or execute
PASS src/app/api/admin/migrate-banner-prompts/route.ts POST auth and DB errors fail closed without detail disclosure
{
  "passed": 20,
  "productionRequests": 0,
  "productionWrites": 0,
  "results": [
    "src/app/api/seo/articles/route.ts PATCH rejects absent/forged/expired admin sessions before any DB operation",
    "src/app/api/seo/articles/route.ts PATCH user email allowlist is not an admin session",
    "src/app/api/seo/articles/route.ts PATCH valid admin can preview or execute",
    "src/app/api/seo/articles/route.ts PATCH auth and DB errors fail closed without detail disclosure",
    "src/app/api/seo/migrate-prompts/route.ts GET rejects absent/forged/expired admin sessions before any DB operation",
    "src/app/api/seo/migrate-prompts/route.ts GET user email allowlist is not an admin session",
    "src/app/api/seo/migrate-prompts/route.ts GET valid admin can preview or execute",
    "src/app/api/seo/migrate-prompts/route.ts GET auth and DB errors fail closed without detail disclosure",
    "src/app/api/seo/migrate-prompts/route.ts POST rejects absent/forged/expired admin sessions before any DB operation",
    "src/app/api/seo/migrate-prompts/route.ts POST user email allowlist is not an admin session",
    "src/app/api/seo/migrate-prompts/route.ts POST valid admin can preview or execute",
    "src/app/api/seo/migrate-prompts/route.ts POST auth and DB errors fail closed without detail disclosure",
    "src/app/api/admin/migrate-banner-prompts/route.ts GET rejects absent/forged/expired admin sessions before any DB operation",
    "src/app/api/admin/migrate-banner-prompts/route.ts GET user email allowlist is not an admin session",
    "src/app/api/admin/migrate-banner-prompts/route.ts GET valid admin can preview or execute",
    "src/app/api/admin/migrate-banner-prompts/route.ts GET auth and DB errors fail closed without detail disclosure",
    "src/app/api/admin/migrate-banner-prompts/route.ts POST rejects absent/forged/expired admin sessions before any DB operation",
    "src/app/api/admin/migrate-banner-prompts/route.ts POST user email allowlist is not an admin session",
    "src/app/api/admin/migrate-banner-prompts/route.ts POST valid admin can preview or execute",
    "src/app/api/admin/migrate-banner-prompts/route.ts POST auth and DB errors fail closed without detail disclosure"
  ]
}
PASS retired migration HTTP endpoint cannot run commands or read DB/configuration
PASS retired script fails explicitly for local, Vercel and skip settings without starting Prisma
PASS package install/build hooks cannot reintroduce implicit schema synchronization
{
  "passed": 3,
  "productionRequests": 0,
  "results": [
    "retired migration HTTP endpoint cannot run commands or read DB/configuration",
    "retired script fails explicitly for local, Vercel and skip settings without starting Prisma",
    "package install/build hooks cannot reintroduce implicit schema synchronization"
  ]
}
PASS all retired slide APIs return 410 before AI generation or external sharing
PASS all generated SEO columns pass with SELECT only
PASS missing required execution or article columns fail readiness
PASS concurrent requests share read, success expires, failed checks retry without leaking details
{
  "passed": 3,
  "results": [
    "all generated SEO columns pass with SELECT only",
    "missing required execution or article columns fail readiness",
    "concurrent requests share read, success expires, failed checks retry without leaking details"
  ]
}
PASS cunning foreign read and delete blocked without leaking payload
PASS cunning unauthenticated read blocked before DB
PASS cunning own resource read retained
PASS doyalist foreign read and delete blocked without leaking payload
PASS doyalist unauthenticated read blocked before DB
PASS doyalist own resource read retained
PASS doyaslide foreign read and delete blocked without leaking payload
PASS doyaslide unauthenticated read blocked before DB
PASS doyaslide own resource read retained
PASS interview owner/guest boundaries include no-identity rejection
PASS SEO foreign owner denied; own owner and own guest retained
{
  "passed": 11,
  "networkRequests": 0,
  "productionWrites": 0,
  "results": [
    "cunning foreign read and delete blocked without leaking payload",
    "cunning unauthenticated read blocked before DB",
    "cunning own resource read retained",
    "doyalist foreign read and delete blocked without leaking payload",
    "doyalist unauthenticated read blocked before DB",
    "doyalist own resource read retained",
    "doyaslide foreign read and delete blocked without leaking payload",
    "doyaslide unauthenticated read blocked before DB",
    "doyaslide own resource read retained",
    "interview owner/guest boundaries include no-identity rejection",
    "SEO foreign owner denied; own owner and own guest retained"
  ]
}
PASS banner current-month usage comes from authenticated subscription
PASS banner summary uses highest account or service grant
PASS banner expired month reports zero without a DB write
PASS banner missing subscription shows zero with existing user plan
PASS banner DB failure is unknown usage rather than a fresh allowance
PASS banner unauthenticated request returns no account usage
PASS retired free-hour offer remains disabled
{
  "passed": 7,
  "networkRequests": 0,
  "productionWrites": 0,
  "results": [
    "banner current-month usage comes from authenticated subscription",
    "banner summary uses highest account or service grant",
    "banner expired month reports zero without a DB write",
    "banner missing subscription shows zero with existing user plan",
    "banner DB failure is unknown usage rather than a fresh allowance",
    "banner unauthenticated request returns no account usage",
    "retired free-hour offer remains disabled"
  ]
}
PASS kantan has a real pricing destination and quota path
PASS banner has a real pricing destination and quota path
PASS logo has a real pricing destination and quota path
PASS seo has a real pricing destination and quota path
PASS interview has a real pricing destination and quota path
PASS shindan has a real pricing destination and quota path
PASS persona has a real pricing destination and quota path
PASS lp has a real pricing destination and quota path
PASS video has a real pricing destination and quota path
PASS tenkai has a real pricing destination and quota path
PASS copy has a real pricing destination and quota path
PASS opening has a real pricing destination and quota path
PASS voice has a real pricing destination and quota path
PASS presentation has a real pricing destination and quota path
PASS interviewx has a real pricing destination and quota path
PASS movie has a real pricing destination and quota path
PASS adsim has a real pricing destination and quota path
PASS hr has a real pricing destination and quota path
PASS kintai has a real pricing destination and quota path
PASS doyalist has a real pricing destination and quota path
PASS doyaslide has a real pricing destination and quota path
PASS cunning has a real pricing destination and quota path
PASS promane has a real pricing destination and quota path
PASS sfa has a real pricing destination and quota path
PASS shodan has a real pricing destination and quota path
PASS aio has a real pricing destination and quota path
PASS adbanner has a real pricing destination and quota path
PASS mensetsu has a real pricing destination and quota path
PASS quote has a real pricing destination and quota path
PASS aishodan has a real pricing destination and quota path
PASS adimage has a real pricing destination and quota path
PASS cunning actual quota wording: ナレッジベースは3個までです。プロにアッ
PASS doyalist actual quota wording: 現在のプランでは企業生成を利用できません
PASS interview actual quota wording: ゲストユーザーは合計5分までの文字起こし
PASS seo actual quota wording: 無料プランでは3000字までの記事を作成
PASS tenkai actual quota wording: APIアクセスはPro以上のプランで利用
PASS tenkai actual quota wording: 現在のプランでは最大3プラットフォームま
PASS voice actual quota wording: クラウド録音は上位プランが必要です
PASS voice actual quota wording: このスピーカーは上位プラン限定です
PASS banner actual quota wording: 今月の生成上限に達しました。
PASS persona actual quota wording: 本日の生成上限（3回）に達しました
PASS seo actual quota wording: ゲストは1回まで作成できます。ログインす
PASS seo actual quota wording: 今月の生成回数の上限に達しました（3回/
PASS adimage actual quota wording: プロプランは月150枚までです（今月15
PASS adimage actual quota wording: 無料プランは1日5枚までです（本日5枚）
PASS hr actual quota wording: AI機能の月間利用回数（50回）に達して
PASS doyalist actual quota wording: 現在のプランではプロジェクトを作成できま
PASS doyalist actual quota wording: 月間上限（100社）を超えます。残り5社
PASS cunning actual quota wording: 今月の利用時間の上限（30分）に達しまし
PASS doyaslide actual quota wording: 今月の生成枚数の上限（10枚）に達しまし
PASS quote actual quota wording: 無料プランでご利用いただける上限（3件）
PASS mensetsu actual quota wording: 今月の上限（30件）に達しました。来月1
PASS movie actual quota wording: 利用上限に達しました
PASS kintai actual quota wording: 従業員数が上限（10名）に達しています。
PASS shodan actual quota wording: 提案資料の生成はプロプランの機能です。プ
PASS interview actual quota wording: 今月の作成上限に達しました。
PASS billing-independent workspace cap offers cleanup
PASS AIO organization quota sends members to the owner
PASS Promane workspace quota sends invited members to the owner
PASS Quote, Mensetsu and Aishodan organization quotas send members to the owner
PASS public participant is directed to contract owner
PASS HR organization allowance directs owner to organization billing and member to owner
PASS SFA organization allowance directs members to owner and owner to plan
PASS Shodan organization members cannot buy an ineffective personal upgrade
PASS server quota action wins over LIGHT tier guesses without exposing arbitrary URLs
PASS Kintai employee cap directs non-contract admins to the owner
PASS Cunning pricing period agrees with the server monthly quota
PASS non-billing error stays non-billing: リクエストが多すぎます。しばら
PASS non-billing error stays non-billing: 現在の解析が完了してから、もう
PASS non-billing error stays non-billing: 接続の試行回数が上限に達しまし
PASS non-billing error stays non-billing: ファイルサイズが上限 (500
PASS non-billing error stays non-billing: アクセス権限がありません
PASS non-billing error stays non-billing: 今月の上限に達しました
PASS non-billing error stays non-billing: このサービスは提供を終了しまし
PASS non-billing error stays non-billing: APIの使用量制限に達しました
PASS provider safety ceilings do not show a paid upgrade
PASS interview upload quota keeps its own actionable error UI
PASS external APIs and successful JSON do not produce prompts; response bodies remain readable
PASS Request input and malformed/non-JSON errors retain original behavior
{
  "passed": 79,
  "results": [
    "kantan has a real pricing destination and quota path",
    "banner has a real pricing destination and quota path",
    "logo has a real pricing destination and quota path",
    "seo has a real pricing destination and quota path",
    "interview has a real pricing destination and quota path",
    "shindan has a real pricing destination and quota path",
    "persona has a real pricing destination and quota path",
    "lp has a real pricing destination and quota path",
    "video has a real pricing destination and quota path",
    "tenkai has a real pricing destination and quota path",
    "copy has a real pricing destination and quota path",
    "opening has a real pricing destination and quota path",
    "voice has a real pricing destination and quota path",
    "presentation has a real pricing destination and quota path",
    "interviewx has a real pricing destination and quota path",
    "movie has a real pricing destination and quota path",
    "adsim has a real pricing destination and quota path",
    "hr has a real pricing destination and quota path",
    "kintai has a real pricing destination and quota path",
    "doyalist has a real pricing destination and quota path",
    "doyaslide has a real pricing destination and quota path",
    "cunning has a real pricing destination and quota path",
    "promane has a real pricing destination and quota path",
    "sfa has a real pricing destination and quota path",
    "shodan has a real pricing destination and quota path",
    "aio has a real pricing destination and quota path",
    "adbanner has a real pricing destination and quota path",
    "mensetsu has a real pricing destination and quota path",
    "quote has a real pricing destination and quota path",
    "aishodan has a real pricing destination and quota path",
    "adimage has a real pricing destination and quota path",
    "cunning actual quota wording: ナレッジベースは3個までです。プロにアッ",
    "doyalist actual quota wording: 現在のプランでは企業生成を利用できません",
    "interview actual quota wording: ゲストユーザーは合計5分までの文字起こし",
    "seo actual quota wording: 無料プランでは3000字までの記事を作成",
    "tenkai actual quota wording: APIアクセスはPro以上のプランで利用",
    "tenkai actual quota wording: 現在のプランでは最大3プラットフォームま",
    "voice actual quota wording: クラウド録音は上位プランが必要です",
    "voice actual quota wording: このスピーカーは上位プラン限定です",
    "banner actual quota wording: 今月の生成上限に達しました。",
    "persona actual quota wording: 本日の生成上限（3回）に達しました",
    "seo actual quota wording: ゲストは1回まで作成できます。ログインす",
    "seo actual quota wording: 今月の生成回数の上限に達しました（3回/",
    "adimage actual quota wording: プロプランは月150枚までです（今月15",
    "adimage actual quota wording: 無料プランは1日5枚までです（本日5枚）",
    "hr actual quota wording: AI機能の月間利用回数（50回）に達して",
    "doyalist actual quota wording: 現在のプランではプロジェクトを作成できま",
    "doyalist actual quota wording: 月間上限（100社）を超えます。残り5社",
    "cunning actual quota wording: 今月の利用時間の上限（30分）に達しまし",
    "doyaslide actual quota wording: 今月の生成枚数の上限（10枚）に達しまし",
    "quote actual quota wording: 無料プランでご利用いただける上限（3件）",
    "mensetsu actual quota wording: 今月の上限（30件）に達しました。来月1",
    "movie actual quota wording: 利用上限に達しました",
    "kintai actual quota wording: 従業員数が上限（10名）に達しています。",
    "shodan actual quota wording: 提案資料の生成はプロプランの機能です。プ",
    "interview actual quota wording: 今月の作成上限に達しました。",
    "billing-independent workspace cap offers cleanup",
    "AIO organization quota sends members to the owner",
    "Promane workspace quota sends invited members to the owner",
    "Quote, Mensetsu and Aishodan organization quotas send members to the owner",
    "public participant is directed to contract owner",
    "HR organization allowance directs owner to organization billing and member to owner",
    "SFA organization allowance directs members to owner and owner to plan",
    "Shodan organization members cannot buy an ineffective personal upgrade",
    "server quota action wins over LIGHT tier guesses without exposing arbitrary URLs",
    "Kintai employee cap directs non-contract admins to the owner",
    "Cunning pricing period agrees with the server monthly quota",
    "non-billing error stays non-billing: リクエストが多すぎます。しばら",
    "non-billing error stays non-billing: 現在の解析が完了してから、もう",
    "non-billing error stays non-billing: 接続の試行回数が上限に達しまし",
    "non-billing error stays non-billing: ファイルサイズが上限 (500",
    "non-billing error stays non-billing: アクセス権限がありません",
    "non-billing error stays non-billing: 今月の上限に達しました",
    "non-billing error stays non-billing: このサービスは提供を終了しまし",
    "non-billing error stays non-billing: APIの使用量制限に達しました",
    "provider safety ceilings do not show a paid upgrade",
    "interview upload quota keeps its own actionable error UI",
    "external APIs and successful JSON do not produce prompts; response bodies remain readable",
    "Request input and malformed/non-JSON errors retain original behavior"
  ]
}
{
  "cases": 105,
  "pass": 105,
  "fail": []
}
{
  "cases": 21,
  "results": [
    {
      "name": "unchanged-admin-role",
      "outcome": "PASS",
      "http": 200,
      "changed": true,
      "attempts": [
        "employee"
      ],
      "rollbacks": 0
    },
    {
      "name": "reject-promotion",
      "outcome": "PASS",
      "http": 403,
      "changed": false,
      "attempts": [],
      "rollbacks": 0
    },
    {
      "name": "reject-superior-demotion",
      "outcome": "PASS",
      "http": 403,
      "changed": false,
      "attempts": [],
      "rollbacks": 0
    },
    {
      "name": "invalid-role",
      "outcome": "PASS",
      "http": 400,
      "changed": false,
      "attempts": [],
      "rollbacks": 0
    },
    {
      "name": "empty-role",
      "outcome": "PASS",
      "http": 400,
      "changed": false,
      "attempts": [],
      "rollbacks": 0
    },
    {
      "name": "allowed-promotion",
      "outcome": "PASS",
      "http": 200,
      "changed": true,
      "attempts": [
        "employee",
        "member"
      ],
      "rollbacks": 0
    },
    {
      "name": "reject-last-admin-demotion",
      "outcome": "PASS",
      "http": 409,
      "changed": false,
      "attempts": [],
      "rollbacks": 0
    },
    {
      "name": "allow-admin-transfer",
      "outcome": "PASS",
      "http": 200,
      "changed": true,
      "attempts": [
        "employee",
        "member"
      ],
      "rollbacks": 0
    },
    {
      "name": "role-write-failure",
      "outcome": "PASS",
      "http": 500,
      "changed": false,
      "attempts": [
        "employee",
        "member"
      ],
      "rollbacks": 1
    },
    {
      "name": "employee-write-failure",
      "outcome": "PASS",
      "http": 500,
      "changed": false,
      "attempts": [
        "employee"
      ],
      "rollbacks": 1
    },
    {
      "name": "foreign-employee",
      "outcome": "PASS",
      "http": 404,
      "changed": false,
      "attempts": [],
      "rollbacks": 0
    },
    {
      "name": "unauthorized-role",
      "outcome": "PASS",
      "http": 403,
      "changed": false,
      "attempts": [],
      "rollbacks": 0
    },
    {
      "name": "revoked-after-context",
      "outcome": "PASS",
      "http": 403,
      "changed": false,
      "attempts": [],
      "rollbacks": 0
    },
    {
      "name": "inactive-after-context",
      "outcome": "PASS",
      "http": 403,
      "changed": false,
      "attempts": [],
      "rollbacks": 0
    },
    {
      "name": "deactivated-after-context",
      "outcome": "PASS",
      "http": 403,
      "changed": false,
      "attempts": [],
      "rollbacks": 0
    },
    {
      "name": "downgraded-admin-cannot-promote",
      "outcome": "PASS",
      "http": 403,
      "changed": false,
      "attempts": [],
      "rollbacks": 0
    },
    {
      "name": "delete-revoked-after-context",
      "outcome": "PASS",
      "http": 403,
      "writes": 0
    },
    {
      "name": "delete-deactivated-after-context",
      "outcome": "PASS",
      "http": 403,
      "writes": 0
    },
    {
      "name": "delete-current-admin",
      "outcome": "PASS",
      "http": 200,
      "writes": 1
    },
    {
      "name": "null-body",
      "outcome": "PASS",
      "http": 400,
      "transactions": 0
    },
    {
      "name": "array-body",
      "outcome": "PASS",
      "http": 400,
      "transactions": 0
    }
  ]
}
{
  "cases": 11,
  "results": [
    {
      "name": "activate",
      "outcome": "PASS",
      "rows": [
        {
          "id": "employee",
          "name": "synthetic",
          "isActive": true
        },
        {
          "id": "other",
          "name": "other",
          "isActive": true
        }
      ],
      "calls": 1,
      "confirms": 1,
      "alerts": [],
      "notice": null,
      "pending": 0,
      "locked": 0
    },
    {
      "name": "deactivate",
      "outcome": "PASS",
      "rows": [
        {
          "id": "employee",
          "name": "synthetic",
          "isActive": false
        },
        {
          "id": "other",
          "name": "other",
          "isActive": true
        }
      ],
      "calls": 1,
      "confirms": 1,
      "alerts": [],
      "notice": null,
      "pending": 0,
      "locked": 0
    },
    {
      "name": "forbidden",
      "outcome": "PASS",
      "rows": [
        {
          "id": "employee",
          "name": "synthetic",
          "isActive": false
        },
        {
          "id": "other",
          "name": "other",
          "isActive": true
        }
      ],
      "calls": 1,
      "confirms": 1,
      "alerts": [
        "権限がありません"
      ],
      "notice": null,
      "pending": 0,
      "locked": 0
    },
    {
      "name": "server-error",
      "outcome": "PASS",
      "rows": [
        {
          "id": "employee",
          "name": "synthetic",
          "isActive": false
        },
        {
          "id": "other",
          "name": "other",
          "isActive": true
        }
      ],
      "calls": 1,
      "confirms": 1,
      "alerts": [
        "更新に失敗しました"
      ],
      "notice": null,
      "pending": 0,
      "locked": 0
    },
    {
      "name": "non-json-error",
      "outcome": "PASS",
      "rows": [
        {
          "id": "employee",
          "name": "synthetic",
          "isActive": false
        },
        {
          "id": "other",
          "name": "other",
          "isActive": true
        }
      ],
      "calls": 1,
      "confirms": 1,
      "alerts": [
        "有効化できませんでした。もう一度お試しください。"
      ],
      "notice": null,
      "pending": 0,
      "locked": 0
    },
    {
      "name": "invalid-success",
      "outcome": "PASS",
      "rows": [
        {
          "id": "employee",
          "name": "synthetic",
          "isActive": false
        },
        {
          "id": "other",
          "name": "other",
          "isActive": true
        }
      ],
      "calls": 1,
      "confirms": 1,
      "alerts": [
        "更新結果を確認できませんでした。画面を再読み込みして状態をご確認ください。"
      ],
      "notice": null,
      "pending": 0,
      "locked": 0
    },
    {
      "name": "network",
      "outcome": "PASS",
      "rows": [
        {
          "id": "employee",
          "name": "synthetic",
          "isActive": false
        },
        {
          "id": "other",
          "name": "other",
          "isActive": true
        }
      ],
      "calls": 1,
      "confirms": 1,
      "alerts": [
        "通信エラーが発生しました。画面を再読み込みして状態をご確認ください。"
      ],
      "notice": null,
      "pending": 0,
      "locked": 0
    },
    {
      "name": "cancel",
      "outcome": "PASS",
      "rows": [
        {
          "id": "employee",
          "name": "synthetic",
          "isActive": false
        },
        {
          "id": "other",
          "name": "other",
          "isActive": true
        }
      ],
      "calls": 0,
      "confirms": 1,
      "alerts": [],
      "notice": null,
      "pending": 0,
      "locked": 0
    },
    {
      "name": "concurrent-duplicate",
      "outcome": "PASS"
    },
    {
      "name": "retry-after-failure",
      "outcome": "PASS"
    },
    {
      "name": "quota-owner-notice",
      "outcome": "PASS"
    }
  ]
}
[
  {
    "name": "active",
    "outcome": "PASS",
    "disableStatus": null,
    "employeeActive": true,
    "membershipStatus": "ACTIVE",
    "contextGranted": true,
    "clockStatus": 200,
    "clockWrites": 1,
    "body": {
      "record": {
        "id": "clock",
        "employeeId": "emp",
        "type": "clock_in",
        "timestamp": "2026-10-06T04:48:51.880Z",
        "source": "pc"
      },
      "message": "打刻しました"
    }
  },
  {
    "name": "disable-patch",
    "outcome": "PASS",
    "disableStatus": 200,
    "employeeActive": false,
    "membershipStatus": "ACTIVE",
    "contextGranted": true,
    "clockStatus": 403,
    "clockWrites": 0,
    "body": {
      "error": "従業員情報が無効化されています。管理者にご確認ください。"
    }
  },
  {
    "name": "disable-delete",
    "outcome": "PASS",
    "disableStatus": 200,
    "employeeActive": false,
    "membershipStatus": "ACTIVE",
    "contextGranted": true,
    "clockStatus": 403,
    "clockWrites": 0,
    "body": {
      "error": "従業員情報が無効化されています。管理者にご確認ください。"
    }
  },
  {
    "name": "membership-inactive",
    "outcome": "PASS",
    "disableStatus": null,
    "employeeActive": true,
    "membershipStatus": "INACTIVE",
    "contextGranted": false,
    "clockStatus": 401,
    "clockWrites": 0,
    "body": {
      "error": "認証が必要です"
    }
  },
  {
    "name": "disabled-clock_out",
    "outcome": "PASS",
    "disableStatus": 200,
    "employeeActive": false,
    "membershipStatus": "ACTIVE",
    "contextGranted": true,
    "clockStatus": 403,
    "clockWrites": 0,
    "body": {
      "error": "従業員情報が無効化されています。管理者にご確認ください。"
    }
  },
  {
    "name": "disabled-break_start",
    "outcome": "PASS",
    "disableStatus": 200,
    "employeeActive": false,
    "membershipStatus": "ACTIVE",
    "contextGranted": true,
    "clockStatus": 403,
    "clockWrites": 0,
    "body": {
      "error": "従業員情報が無効化されています。管理者にご確認ください。"
    }
  },
  {
    "name": "disabled-break_end",
    "outcome": "PASS",
    "disableStatus": 200,
    "employeeActive": false,
    "membershipStatus": "ACTIVE",
    "contextGranted": true,
    "clockStatus": 403,
    "clockWrites": 0,
    "body": {
      "error": "従業員情報が無効化されています。管理者にご確認ください。"
    }
  }
]
Kintai disabled access: PASS
Kintai disabled pages: PASS
{
  "cases": 10,
  "results": [
    {
      "name": "lost ignores previous win",
      "outcome": "PASS",
      "expected": "19日で決着",
      "actual": "19日で決着"
    },
    {
      "name": "won uses win date",
      "outcome": "PASS",
      "expected": "4日で決着",
      "actual": "4日で決着"
    },
    {
      "name": "reopened uses current time",
      "outcome": "PASS",
      "expected": "19日経過",
      "actual": "19日経過"
    },
    {
      "name": "missing loss date",
      "outcome": "PASS",
      "expected": null,
      "actual": null
    },
    {
      "name": "missing win date",
      "outcome": "PASS",
      "expected": null,
      "actual": null
    },
    {
      "name": "invalid close date",
      "outcome": "PASS",
      "expected": null,
      "actual": null
    },
    {
      "name": "invalid start date",
      "outcome": "PASS",
      "expected": null,
      "actual": null
    },
    {
      "name": "missing start date",
      "outcome": "PASS",
      "expected": null,
      "actual": null
    },
    {
      "name": "unknown state",
      "outcome": "PASS",
      "expected": null,
      "actual": null
    },
    {
      "name": "same-day close",
      "outcome": "PASS",
      "expected": "0日で決着",
      "actual": "0日で決着"
    }
  ]
}
{
  "cases": 8,
  "results": [
    {
      "name": "newer",
      "outcome": "PASS",
      "expected": "2026-09-19T00:00:00.000Z",
      "actual": "2026-09-19T00:00:00.000Z",
      "activities": 1,
      "statuses": [
        200
      ],
      "rollbacks": 0
    },
    {
      "name": "same",
      "outcome": "PASS",
      "expected": "2026-09-15T00:00:00.000Z",
      "actual": "2026-09-15T00:00:00.000Z",
      "activities": 1,
      "statuses": [
        200
      ],
      "rollbacks": 0
    },
    {
      "name": "older",
      "outcome": "PASS",
      "expected": "2026-09-15T00:00:00.000Z",
      "actual": "2026-09-15T00:00:00.000Z",
      "activities": 1,
      "statuses": [
        200
      ],
      "rollbacks": 0
    },
    {
      "name": "initial-null",
      "outcome": "PASS",
      "expected": "2026-09-01T00:00:00.000Z",
      "actual": "2026-09-01T00:00:00.000Z",
      "activities": 1,
      "statuses": [
        200
      ],
      "rollbacks": 0
    },
    {
      "name": "new-then-old",
      "outcome": "PASS",
      "expected": "2026-09-19T00:00:00.000Z",
      "actual": "2026-09-19T00:00:00.000Z",
      "activities": 2,
      "statuses": [
        200,
        200
      ],
      "rollbacks": 0
    },
    {
      "name": "old-then-new",
      "outcome": "PASS",
      "expected": "2026-09-19T00:00:00.000Z",
      "actual": "2026-09-19T00:00:00.000Z",
      "activities": 2,
      "statuses": [
        200,
        200
      ],
      "rollbacks": 0
    },
    {
      "name": "update-failure-rollback",
      "outcome": "PASS",
      "expected": "2026-09-15T00:00:00.000Z",
      "actual": "2026-09-15T00:00:00.000Z",
      "activities": 0,
      "statuses": [
        500
      ],
      "rollbacks": 1
    },
    {
      "name": "no-deal",
      "outcome": "PASS",
      "expected": "2026-09-15T00:00:00.000Z",
      "actual": "2026-09-15T00:00:00.000Z",
      "activities": 1,
      "statuses": [
        200
      ],
      "rollbacks": 0
    }
  ]
}
PASS all 251 quote products remain selectable across three pages
PASS all 451 quote documents remain visible across three pages
PASS foreign and malformed quote cursors are rejected
PASS failed or changed continuation preserves loaded quote rows
[
  {
    "name": "success",
    "outcome": "PASS",
    "puts": 1,
    "loaded": true,
    "afterLoad": {
      "form": {
        "companyName": "旧会社",
        "postalCode": "",
        "address": "保存済み住所",
        "tel": "000-0000",
        "personName": "",
        "invoiceNo": "",
        "deliveryTerms": "",
        "paymentTerms": "保存済み支払条件",
        "notes": "保存済み備考"
      },
      "errors": [],
      "loading": false
    },
    "saved": {
      "companyName": "新会社",
      "address": "保存済み住所",
      "tel": "000-0000",
      "paymentTerms": "保存済み支払条件",
      "notes": "保存済み備考",
      "postalCode": null,
      "personName": null,
      "invoiceNo": null,
      "deliveryTerms": null
    },
    "message": "保存しました",
    "errors": []
  },
  {
    "name": "http500",
    "outcome": "PASS",
    "puts": 0,
    "loaded": false,
    "afterLoad": {
      "form": {},
      "errors": [
        "temporary unavailable"
      ],
      "loading": false
    },
    "saved": {
      "companyName": "旧会社",
      "address": "保存済み住所",
      "tel": "000-0000",
      "paymentTerms": "保存済み支払条件",
      "notes": "保存済み備考"
    },
    "message": "",
    "errors": [
      "temporary unavailable"
    ]
  },
  {
    "name": "network",
    "outcome": "PASS",
    "puts": 0,
    "loaded": false,
    "afterLoad": {
      "form": {},
      "errors": [
        "読み込みに失敗しました"
      ],
      "loading": false
    },
    "saved": {
      "companyName": "旧会社",
      "address": "保存済み住所",
      "tel": "000-0000",
      "paymentTerms": "保存済み支払条件",
      "notes": "保存済み備考"
    },
    "message": "",
    "errors": [
      "読み込みに失敗しました"
    ]
  },
  {
    "name": "non-json",
    "outcome": "PASS",
    "puts": 0,
    "loaded": false,
    "afterLoad": {
      "form": {},
      "errors": [
        "読み込みに失敗しました"
      ],
      "loading": false
    },
    "saved": {
      "companyName": "旧会社",
      "address": "保存済み住所",
      "tel": "000-0000",
      "paymentTerms": "保存済み支払条件",
      "notes": "保存済み備考"
    },
    "message": "",
    "errors": [
      "読み込みに失敗しました"
    ]
  },
  {
    "name": "missing-issuer",
    "outcome": "PASS",
    "puts": 0,
    "loaded": false,
    "afterLoad": {
      "form": {},
      "errors": [
        "発行者情報を確認できませんでした"
      ],
      "loading": false
    },
    "saved": {
      "companyName": "旧会社",
      "address": "保存済み住所",
      "tel": "000-0000",
      "paymentTerms": "保存済み支払条件",
      "notes": "保存済み備考"
    },
    "message": "",
    "errors": [
      "発行者情報を確認できませんでした"
    ]
  },
  {
    "name": "invalid-issuer",
    "outcome": "PASS",
    "puts": 0,
    "loaded": false,
    "afterLoad": {
      "form": {},
      "errors": [
        "発行者情報を確認できませんでした"
      ],
      "loading": false
    },
    "saved": {
      "companyName": "旧会社",
      "address": "保存済み住所",
      "tel": "000-0000",
      "paymentTerms": "保存済み支払条件",
      "notes": "保存済み備考"
    },
    "message": "",
    "errors": [
      "発行者情報を確認できませんでした"
    ]
  },
  {
    "name": "retry",
    "outcome": "PASS",
    "puts": 1,
    "loaded": true,
    "afterLoad": {
      "form": {
        "companyName": "旧会社",
        "postalCode": "",
        "address": "保存済み住所",
        "tel": "000-0000",
        "personName": "",
        "invoiceNo": "",
        "deliveryTerms": "",
        "paymentTerms": "保存済み支払条件",
        "notes": "保存済み備考"
      },
      "errors": [
        "temporary unavailable"
      ],
      "loading": false
    },
    "saved": {
      "companyName": "新会社",
      "address": "保存済み住所",
      "tel": "000-0000",
      "paymentTerms": "保存済み支払条件",
      "notes": "保存済み備考",
      "postalCode": null,
      "personName": null,
      "invoiceNo": null,
      "deliveryTerms": null
    },
    "message": "保存しました",
    "errors": [
      "temporary unavailable"
    ]
  },
  {
    "name": "empty",
    "outcome": "PASS",
    "puts": 1,
    "loaded": true,
    "afterLoad": {
      "form": {
        "companyName": "",
        "postalCode": "",
        "address": "",
        "tel": "",
        "personName": "",
        "invoiceNo": "",
        "deliveryTerms": "",
        "paymentTerms": "",
        "notes": ""
      },
      "errors": [],
      "loading": false
    },
    "saved": {
      "companyName": "新会社",
      "postalCode": null,
      "address": null,
      "tel": null,
      "personName": null,
      "invoiceNo": null,
      "paymentTerms": null,
      "deliveryTerms": null,
      "notes": null
    },
    "message": "保存しました",
    "errors": []
  }
]
[
  {
    "name": "confirm with available GET",
    "outcome": "PASS",
    "databaseStatus": "confirmed",
    "uiStatus": "confirmed",
    "errors": [],
    "requests": [
      {
        "method": "PATCH",
        "status": 200
      }
    ]
  },
  {
    "name": "confirm with unavailable GET",
    "outcome": "PASS",
    "databaseStatus": "confirmed",
    "uiStatus": "confirmed",
    "errors": [],
    "requests": [
      {
        "method": "PATCH",
        "status": 200
      }
    ]
  },
  {
    "name": "UI status confirmed after one PATCH",
    "outcome": "PASS",
    "databaseStatus": "confirmed",
    "uiStatus": "confirmed",
    "requests": [
      {
        "method": "PATCH",
        "status": 200
      }
    ]
  },
  {
    "name": "patch-error",
    "outcome": "PASS",
    "databaseStatus": "draft",
    "uiStatus": "draft",
    "errors": [
      "synthetic error"
    ],
    "requests": [
      {
        "method": "PATCH",
        "status": 500
      }
    ]
  },
  {
    "name": "malformed",
    "outcome": "PASS",
    "databaseStatus": "draft",
    "uiStatus": "draft",
    "errors": [
      "保存結果を確認できませんでした。画面を再読み込みして状態をご確認ください。"
    ],
    "requests": [
      {
        "method": "PATCH",
        "status": 200
      }
    ]
  }
]
[
  {
    "status": "confirmed",
    "next": "sent",
    "role": "manager",
    "saving": false,
    "outcome": "PASS"
  },
  {
    "status": "confirmed",
    "next": "draft",
    "role": "manager",
    "saving": false,
    "outcome": "PASS"
  },
  {
    "status": "sent",
    "next": "draft",
    "role": "manager",
    "saving": false,
    "outcome": "PASS"
  },
  {
    "status": "draft",
    "next": "confirmed",
    "role": "manager",
    "saving": false,
    "outcome": "PASS"
  },
  {
    "status": "confirmed",
    "next": "save",
    "role": "manager",
    "saving": false,
    "outcome": "PASS"
  },
  {
    "status": "confirmed",
    "next": "sent",
    "role": "member",
    "saving": false,
    "outcome": "PASS"
  },
  {
    "status": "confirmed",
    "next": "draft",
    "role": "member",
    "saving": false,
    "outcome": "PASS"
  },
  {
    "status": "confirmed",
    "next": "sent",
    "role": "manager",
    "saving": true,
    "outcome": "PASS"
  },
  {
    "status": "draft",
    "body": {
      "status": "sent"
    },
    "role": "manager",
    "outcome": "PASS"
  },
  {
    "status": "sent",
    "body": {
      "status": "confirmed"
    },
    "role": "manager",
    "outcome": "PASS"
  },
  {
    "status": "confirmed",
    "body": {
      "status": "draft"
    },
    "role": "member",
    "outcome": "PASS"
  },
  {
    "status": "confirmed",
    "body": {
      "notes": "changed"
    },
    "role": "manager",
    "outcome": "PASS"
  },
  {
    "status": "sent",
    "body": {
      "clientCompany": "changed"
    },
    "role": "manager",
    "outcome": "PASS"
  }
]
[
  {
    "case": "none",
    "status": 200,
    "outcome": "PASS"
  },
  {
    "case": "delete",
    "status": 500,
    "outcome": "PASS"
  },
  {
    "case": "create",
    "status": 500,
    "outcome": "PASS"
  },
  {
    "case": "metadata",
    "status": 500,
    "outcome": "PASS"
  },
  {
    "case": "totals",
    "status": 500,
    "outcome": "PASS"
  },
  {
    "case": "response",
    "status": 500,
    "outcome": "PASS"
  },
  {
    "case": "commit",
    "status": 409,
    "outcome": "PASS"
  },
  {
    "case": "confirmed",
    "status": 409,
    "outcome": "PASS"
  },
  {
    "case": "foreign",
    "status": 404,
    "outcome": "PASS"
  },
  {
    "case": "null",
    "status": 400,
    "outcome": "PASS"
  }
]
{
  "outcome": "PASS",
  "calculationCases": 156562,
  "pdfSubtotal": true,
  "pdfDiscount": true,
  "pdfExclTax": true,
  "jstMonthBoundary": true
}
[
  {
    "scenario": "saved",
    "pdfLinkPresent": true,
    "outcome": "PASS"
  },
  {
    "scenario": "confirmed",
    "pdfLinkPresent": true,
    "outcome": "PASS"
  },
  {
    "scenario": "saving",
    "pdfLinkPresent": false,
    "outcome": "PASS"
  },
  {
    "scenario": "error",
    "pdfLinkPresent": false,
    "outcome": "PASS"
  },
  {
    "scenario": "company",
    "pdfLinkPresent": false,
    "outcome": "PASS"
  },
  {
    "scenario": "person",
    "pdfLinkPresent": false,
    "outcome": "PASS"
  },
  {
    "scenario": "discountType",
    "pdfLinkPresent": false,
    "outcome": "PASS"
  },
  {
    "scenario": "discountValue",
    "pdfLinkPresent": false,
    "outcome": "PASS"
  },
  {
    "scenario": "notes",
    "pdfLinkPresent": false,
    "outcome": "PASS"
  },
  {
    "scenario": "payment",
    "pdfLinkPresent": false,
    "outcome": "PASS"
  },
  {
    "scenario": "delivery",
    "pdfLinkPresent": false,
    "outcome": "PASS"
  },
  {
    "scenario": "items",
    "pdfLinkPresent": false,
    "outcome": "PASS"
  }
]
[
  {
    "method": "POST",
    "source": "own_price",
    "savedSource": "own_price",
    "outcome": "PASS"
  },
  {
    "method": "PATCH",
    "source": "own_price",
    "savedSource": "own_price",
    "outcome": "PASS"
  },
  {
    "case": "quote API rejects fractional, malformed and out-of-range money before write",
    "outcome": "PASS"
  },
  {
    "method": "POST",
    "case": "null range stays null and invalid tax/range is rejected",
    "outcome": "PASS"
  },
  {
    "method": "PATCH",
    "case": "null range stays null and invalid tax/range is rejected",
    "outcome": "PASS"
  },
  {
    "case": "invalid discount method and rates over 100 percent never change saved terms",
    "outcome": "PASS"
  },
  {
    "method": "POST",
    "source": "market",
    "savedSource": "market",
    "outcome": "PASS"
  },
  {
    "method": "PATCH",
    "source": "market",
    "savedSource": "market",
    "outcome": "PASS"
  },
  {
    "method": "POST",
    "source": "competitor",
    "savedSource": "competitor",
    "outcome": "PASS"
  },
  {
    "method": "PATCH",
    "source": "competitor",
    "savedSource": "competitor",
    "outcome": "PASS"
  },
  {
    "method": "POST",
    "source": "manual",
    "savedSource": "manual",
    "outcome": "PASS"
  },
  {
    "method": "PATCH",
    "source": "manual",
    "savedSource": "manual",
    "outcome": "PASS"
  },
  {
    "method": "POST",
    "source": "ai_estimate",
    "savedSource": "ai_estimate",
    "outcome": "PASS"
  },
  {
    "method": "PATCH",
    "source": "ai_estimate",
    "savedSource": "ai_estimate",
    "outcome": "PASS"
  },
  {
    "method": "POST",
    "source": "unknown",
    "savedSource": "unknown",
    "outcome": "PASS"
  },
  {
    "method": "PATCH",
    "source": "unknown",
    "savedSource": "unknown",
    "outcome": "PASS"
  },
  {
    "method": "POST",
    "source": "invalid",
    "savedSource": "manual",
    "outcome": "PASS"
  },
  {
    "method": "PATCH",
    "source": "invalid",
    "savedSource": "manual",
    "outcome": "PASS"
  },
  {
    "case": "src/app/quote/Tool.tsx manual edit and Japanese number input",
    "outcome": "PASS"
  },
  {
    "case": "src/app/quote/documents/[id]/page.tsx manual edit and Japanese number input",
    "outcome": "PASS"
  }
]
[
  {
    "mode": "success",
    "outcome": "PASS",
    "initialStatus": 200,
    "rowsAfterRetry": 1
  },
  {
    "mode": "create",
    "outcome": "PASS",
    "initialStatus": 500,
    "rowsAfterRetry": 1
  },
  {
    "mode": "read",
    "outcome": "PASS",
    "initialStatus": 500,
    "rowsAfterRetry": 1
  },
  {
    "mode": "totals",
    "outcome": "PASS",
    "initialStatus": 500,
    "rowsAfterRetry": 1
  },
  {
    "mode": "ledger",
    "outcome": "PASS",
    "initialStatus": 500,
    "rowsAfterRetry": 1
  },
  {
    "mode": "commit",
    "outcome": "PASS",
    "initialStatus": 500,
    "rowsAfterRetry": 1
  },
  {
    "mode": "collision-once",
    "outcome": "PASS",
    "initialStatus": 200,
    "rowsAfterRetry": 1
  },
  {
    "mode": "collision-always",
    "outcome": "PASS",
    "initialStatus": 500,
    "rowsAfterRetry": 1
  },
  {
    "mode": "stale-3-quota-after-serialization",
    "outcome": "PASS",
    "initialStatus": 402,
    "rowsAfterRetry": 0
  },
  {
    "mode": "stale-100-quota-after-serialization",
    "outcome": "PASS",
    "initialStatus": 402,
    "rowsAfterRetry": 0
  },
  {
    "mode": "deleted-documents-do-not-restore-quota",
    "outcome": "PASS",
    "initialStatus": 402,
    "rowsAfterRetry": 0
  }
]
[
  {
    "method": "POST",
    "field": "notes",
    "length": 2000,
    "outcome": "PASS"
  },
  {
    "method": "PATCH",
    "field": "notes",
    "length": 2000,
    "outcome": "PASS"
  },
  {
    "method": "POST",
    "field": "notes",
    "length": 2001,
    "outcome": "PASS"
  },
  {
    "method": "PATCH",
    "field": "notes",
    "length": 2001,
    "outcome": "PASS"
  },
  {
    "method": "POST",
    "field": "paymentTerms",
    "length": 2000,
    "outcome": "PASS"
  },
  {
    "method": "PATCH",
    "field": "paymentTerms",
    "length": 2000,
    "outcome": "PASS"
  },
  {
    "method": "POST",
    "field": "paymentTerms",
    "length": 2001,
    "outcome": "PASS"
  },
  {
    "method": "PATCH",
    "field": "paymentTerms",
    "length": 2001,
    "outcome": "PASS"
  },
  {
    "method": "POST",
    "field": "deliveryTerms",
    "length": 2000,
    "outcome": "PASS"
  },
  {
    "method": "PATCH",
    "field": "deliveryTerms",
    "length": 2000,
    "outcome": "PASS"
  },
  {
    "method": "POST",
    "field": "deliveryTerms",
    "length": 2001,
    "outcome": "PASS"
  },
  {
    "method": "PATCH",
    "field": "deliveryTerms",
    "length": 2001,
    "outcome": "PASS"
  },
  {
    "method": "POST",
    "expiryDate": "2026-02-28",
    "outcome": "PASS"
  },
  {
    "method": "PATCH",
    "expiryDate": "2026-02-28",
    "outcome": "PASS"
  },
  {
    "method": "POST",
    "expiryDate": "2026-02-28T12:30:00.000+09:00",
    "outcome": "PASS"
  },
  {
    "method": "PATCH",
    "expiryDate": "2026-02-28T12:30:00.000+09:00",
    "outcome": "PASS"
  },
  {
    "method": "POST",
    "expiryDate": "2026-02-30",
    "outcome": "PASS"
  },
  {
    "method": "PATCH",
    "expiryDate": "2026-02-30",
    "outcome": "PASS"
  },
  {
    "method": "POST",
    "expiryDate": "2026-13-01",
    "outcome": "PASS"
  },
  {
    "method": "PATCH",
    "expiryDate": "2026-13-01",
    "outcome": "PASS"
  },
  {
    "method": "POST",
    "expiryDate": "not-a-date",
    "outcome": "PASS"
  },
  {
    "method": "PATCH",
    "expiryDate": "not-a-date",
    "outcome": "PASS"
  },
  {
    "method": "POST",
    "expiryDate": 12345,
    "outcome": "PASS"
  },
  {
    "method": "PATCH",
    "expiryDate": 12345,
    "outcome": "PASS"
  },
  {
    "method": "POST",
    "name": "object title",
    "outcome": "PASS"
  },
  {
    "method": "PATCH",
    "name": "object title",
    "outcome": "PASS"
  },
  {
    "method": "POST",
    "name": "array client",
    "outcome": "PASS"
  },
  {
    "method": "PATCH",
    "name": "array client",
    "outcome": "PASS"
  },
  {
    "method": "POST",
    "name": "numeric notes",
    "outcome": "PASS"
  },
  {
    "method": "PATCH",
    "name": "numeric notes",
    "outcome": "PASS"
  },
  {
    "method": "POST",
    "name": "long title",
    "outcome": "PASS"
  },
  {
    "method": "PATCH",
    "name": "long title",
    "outcome": "PASS"
  },
  {
    "method": "POST",
    "name": "object item name",
    "outcome": "PASS"
  },
  {
    "method": "PATCH",
    "name": "object item name",
    "outcome": "PASS"
  },
  {
    "method": "POST",
    "name": "object item spec",
    "outcome": "PASS"
  },
  {
    "method": "PATCH",
    "name": "object item spec",
    "outcome": "PASS"
  },
  {
    "method": "POST",
    "name": "long item name",
    "outcome": "PASS"
  },
  {
    "method": "PATCH",
    "name": "long item name",
    "outcome": "PASS"
  },
  {
    "method": "POST",
    "name": "non-array items",
    "outcome": "PASS"
  },
  {
    "method": "PATCH",
    "name": "non-array items",
    "outcome": "PASS"
  },
  {
    "method": "POST",
    "name": "61 items",
    "outcome": "PASS"
  },
  {
    "method": "PATCH",
    "name": "61 items",
    "outcome": "PASS"
  },
  {
    "method": "POST",
    "name": "valid boundaries",
    "outcome": "PASS"
  },
  {
    "method": "PATCH",
    "name": "valid boundaries",
    "outcome": "PASS"
  }
]
[
  {
    "mode": "success",
    "outcome": "PASS"
  },
  {
    "mode": "403",
    "outcome": "PASS"
  },
  {
    "mode": "404",
    "outcome": "PASS"
  },
  {
    "mode": "500",
    "outcome": "PASS"
  },
  {
    "mode": "network",
    "outcome": "PASS"
  },
  {
    "mode": "malformed",
    "outcome": "PASS"
  },
  {
    "mode": "duplicate",
    "outcome": "PASS"
  },
  {
    "mode": "retry",
    "outcome": "PASS"
  }
]
[
  {
    "name": "malformed",
    "status": 400,
    "outcome": "PASS"
  },
  {
    "name": "null",
    "status": 400,
    "outcome": "PASS"
  },
  {
    "name": "array",
    "status": 400,
    "outcome": "PASS"
  },
  {
    "name": "unknown",
    "status": 400,
    "outcome": "PASS"
  },
  {
    "name": "empty title",
    "status": 400,
    "outcome": "PASS"
  },
  {
    "name": "long title",
    "status": 400,
    "outcome": "PASS"
  },
  {
    "name": "invalid date",
    "status": 400,
    "outcome": "PASS"
  },
  {
    "name": "nonexistent date",
    "status": 400,
    "outcome": "PASS"
  },
  {
    "name": "numeric date",
    "status": 400,
    "outcome": "PASS"
  },
  {
    "name": "invalid status",
    "status": 400,
    "outcome": "PASS"
  },
  {
    "name": "null status",
    "status": 400,
    "outcome": "PASS"
  },
  {
    "name": "mixed invalid",
    "status": 400,
    "outcome": "PASS"
  },
  {
    "name": "title",
    "status": 200,
    "outcome": "PASS"
  },
  {
    "name": "date",
    "status": 200,
    "outcome": "PASS"
  },
  {
    "name": "leap day",
    "status": 200,
    "outcome": "PASS"
  },
  {
    "name": "clear",
    "status": 200,
    "outcome": "PASS"
  },
  {
    "name": "clear null",
    "status": 200,
    "outcome": "PASS"
  },
  {
    "name": "legacy toggle",
    "status": 200,
    "outcome": "PASS"
  },
  {
    "name": "done",
    "status": 200,
    "outcome": "PASS"
  },
  {
    "name": "same status",
    "status": 200,
    "outcome": "PASS"
  }
]
[
  {
    "operation": "toggle",
    "mode": "success",
    "outcome": "PASS"
  },
  {
    "operation": "toggle",
    "mode": "500",
    "outcome": "PASS"
  },
  {
    "operation": "toggle",
    "mode": "network",
    "outcome": "PASS"
  },
  {
    "operation": "toggle",
    "mode": "malformed",
    "outcome": "PASS"
  },
  {
    "operation": "toggle",
    "mode": "wrong-id",
    "outcome": "PASS"
  },
  {
    "operation": "toggle",
    "mode": "duplicate",
    "outcome": "PASS"
  },
  {
    "operation": "toggle",
    "mode": "retry",
    "outcome": "PASS"
  },
  {
    "operation": "changeDue",
    "mode": "success",
    "outcome": "PASS"
  },
  {
    "operation": "changeDue",
    "mode": "500",
    "outcome": "PASS"
  },
  {
    "operation": "changeDue",
    "mode": "network",
    "outcome": "PASS"
  },
  {
    "operation": "changeDue",
    "mode": "malformed",
    "outcome": "PASS"
  },
  {
    "operation": "changeDue",
    "mode": "wrong-id",
    "outcome": "PASS"
  },
  {
    "operation": "changeDue",
    "mode": "duplicate",
    "outcome": "PASS"
  },
  {
    "operation": "changeDue",
    "mode": "retry",
    "outcome": "PASS"
  }
]
[
  {
    "mode": "open",
    "outcome": "PASS"
  },
  {
    "mode": "won",
    "outcome": "PASS"
  },
  {
    "mode": "lost",
    "outcome": "PASS"
  },
  {
    "mode": "default-won",
    "outcome": "PASS"
  },
  {
    "mode": "no-stages",
    "outcome": "PASS"
  },
  {
    "mode": "foreign",
    "outcome": "PASS"
  },
  {
    "mode": "missing",
    "outcome": "PASS"
  }
]
[
  {
    "mode": "active",
    "statuses": [
      200
    ],
    "outcome": "PASS"
  },
  {
    "mode": "inactive",
    "statuses": [
      404
    ],
    "outcome": "PASS"
  },
  {
    "mode": "foreign",
    "statuses": [
      404
    ],
    "outcome": "PASS"
  },
  {
    "mode": "converted",
    "statuses": [
      409
    ],
    "outcome": "PASS"
  },
  {
    "mode": "converted-no-account",
    "statuses": [
      409
    ],
    "outcome": "PASS"
  },
  {
    "mode": "reverted-after-conversion",
    "statuses": [
      409
    ],
    "outcome": "PASS"
  },
  {
    "mode": "concurrent",
    "statuses": [
      200,
      409
    ],
    "outcome": "PASS"
  },
  {
    "mode": "disable-after-read",
    "statuses": [
      409
    ],
    "outcome": "PASS"
  },
  {
    "mode": "contact-failure",
    "statuses": [
      500
    ],
    "outcome": "PASS"
  },
  {
    "mode": "deal-failure",
    "statuses": [
      500
    ],
    "outcome": "PASS"
  },
  {
    "mode": "link-failure",
    "statuses": [
      500
    ],
    "outcome": "PASS"
  }
]
[
  {
    "operation": "PATCH",
    "mode": "draft",
    "status": 200,
    "outcome": "PASS"
  },
  {
    "operation": "PATCH",
    "mode": "finalized",
    "status": 409,
    "outcome": "PASS"
  },
  {
    "operation": "PATCH",
    "mode": "race",
    "status": 409,
    "outcome": "PASS"
  },
  {
    "operation": "PATCH",
    "mode": "foreign",
    "status": 403,
    "outcome": "PASS"
  },
  {
    "operation": "PATCH",
    "mode": "anonymous",
    "status": 401,
    "outcome": "PASS"
  },
  {
    "operation": "POST",
    "mode": "draft",
    "status": 200,
    "outcome": "PASS"
  },
  {
    "operation": "POST",
    "mode": "finalized",
    "status": 400,
    "outcome": "PASS"
  },
  {
    "operation": "POST",
    "mode": "race",
    "status": 409,
    "outcome": "PASS"
  },
  {
    "operation": "POST",
    "mode": "foreign",
    "status": 403,
    "outcome": "PASS"
  },
  {
    "operation": "POST",
    "mode": "anonymous",
    "status": 401,
    "outcome": "PASS"
  }
]
[
  {
    "role": "OWNER",
    "relation": "self",
    "status": 200,
    "outcome": "PASS"
  },
  {
    "role": "OWNER",
    "relation": "evaluator",
    "status": 200,
    "outcome": "PASS"
  },
  {
    "role": "OWNER",
    "relation": "unrelated",
    "status": 200,
    "outcome": "PASS"
  },
  {
    "role": "OWNER",
    "relation": "unlinked",
    "status": 200,
    "outcome": "PASS"
  },
  {
    "role": "OWNER",
    "relation": "inactive",
    "status": 403,
    "outcome": "PASS"
  },
  {
    "role": "OWNER",
    "relation": "role-changed",
    "status": 403,
    "outcome": "PASS"
  },
  {
    "role": "OWNER",
    "relation": "foreign-org",
    "status": 403,
    "outcome": "PASS"
  },
  {
    "role": "ADMIN",
    "relation": "self",
    "status": 200,
    "outcome": "PASS"
  },
  {
    "role": "ADMIN",
    "relation": "evaluator",
    "status": 200,
    "outcome": "PASS"
  },
  {
    "role": "ADMIN",
    "relation": "unrelated",
    "status": 200,
    "outcome": "PASS"
  },
  {
    "role": "ADMIN",
    "relation": "unlinked",
    "status": 200,
    "outcome": "PASS"
  },
  {
    "role": "ADMIN",
    "relation": "inactive",
    "status": 403,
    "outcome": "PASS"
  },
  {
    "role": "ADMIN",
    "relation": "role-changed",
    "status": 403,
    "outcome": "PASS"
  },
  {
    "role": "ADMIN",
    "relation": "foreign-org",
    "status": 403,
    "outcome": "PASS"
  },
  {
    "role": "MANAGER",
    "relation": "self",
    "status": 200,
    "outcome": "PASS"
  },
  {
    "role": "MANAGER",
    "relation": "evaluator",
    "status": 200,
    "outcome": "PASS"
  },
  {
    "role": "MANAGER",
    "relation": "unrelated",
    "status": 403,
    "outcome": "PASS"
  },
  {
    "role": "MANAGER",
    "relation": "unlinked",
    "status": 403,
    "outcome": "PASS"
  },
  {
    "role": "MANAGER",
    "relation": "inactive",
    "status": 403,
    "outcome": "PASS"
  },
  {
    "role": "MANAGER",
    "relation": "role-changed",
    "status": 403,
    "outcome": "PASS"
  },
  {
    "role": "MANAGER",
    "relation": "foreign-org",
    "status": 403,
    "outcome": "PASS"
  },
  {
    "role": "MEMBER",
    "relation": "self",
    "status": 200,
    "outcome": "PASS"
  },
  {
    "role": "MEMBER",
    "relation": "evaluator",
    "status": 200,
    "outcome": "PASS"
  },
  {
    "role": "MEMBER",
    "relation": "unrelated",
    "status": 403,
    "outcome": "PASS"
  },
  {
    "role": "MEMBER",
    "relation": "unlinked",
    "status": 403,
    "outcome": "PASS"
  },
  {
    "role": "MEMBER",
    "relation": "inactive",
    "status": 403,
    "outcome": "PASS"
  },
  {
    "role": "MEMBER",
    "relation": "role-changed",
    "status": 403,
    "outcome": "PASS"
  },
  {
    "role": "MEMBER",
    "relation": "foreign-org",
    "status": 403,
    "outcome": "PASS"
  },
  {
    "role": "UNKNOWN",
    "relation": "self",
    "status": 403,
    "outcome": "PASS"
  },
  {
    "role": "UNKNOWN",
    "relation": "evaluator",
    "status": 403,
    "outcome": "PASS"
  },
  {
    "role": "UNKNOWN",
    "relation": "unrelated",
    "status": 403,
    "outcome": "PASS"
  },
  {
    "role": "UNKNOWN",
    "relation": "unlinked",
    "status": 403,
    "outcome": "PASS"
  },
  {
    "role": "UNKNOWN",
    "relation": "inactive",
    "status": 403,
    "outcome": "PASS"
  },
  {
    "role": "UNKNOWN",
    "relation": "role-changed",
    "status": 403,
    "outcome": "PASS"
  },
  {
    "role": "UNKNOWN",
    "relation": "foreign-org",
    "status": 403,
    "outcome": "PASS"
  }
]
[
  {
    "role": "OWNER",
    "query": "",
    "outcome": "PASS"
  },
  {
    "role": "OWNER",
    "query": "employeeId=other",
    "outcome": "PASS"
  },
  {
    "role": "OWNER",
    "query": "periodId=p",
    "outcome": "PASS"
  },
  {
    "role": "OWNER",
    "query": "pageSize=1&page=2",
    "outcome": "PASS"
  },
  {
    "role": "OWNER",
    "query": "status=FINALIZED",
    "outcome": "PASS"
  },
  {
    "role": "ADMIN",
    "query": "",
    "outcome": "PASS"
  },
  {
    "role": "ADMIN",
    "query": "employeeId=other",
    "outcome": "PASS"
  },
  {
    "role": "ADMIN",
    "query": "periodId=p",
    "outcome": "PASS"
  },
  {
    "role": "ADMIN",
    "query": "pageSize=1&page=2",
    "outcome": "PASS"
  },
  {
    "role": "ADMIN",
    "query": "status=FINALIZED",
    "outcome": "PASS"
  },
  {
    "role": "MANAGER",
    "query": "",
    "outcome": "PASS"
  },
  {
    "role": "MANAGER",
    "query": "employeeId=other",
    "outcome": "PASS"
  },
  {
    "role": "MANAGER",
    "query": "periodId=p",
    "outcome": "PASS"
  },
  {
    "role": "MANAGER",
    "query": "pageSize=1&page=2",
    "outcome": "PASS"
  },
  {
    "role": "MANAGER",
    "query": "status=FINALIZED",
    "outcome": "PASS"
  },
  {
    "role": "MEMBER",
    "query": "",
    "outcome": "PASS"
  },
  {
    "role": "MEMBER",
    "query": "employeeId=other",
    "outcome": "PASS"
  },
  {
    "role": "MEMBER",
    "query": "periodId=p",
    "outcome": "PASS"
  },
  {
    "role": "MEMBER",
    "query": "pageSize=1&page=2",
    "outcome": "PASS"
  },
  {
    "role": "MEMBER",
    "query": "status=FINALIZED",
    "outcome": "PASS"
  },
  {
    "role": "UNKNOWN",
    "query": "",
    "outcome": "PASS"
  },
  {
    "role": "UNKNOWN",
    "query": "employeeId=other",
    "outcome": "PASS"
  },
  {
    "role": "UNKNOWN",
    "query": "periodId=p",
    "outcome": "PASS"
  },
  {
    "role": "UNKNOWN",
    "query": "pageSize=1&page=2",
    "outcome": "PASS"
  },
  {
    "role": "UNKNOWN",
    "query": "status=FINALIZED",
    "outcome": "PASS"
  }
]
[
  {
    "role": "OWNER",
    "route": "employees/[id]",
    "count": 3,
    "outcome": "PASS"
  },
  {
    "role": "OWNER",
    "route": "dashboard",
    "count": 3,
    "outcome": "PASS"
  },
  {
    "role": "OWNER",
    "route": "evaluations/periods",
    "count": 3,
    "outcome": "PASS"
  },
  {
    "role": "OWNER",
    "route": "evaluations/periods/[id]",
    "count": 3,
    "outcome": "PASS"
  },
  {
    "role": "ADMIN",
    "route": "employees/[id]",
    "count": 3,
    "outcome": "PASS"
  },
  {
    "role": "ADMIN",
    "route": "dashboard",
    "count": 3,
    "outcome": "PASS"
  },
  {
    "role": "ADMIN",
    "route": "evaluations/periods",
    "count": 3,
    "outcome": "PASS"
  },
  {
    "role": "ADMIN",
    "route": "evaluations/periods/[id]",
    "count": 3,
    "outcome": "PASS"
  },
  {
    "role": "MANAGER",
    "route": "employees/[id]",
    "count": 2,
    "outcome": "PASS"
  },
  {
    "role": "MANAGER",
    "route": "dashboard",
    "count": 2,
    "outcome": "PASS"
  },
  {
    "role": "MANAGER",
    "route": "evaluations/periods",
    "count": 2,
    "outcome": "PASS"
  },
  {
    "role": "MANAGER",
    "route": "evaluations/periods/[id]",
    "count": 2,
    "outcome": "PASS"
  },
  {
    "role": "MEMBER",
    "route": "employees/[id]",
    "count": 2,
    "outcome": "PASS"
  },
  {
    "role": "MEMBER",
    "route": "dashboard",
    "count": 2,
    "outcome": "PASS"
  },
  {
    "role": "MEMBER",
    "route": "evaluations/periods",
    "count": 2,
    "outcome": "PASS"
  },
  {
    "role": "MEMBER",
    "route": "evaluations/periods/[id]",
    "count": 2,
    "outcome": "PASS"
  },
  {
    "role": "UNKNOWN",
    "route": "employees/[id]",
    "outcome": "DENIED"
  },
  {
    "role": "UNKNOWN",
    "route": "dashboard",
    "count": 0,
    "outcome": "PASS"
  },
  {
    "role": "UNKNOWN",
    "route": "evaluations/periods",
    "count": 0,
    "outcome": "PASS"
  },
  {
    "role": "UNKNOWN",
    "route": "evaluations/periods/[id]",
    "count": 0,
    "outcome": "PASS"
  },
  {
    "role": "INACTIVE",
    "route": "employees/[id]",
    "outcome": "DENIED"
  },
  {
    "role": "INACTIVE",
    "route": "dashboard",
    "count": 0,
    "outcome": "PASS"
  },
  {
    "role": "INACTIVE",
    "route": "evaluations/periods",
    "count": 0,
    "outcome": "PASS"
  },
  {
    "role": "INACTIVE",
    "route": "evaluations/periods/[id]",
    "count": 0,
    "outcome": "PASS"
  }
]
[
  {
    "mode": "owner",
    "status": 200,
    "aiCalls": 1,
    "writes": 1,
    "outcome": "PASS"
  },
  {
    "mode": "admin",
    "status": 200,
    "aiCalls": 1,
    "writes": 1,
    "outcome": "PASS"
  },
  {
    "mode": "self",
    "status": 200,
    "aiCalls": 1,
    "writes": 1,
    "outcome": "PASS"
  },
  {
    "mode": "evaluator",
    "status": 200,
    "aiCalls": 1,
    "writes": 1,
    "outcome": "PASS"
  },
  {
    "mode": "unrelated",
    "status": 403,
    "aiCalls": 0,
    "writes": 0,
    "outcome": "PASS"
  },
  {
    "mode": "unknown",
    "status": 403,
    "aiCalls": 0,
    "writes": 0,
    "outcome": "PASS"
  },
  {
    "mode": "inactive",
    "status": 403,
    "aiCalls": 0,
    "writes": 0,
    "outcome": "PASS"
  },
  {
    "mode": "foreign",
    "status": 403,
    "aiCalls": 0,
    "writes": 0,
    "outcome": "PASS"
  },
  {
    "mode": "finalized",
    "status": 409,
    "aiCalls": 0,
    "writes": 0,
    "outcome": "PASS"
  },
  {
    "mode": "finalize-during-ai",
    "status": 409,
    "aiCalls": 1,
    "writes": 0,
    "outcome": "PASS"
  },
  {
    "mode": "edit-during-ai",
    "status": 409,
    "aiCalls": 1,
    "writes": 0,
    "outcome": "PASS"
  },
  {
    "mode": "quota",
    "status": 403,
    "aiCalls": 0,
    "writes": 0,
    "outcome": "PASS"
  }
]
[
  {
    "method": "PATCH",
    "role": "OWNER",
    "relation": "self",
    "status": 200,
    "outcome": "PASS"
  },
  {
    "method": "PATCH",
    "role": "OWNER",
    "relation": "evaluator",
    "status": 200,
    "outcome": "PASS"
  },
  {
    "method": "PATCH",
    "role": "OWNER",
    "relation": "unrelated",
    "status": 200,
    "outcome": "PASS"
  },
  {
    "method": "PATCH",
    "role": "OWNER",
    "relation": "unlinked",
    "status": 200,
    "outcome": "PASS"
  },
  {
    "method": "PATCH",
    "role": "OWNER",
    "relation": "inactive",
    "status": 403,
    "outcome": "PASS"
  },
  {
    "method": "PATCH",
    "role": "OWNER",
    "relation": "role-changed",
    "status": 403,
    "outcome": "PASS"
  },
  {
    "method": "PATCH",
    "role": "OWNER",
    "relation": "foreign-org",
    "status": 403,
    "outcome": "PASS"
  },
  {
    "method": "PATCH",
    "role": "ADMIN",
    "relation": "self",
    "status": 200,
    "outcome": "PASS"
  },
  {
    "method": "PATCH",
    "role": "ADMIN",
    "relation": "evaluator",
    "status": 200,
    "outcome": "PASS"
  },
  {
    "method": "PATCH",
    "role": "ADMIN",
    "relation": "unrelated",
    "status": 200,
    "outcome": "PASS"
  },
  {
    "method": "PATCH",
    "role": "ADMIN",
    "relation": "unlinked",
    "status": 200,
    "outcome": "PASS"
  },
  {
    "method": "PATCH",
    "role": "ADMIN",
    "relation": "inactive",
    "status": 403,
    "outcome": "PASS"
  },
  {
    "method": "PATCH",
    "role": "ADMIN",
    "relation": "role-changed",
    "status": 403,
    "outcome": "PASS"
  },
  {
    "method": "PATCH",
    "role": "ADMIN",
    "relation": "foreign-org",
    "status": 403,
    "outcome": "PASS"
  },
  {
    "method": "PATCH",
    "role": "MANAGER",
    "relation": "self",
    "status": 200,
    "outcome": "PASS"
  },
  {
    "method": "PATCH",
    "role": "MANAGER",
    "relation": "evaluator",
    "status": 200,
    "outcome": "PASS"
  },
  {
    "method": "PATCH",
    "role": "MANAGER",
    "relation": "unrelated",
    "status": 403,
    "outcome": "PASS"
  },
  {
    "method": "PATCH",
    "role": "MANAGER",
    "relation": "unlinked",
    "status": 403,
    "outcome": "PASS"
  },
  {
    "method": "PATCH",
    "role": "MANAGER",
    "relation": "inactive",
    "status": 403,
    "outcome": "PASS"
  },
  {
    "method": "PATCH",
    "role": "MANAGER",
    "relation": "role-changed",
    "status": 403,
    "outcome": "PASS"
  },
  {
    "method": "PATCH",
    "role": "MANAGER",
    "relation": "foreign-org",
    "status": 403,
    "outcome": "PASS"
  },
  {
    "method": "PATCH",
    "role": "MEMBER",
    "relation": "self",
    "status": 200,
    "outcome": "PASS"
  },
  {
    "method": "PATCH",
    "role": "MEMBER",
    "relation": "evaluator",
    "status": 200,
    "outcome": "PASS"
  },
  {
    "method": "PATCH",
    "role": "MEMBER",
    "relation": "unrelated",
    "status": 403,
    "outcome": "PASS"
  },
  {
    "method": "PATCH",
    "role": "MEMBER",
    "relation": "unlinked",
    "status": 403,
    "outcome": "PASS"
  },
  {
    "method": "PATCH",
    "role": "MEMBER",
    "relation": "inactive",
    "status": 403,
    "outcome": "PASS"
  },
  {
    "method": "PATCH",
    "role": "MEMBER",
    "relation": "role-changed",
    "status": 403,
    "outcome": "PASS"
  },
  {
    "method": "PATCH",
    "role": "MEMBER",
    "relation": "foreign-org",
    "status": 403,
    "outcome": "PASS"
  },
  {
    "method": "PATCH",
    "role": "UNKNOWN",
    "relation": "self",
    "status": 403,
    "outcome": "PASS"
  },
  {
    "method": "PATCH",
    "role": "UNKNOWN",
    "relation": "evaluator",
    "status": 403,
    "outcome": "PASS"
  },
  {
    "method": "PATCH",
    "role": "UNKNOWN",
    "relation": "unrelated",
    "status": 403,
    "outcome": "PASS"
  },
  {
    "method": "PATCH",
    "role": "UNKNOWN",
    "relation": "unlinked",
    "status": 403,
    "outcome": "PASS"
  },
  {
    "method": "PATCH",
    "role": "UNKNOWN",
    "relation": "inactive",
    "status": 403,
    "outcome": "PASS"
  },
  {
    "method": "PATCH",
    "role": "UNKNOWN",
    "relation": "role-changed",
    "status": 403,
    "outcome": "PASS"
  },
  {
    "method": "PATCH",
    "role": "UNKNOWN",
    "relation": "foreign-org",
    "status": 403,
    "outcome": "PASS"
  },
  {
    "method": "POST",
    "role": "OWNER",
    "relation": "self",
    "status": 200,
    "outcome": "PASS"
  },
  {
    "method": "POST",
    "role": "OWNER",
    "relation": "evaluator",
    "status": 200,
    "outcome": "PASS"
  },
  {
    "method": "POST",
    "role": "OWNER",
    "relation": "unrelated",
    "status": 200,
    "outcome": "PASS"
  },
  {
    "method": "POST",
    "role": "OWNER",
    "relation": "unlinked",
    "status": 200,
    "outcome": "PASS"
  },
  {
    "method": "POST",
    "role": "OWNER",
    "relation": "inactive",
    "status": 403,
    "outcome": "PASS"
  },
  {
    "method": "POST",
    "role": "OWNER",
    "relation": "role-changed",
    "status": 403,
    "outcome": "PASS"
  },
  {
    "method": "POST",
    "role": "OWNER",
    "relation": "foreign-org",
    "status": 403,
    "outcome": "PASS"
  },
  {
    "method": "POST",
    "role": "ADMIN",
    "relation": "self",
    "status": 200,
    "outcome": "PASS"
  },
  {
    "method": "POST",
    "role": "ADMIN",
    "relation": "evaluator",
    "status": 200,
    "outcome": "PASS"
  },
  {
    "method": "POST",
    "role": "ADMIN",
    "relation": "unrelated",
    "status": 200,
    "outcome": "PASS"
  },
  {
    "method": "POST",
    "role": "ADMIN",
    "relation": "unlinked",
    "status": 200,
    "outcome": "PASS"
  },
  {
    "method": "POST",
    "role": "ADMIN",
    "relation": "inactive",
    "status": 403,
    "outcome": "PASS"
  },
  {
    "method": "POST",
    "role": "ADMIN",
    "relation": "role-changed",
    "status": 403,
    "outcome": "PASS"
  },
  {
    "method": "POST",
    "role": "ADMIN",
    "relation": "foreign-org",
    "status": 403,
    "outcome": "PASS"
  },
  {
    "method": "POST",
    "role": "MANAGER",
    "relation": "self",
    "status": 200,
    "outcome": "PASS"
  },
  {
    "method": "POST",
    "role": "MANAGER",
    "relation": "evaluator",
    "status": 200,
    "outcome": "PASS"
  },
  {
    "method": "POST",
    "role": "MANAGER",
    "relation": "unrelated",
    "status": 403,
    "outcome": "PASS"
  },
  {
    "method": "POST",
    "role": "MANAGER",
    "relation": "unlinked",
    "status": 403,
    "outcome": "PASS"
  },
  {
    "method": "POST",
    "role": "MANAGER",
    "relation": "inactive",
    "status": 403,
    "outcome": "PASS"
  },
  {
    "method": "POST",
    "role": "MANAGER",
    "relation": "role-changed",
    "status": 403,
    "outcome": "PASS"
  },
  {
    "method": "POST",
    "role": "MANAGER",
    "relation": "foreign-org",
    "status": 403,
    "outcome": "PASS"
  },
  {
    "method": "POST",
    "role": "MEMBER",
    "relation": "self",
    "status": 200,
    "outcome": "PASS"
  },
  {
    "method": "POST",
    "role": "MEMBER",
    "relation": "evaluator",
    "status": 200,
    "outcome": "PASS"
  },
  {
    "method": "POST",
    "role": "MEMBER",
    "relation": "unrelated",
    "status": 403,
    "outcome": "PASS"
  },
  {
    "method": "POST",
    "role": "MEMBER",
    "relation": "unlinked",
    "status": 403,
    "outcome": "PASS"
  },
  {
    "method": "POST",
    "role": "MEMBER",
    "relation": "inactive",
    "status": 403,
    "outcome": "PASS"
  },
  {
    "method": "POST",
    "role": "MEMBER",
    "relation": "role-changed",
    "status": 403,
    "outcome": "PASS"
  },
  {
    "method": "POST",
    "role": "MEMBER",
    "relation": "foreign-org",
    "status": 403,
    "outcome": "PASS"
  },
  {
    "method": "POST",
    "role": "UNKNOWN",
    "relation": "self",
    "status": 403,
    "outcome": "PASS"
  },
  {
    "method": "POST",
    "role": "UNKNOWN",
    "relation": "evaluator",
    "status": 403,
    "outcome": "PASS"
  },
  {
    "method": "POST",
    "role": "UNKNOWN",
    "relation": "unrelated",
    "status": 403,
    "outcome": "PASS"
  },
  {
    "method": "POST",
    "role": "UNKNOWN",
    "relation": "unlinked",
    "status": 403,
    "outcome": "PASS"
  },
  {
    "method": "POST",
    "role": "UNKNOWN",
    "relation": "inactive",
    "status": 403,
    "outcome": "PASS"
  },
  {
    "method": "POST",
    "role": "UNKNOWN",
    "relation": "role-changed",
    "status": 403,
    "outcome": "PASS"
  },
  {
    "method": "POST",
    "role": "UNKNOWN",
    "relation": "foreign-org",
    "status": 403,
    "outcome": "PASS"
  }
]
[
  {
    "actor": "self",
    "case": "form save and reload",
    "outcome": "PASS"
  },
  {
    "actor": "self",
    "score": 0,
    "outcome": "PASS"
  },
  {
    "actor": "self",
    "score": 1,
    "outcome": "PASS"
  },
  {
    "actor": "self",
    "score": 5,
    "outcome": "PASS"
  },
  {
    "actor": "self",
    "score": -1,
    "outcome": "PASS"
  },
  {
    "actor": "self",
    "score": 6,
    "outcome": "PASS"
  },
  {
    "actor": "self",
    "score": 1.5,
    "outcome": "PASS"
  },
  {
    "actor": "self",
    "score": "5",
    "outcome": "PASS"
  },
  {
    "actor": "self",
    "forbiddenField": "managerRating",
    "outcome": "PASS"
  },
  {
    "actor": "self",
    "forbiddenField": "managerComment",
    "outcome": "PASS"
  },
  {
    "actor": "self",
    "forbiddenField": "finalRating",
    "outcome": "PASS"
  },
  {
    "actor": "self",
    "forbiddenField": "status",
    "outcome": "PASS"
  },
  {
    "actor": "self",
    "forbiddenField": "evaluatorId",
    "outcome": "PASS"
  },
  {
    "actor": "manager",
    "case": "form save and reload",
    "outcome": "PASS"
  },
  {
    "actor": "manager",
    "score": 0,
    "outcome": "PASS"
  },
  {
    "actor": "manager",
    "score": 1,
    "outcome": "PASS"
  },
  {
    "actor": "manager",
    "score": 5,
    "outcome": "PASS"
  },
  {
    "actor": "manager",
    "score": -1,
    "outcome": "PASS"
  },
  {
    "actor": "manager",
    "score": 6,
    "outcome": "PASS"
  },
  {
    "actor": "manager",
    "score": 1.5,
    "outcome": "PASS"
  },
  {
    "actor": "manager",
    "score": "5",
    "outcome": "PASS"
  },
  {
    "actor": "manager",
    "forbiddenField": "selfRating",
    "outcome": "PASS"
  },
  {
    "actor": "manager",
    "forbiddenField": "selfComment",
    "outcome": "PASS"
  },
  {
    "actor": "manager",
    "forbiddenField": "finalRating",
    "outcome": "PASS"
  },
  {
    "actor": "manager",
    "forbiddenField": "status",
    "outcome": "PASS"
  },
  {
    "actor": "manager",
    "forbiddenField": "evaluatorId",
    "outcome": "PASS"
  },
  {
    "actor": "admin",
    "case": "form save and reload",
    "outcome": "PASS"
  },
  {
    "actor": "admin",
    "score": 0,
    "outcome": "PASS"
  },
  {
    "actor": "admin",
    "score": 1,
    "outcome": "PASS"
  },
  {
    "actor": "admin",
    "score": 5,
    "outcome": "PASS"
  },
  {
    "actor": "admin",
    "score": -1,
    "outcome": "PASS"
  },
  {
    "actor": "admin",
    "score": 6,
    "outcome": "PASS"
  },
  {
    "actor": "admin",
    "score": 1.5,
    "outcome": "PASS"
  },
  {
    "actor": "admin",
    "score": "5",
    "outcome": "PASS"
  }
]
[
  {
    "mode": "saved",
    "calls": [
      "save",
      "ai"
    ],
    "outcome": "PASS"
  },
  {
    "mode": "save-failed",
    "calls": [
      "save"
    ],
    "outcome": "PASS"
  },
  {
    "mode": "save-pending",
    "calls": [
      "save",
      "ai"
    ],
    "outcome": "PASS"
  },
  {
    "mode": "ai-failed",
    "calls": [
      "save",
      "ai"
    ],
    "outcome": "PASS"
  },
  {
    "mode": "saving",
    "calls": [],
    "outcome": "PASS"
  },
  {
    "mode": "generating",
    "calls": [],
    "outcome": "PASS"
  },
  {
    "mode": "finalized",
    "calls": [],
    "outcome": "PASS"
  }
]
[
  {
    "mode": "duplicate-ai",
    "outcome": "PASS"
  },
  {
    "mode": "save-during-ai",
    "outcome": "PASS"
  },
  {
    "mode": "duplicate-save",
    "outcome": "PASS"
  },
  {
    "mode": "ai-during-save",
    "outcome": "PASS"
  },
  {
    "mode": "save-failure",
    "outcome": "PASS"
  },
  {
    "mode": "ai-failure",
    "outcome": "PASS"
  }
]
[
  {
    "role": "OWNER",
    "active": true,
    "outcome": "PASS"
  },
  {
    "role": "OWNER",
    "active": false,
    "outcome": "PASS"
  },
  {
    "role": "ADMIN",
    "active": true,
    "outcome": "PASS"
  },
  {
    "role": "ADMIN",
    "active": false,
    "outcome": "PASS"
  },
  {
    "role": "MANAGER",
    "active": true,
    "outcome": "PASS"
  },
  {
    "role": "MANAGER",
    "active": false,
    "outcome": "PASS"
  },
  {
    "role": "MEMBER",
    "active": true,
    "outcome": "PASS"
  },
  {
    "role": "MEMBER",
    "active": false,
    "outcome": "PASS"
  },
  {
    "role": "UNKNOWN",
    "active": true,
    "outcome": "PASS"
  },
  {
    "role": "UNKNOWN",
    "active": false,
    "outcome": "PASS"
  },
  {
    "ui": "handleCreate",
    "allowed": true,
    "outcome": "PASS"
  },
  {
    "ui": "handleStatus",
    "allowed": true,
    "outcome": "PASS"
  },
  {
    "ui": "handleCreate",
    "allowed": false,
    "outcome": "PASS"
  },
  {
    "ui": "handleStatus",
    "allowed": false,
    "outcome": "PASS"
  }
]
PASS invalid count, project ID and oversized requests stop before collection
PASS empty projects remain visible for owner cleanup; foreign and archived stay excluded
PASS preserve 0 existing companies on throw, then retry
PASS preserve 0 existing companies on empty, then retry
PASS preserve 0 existing companies on unavailable, then retry
PASS preserve 0 existing companies on timeout, then retry
PASS preserve 0 existing companies on save, then retry
PASS preserve 2 existing companies on throw, then retry
PASS preserve 2 existing companies on empty, then retry
PASS preserve 2 existing companies on unavailable, then retry
PASS preserve 2 existing companies on timeout, then retry
PASS preserve 2 existing companies on save, then retry
PASS anonymous makes no provider or data changes
PASS foreign makes no provider or data changes
PASS quota makes no provider or data changes
{
  "passed": 15,
  "results": [
    "invalid count, project ID and oversized requests stop before collection",
    "empty projects remain visible for owner cleanup; foreign and archived stay excluded",
    "preserve 0 existing companies on throw, then retry",
    "preserve 0 existing companies on empty, then retry",
    "preserve 0 existing companies on unavailable, then retry",
    "preserve 0 existing companies on timeout, then retry",
    "preserve 0 existing companies on save, then retry",
    "preserve 2 existing companies on throw, then retry",
    "preserve 2 existing companies on empty, then retry",
    "preserve 2 existing companies on unavailable, then retry",
    "preserve 2 existing companies on timeout, then retry",
    "preserve 2 existing companies on save, then retry",
    "anonymous makes no provider or data changes",
    "foreign makes no provider or data changes",
    "quota makes no provider or data changes"
  ]
}
PASS autosave ok
PASS autosave 403
PASS autosave 500
PASS autosave network
PASS autosave invalid-json
PASS autosave false-success
PASS autosave wrong-draft
PASS serialized saves, firstFails=false
PASS serialized saves, firstFails=true
{
  "passed": 9,
  "results": [
    "autosave ok",
    "autosave 403",
    "autosave 500",
    "autosave network",
    "autosave invalid-json",
    "autosave false-success",
    "autosave wrong-draft",
    "serialized saves, firstFails=false",
    "serialized saves, firstFails=true"
  ]
}
PASS missing token never writes
PASS invalid token never writes
PASS stale token never writes
PASS null body never writes
PASS sequential saves use returned version and empty content resets count
PASS two editors sharing a version cannot both overwrite
PASS ownership change after initial read cannot save the draft
{
  "passed": 7,
  "results": [
    "missing token never writes",
    "invalid token never writes",
    "stale token never writes",
    "null body never writes",
    "sequential saves use returned version and empty content resets count",
    "two editors sharing a version cannot both overwrite",
    "ownership change after initial read cannot save the draft"
  ]
}
PASS title-only edits queue the new title and retain current body
PASS browser exit warning dirty=false
PASS browser exit warning dirty=true
{
  "passed": 3,
  "results": [
    "title-only edits queue the new title and retain current body",
    "browser exit warning dirty=false",
    "browser exit warning dirty=true"
  ]
}
PASS all 0 tasks reachable through real GET and UI load
PASS all 1 tasks reachable through real GET and UI load
PASS all 200 tasks reachable through real GET and UI load
PASS all 201 tasks reachable through real GET and UI load
PASS all 501 tasks reachable through real GET and UI load
PASS invalid page 0
PASS invalid page -1
PASS invalid page 1.5
PASS invalid page bad
PASS deal filter reaches every task without including other deals or organizations
PASS failed continuation retains rows and page; refresh replaces
{
  "passed": 11,
  "results": [
    "all 0 tasks reachable through real GET and UI load",
    "all 1 tasks reachable through real GET and UI load",
    "all 200 tasks reachable through real GET and UI load",
    "all 201 tasks reachable through real GET and UI load",
    "all 501 tasks reachable through real GET and UI load",
    "invalid page 0",
    "invalid page -1",
    "invalid page 1.5",
    "invalid page bad",
    "deal filter reaches every task without including other deals or organizations",
    "failed continuation retains rows and page; refresh replaces"
  ]
}
{
  "scope": "Actual form/page callbacks, PATCH, GET, AI route and prompt builder; synthetic auth/DB/model/billing. No browser or production changes.",
  "savedFields": [
    "scheduledAt",
    "duration",
    "agenda",
    "managerNotes",
    "employeeNotes",
    "aiActionItems"
  ],
  "saveStatus": 200,
  "uiErrors": [],
  "results": [
    {
      "name": "duration survives save and GET",
      "outcome": "PASS",
      "actual": 45
    },
    {
      "name": "agenda survives save and GET",
      "outcome": "PASS",
      "actual": [
        {
          "id": "agenda",
          "topic": "新しい議題",
          "category": "BUSINESS"
        }
      ]
    },
    {
      "name": "date survives save and GET",
      "outcome": "PASS",
      "submitted": "2026-09-22T10:00",
      "actual": "2026-09-22T01:00:00.000Z",
      "uiDate": "2026-09-22T01:00:00.000Z"
    },
    {
      "name": "managerNote survives save and GET",
      "outcome": "PASS",
      "submitted": "新しい上司メモ",
      "uiProp": "新しい上司メモ"
    },
    {
      "name": "sharedNote survives save and GET",
      "outcome": "PASS",
      "submitted": "新しい共有メモ",
      "uiProp": "新しい共有メモ"
    },
    {
      "name": "actionItems survives save and GET",
      "outcome": "PASS",
      "submitted": [
        {
          "id": "action",
          "content": "次回までの新しい宿題",
          "assignee": "社員",
          "dueDate": "2026-09-30",
          "done": false
        }
      ],
      "uiProp": [
        {
          "id": "action",
          "content": "次回までの新しい宿題",
          "assignee": "社員",
          "dueDate": "2026-09-30",
          "done": false
        }
      ]
    },
    {
      "name": "summary after saving nonempty notes",
      "outcome": "PASS",
      "status": 200,
      "aiResult": "合成要約",
      "modelCalls": 1,
      "usage": 1
    },
    {
      "name": "supported API note control permits summary",
      "outcome": "PASS",
      "status": 200,
      "modelCalls": 2,
      "usage": 2,
      "aiResult": "合成要約"
    }
  ]
}
PASS reject invalid 1on1 payload null
PASS reject invalid 1on1 payload []
PASS reject invalid 1on1 payload {"date":"invalid"}
PASS reject invalid 1on1 payload {"date":"2026-09-20T10:00"}
PASS reject invalid 1on1 payload {"duration":0}
PASS reject invalid 1on1 payload {"duration":1.5}
PASS reject invalid 1on1 payload {"duration":1441}
PASS reject invalid 1on1 payload {"managerNote":123}
PASS reject invalid 1on1 payload {"actionItems":"bad"}
PASS reject invalid 1on1 payload {"managerNote":"a","managerNotes":"b"}
{
  "passed": 10,
  "results": [
    "reject invalid 1on1 payload null",
    "reject invalid 1on1 payload []",
    "reject invalid 1on1 payload {\"date\":\"invalid\"}",
    "reject invalid 1on1 payload {\"date\":\"2026-09-20T10:00\"}",
    "reject invalid 1on1 payload {\"duration\":0}",
    "reject invalid 1on1 payload {\"duration\":1.5}",
    "reject invalid 1on1 payload {\"duration\":1441}",
    "reject invalid 1on1 payload {\"managerNote\":123}",
    "reject invalid 1on1 payload {\"actionItems\":\"bad\"}",
    "reject invalid 1on1 payload {\"managerNote\":\"a\",\"managerNotes\":\"b\"}"
  ]
}
PASS 1on1 summary normal
PASS 1on1 summary save-failed
PASS 1on1 summary duplicate
PASS 1on1 summary readonly
PASS 1on1 summary saving
PASS edit completed
PASS edit race
PASS edit normal
PASS ai completed
PASS ai race
PASS ai normal
PASS ai quota
{
  "passed": 12,
  "results": [
    "1on1 summary normal",
    "1on1 summary save-failed",
    "1on1 summary duplicate",
    "1on1 summary readonly",
    "1on1 summary saving",
    "edit completed",
    "edit race",
    "edit normal",
    "ai completed",
    "ai race",
    "ai normal",
    "ai quota"
  ]
}
PASS OWNER / subject / GET
PASS OWNER / subject / PATCH
PASS OWNER / subject / AI
PASS OWNER / manager / GET
PASS OWNER / manager / PATCH
PASS OWNER / manager / AI
PASS OWNER / unrelated / GET
PASS OWNER / unrelated / PATCH
PASS OWNER / unrelated / AI
PASS OWNER / inactive / GET
PASS OWNER / inactive / PATCH
PASS OWNER / inactive / AI
PASS ADMIN / subject / GET
PASS ADMIN / subject / PATCH
PASS ADMIN / subject / AI
PASS ADMIN / manager / GET
PASS ADMIN / manager / PATCH
PASS ADMIN / manager / AI
PASS ADMIN / unrelated / GET
PASS ADMIN / unrelated / PATCH
PASS ADMIN / unrelated / AI
PASS ADMIN / inactive / GET
PASS ADMIN / inactive / PATCH
PASS ADMIN / inactive / AI
PASS MANAGER / subject / GET
PASS MANAGER / subject / PATCH
PASS MANAGER / subject / AI
PASS MANAGER / manager / GET
PASS MANAGER / manager / PATCH
PASS MANAGER / manager / AI
PASS MANAGER / unrelated / GET
PASS MANAGER / unrelated / PATCH
PASS MANAGER / unrelated / AI
PASS MANAGER / inactive / GET
PASS MANAGER / inactive / PATCH
PASS MANAGER / inactive / AI
PASS MEMBER / subject / GET
PASS MEMBER / subject / PATCH
PASS MEMBER / subject / AI
PASS MEMBER / manager / GET
PASS MEMBER / manager / PATCH
PASS MEMBER / manager / AI
PASS MEMBER / unrelated / GET
PASS MEMBER / unrelated / PATCH
PASS MEMBER / unrelated / AI
PASS MEMBER / inactive / GET
PASS MEMBER / inactive / PATCH
PASS MEMBER / inactive / AI
PASS UNKNOWN / subject / GET
PASS UNKNOWN / subject / PATCH
PASS UNKNOWN / subject / AI
PASS UNKNOWN / manager / GET
PASS UNKNOWN / manager / PATCH
PASS UNKNOWN / manager / AI
PASS UNKNOWN / unrelated / GET
PASS UNKNOWN / unrelated / PATCH
PASS UNKNOWN / unrelated / AI
PASS UNKNOWN / inactive / GET
PASS UNKNOWN / inactive / PATCH
PASS UNKNOWN / inactive / AI
{
  "passed": 60,
  "results": [
    "OWNER / subject / GET",
    "OWNER / subject / PATCH",
    "OWNER / subject / AI",
    "OWNER / manager / GET",
    "OWNER / manager / PATCH",
    "OWNER / manager / AI",
    "OWNER / unrelated / GET",
    "OWNER / unrelated / PATCH",
    "OWNER / unrelated / AI",
    "OWNER / inactive / GET",
    "OWNER / inactive / PATCH",
    "OWNER / inactive / AI",
    "ADMIN / subject / GET",
    "ADMIN / subject / PATCH",
    "ADMIN / subject / AI",
    "ADMIN / manager / GET",
    "ADMIN / manager / PATCH",
    "ADMIN / manager / AI",
    "ADMIN / unrelated / GET",
    "ADMIN / unrelated / PATCH",
    "ADMIN / unrelated / AI",
    "ADMIN / inactive / GET",
    "ADMIN / inactive / PATCH",
    "ADMIN / inactive / AI",
    "MANAGER / subject / GET",
    "MANAGER / subject / PATCH",
    "MANAGER / subject / AI",
    "MANAGER / manager / GET",
    "MANAGER / manager / PATCH",
    "MANAGER / manager / AI",
    "MANAGER / unrelated / GET",
    "MANAGER / unrelated / PATCH",
    "MANAGER / unrelated / AI",
    "MANAGER / inactive / GET",
    "MANAGER / inactive / PATCH",
    "MANAGER / inactive / AI",
    "MEMBER / subject / GET",
    "MEMBER / subject / PATCH",
    "MEMBER / subject / AI",
    "MEMBER / manager / GET",
    "MEMBER / manager / PATCH",
    "MEMBER / manager / AI",
    "MEMBER / unrelated / GET",
    "MEMBER / unrelated / PATCH",
    "MEMBER / unrelated / AI",
    "MEMBER / inactive / GET",
    "MEMBER / inactive / PATCH",
    "MEMBER / inactive / AI",
    "UNKNOWN / subject / GET",
    "UNKNOWN / subject / PATCH",
    "UNKNOWN / subject / AI",
    "UNKNOWN / manager / GET",
    "UNKNOWN / manager / PATCH",
    "UNKNOWN / manager / AI",
    "UNKNOWN / unrelated / GET",
    "UNKNOWN / unrelated / PATCH",
    "UNKNOWN / unrelated / AI",
    "UNKNOWN / inactive / GET",
    "UNKNOWN / inactive / PATCH",
    "UNKNOWN / inactive / AI"
  ]
}
PASS OWNER / list
PASS OWNER / filtered-list
PASS OWNER / employee
PASS OWNER / dashboard
PASS ADMIN / list
PASS ADMIN / filtered-list
PASS ADMIN / employee
PASS ADMIN / dashboard
PASS MANAGER / list
PASS MANAGER / filtered-list
PASS MANAGER / employee
PASS MANAGER / dashboard
PASS MEMBER / list
PASS MEMBER / filtered-list
PASS MEMBER / employee
PASS MEMBER / dashboard
PASS UNKNOWN / list
PASS UNKNOWN / filtered-list
PASS UNKNOWN / employee
PASS UNKNOWN / dashboard
PASS INACTIVE / list
PASS INACTIVE / filtered-list
PASS INACTIVE / employee
PASS INACTIVE / dashboard
{
  "passed": 24,
  "results": [
    "OWNER / list",
    "OWNER / filtered-list",
    "OWNER / employee",
    "OWNER / dashboard",
    "ADMIN / list",
    "ADMIN / filtered-list",
    "ADMIN / employee",
    "ADMIN / dashboard",
    "MANAGER / list",
    "MANAGER / filtered-list",
    "MANAGER / employee",
    "MANAGER / dashboard",
    "MEMBER / list",
    "MEMBER / filtered-list",
    "MEMBER / employee",
    "MEMBER / dashboard",
    "UNKNOWN / list",
    "UNKNOWN / filtered-list",
    "UNKNOWN / employee",
    "UNKNOWN / dashboard",
    "INACTIVE / list",
    "INACTIVE / filtered-list",
    "INACTIVE / employee",
    "INACTIVE / dashboard"
  ]
}
PASS create OWNER active=true manager=self
PASS create OWNER active=true manager=other
PASS create OWNER active=false manager=self
PASS create OWNER active=false manager=other
PASS create ADMIN active=true manager=self
PASS create ADMIN active=true manager=other
PASS create ADMIN active=false manager=self
PASS create ADMIN active=false manager=other
PASS create MANAGER active=true manager=self
PASS create MANAGER active=true manager=other
PASS create MANAGER active=false manager=self
PASS create MANAGER active=false manager=other
PASS create MEMBER active=true manager=self
PASS create MEMBER active=true manager=other
PASS create MEMBER active=false manager=self
PASS create MEMBER active=false manager=other
PASS create UNKNOWN active=true manager=self
PASS create UNKNOWN active=true manager=other
PASS create UNKNOWN active=false manager=self
PASS create UNKNOWN active=false manager=other
PASS subject cannot update managerNotes=Overwrite
PASS subject cannot update managerNotes=null
PASS subject cannot update managerNote=Overwrite
PASS subject cannot update managerNote=null
PASS subject cannot update privateNotes=Overwrite
PASS subject cannot update privateNotes=null
PASS invalid creation {"employeeId":"self","managerId":"self"}
PASS invalid creation {"employeeId":"subject","managerId":"self","duration":0}
PASS invalid creation {"employeeId":"subject","managerId":"self","duration":1.5}
{
  "passed": 29,
  "results": [
    "create OWNER active=true manager=self",
    "create OWNER active=true manager=other",
    "create OWNER active=false manager=self",
    "create OWNER active=false manager=other",
    "create ADMIN active=true manager=self",
    "create ADMIN active=true manager=other",
    "create ADMIN active=false manager=self",
    "create ADMIN active=false manager=other",
    "create MANAGER active=true manager=self",
    "create MANAGER active=true manager=other",
    "create MANAGER active=false manager=self",
    "create MANAGER active=false manager=other",
    "create MEMBER active=true manager=self",
    "create MEMBER active=true manager=other",
    "create MEMBER active=false manager=self",
    "create MEMBER active=false manager=other",
    "create UNKNOWN active=true manager=self",
    "create UNKNOWN active=true manager=other",
    "create UNKNOWN active=false manager=self",
    "create UNKNOWN active=false manager=other",
    "subject cannot update managerNotes=Overwrite",
    "subject cannot update managerNotes=null",
    "subject cannot update managerNote=Overwrite",
    "subject cannot update managerNote=null",
    "subject cannot update privateNotes=Overwrite",
    "subject cannot update privateNotes=null",
    "invalid creation {\"employeeId\":\"self\",\"managerId\":\"self\"}",
    "invalid creation {\"employeeId\":\"subject\",\"managerId\":\"self\",\"duration\":0}",
    "invalid creation {\"employeeId\":\"subject\",\"managerId\":\"self\",\"duration\":1.5}"
  ]
}
PASS one-on-one: all 221 records reachable
PASS one-on-one: rejects page=abc
PASS one-on-one: rejects page=1.5
PASS one-on-one: rejects page=-1
PASS one-on-one: rejects page=1000001
PASS one-on-one: rejects pageSize=abc
PASS one-on-one: rejects pageSize=0
PASS employees: all 221 records reachable
PASS employees: rejects page=abc
PASS employees: rejects page=1.5
PASS employees: rejects page=-1
PASS employees: rejects page=1000001
PASS employees: rejects pageSize=abc
PASS employees: rejects pageSize=0
{
  "passed": 14,
  "results": [
    "one-on-one: all 221 records reachable",
    "one-on-one: rejects page=abc",
    "one-on-one: rejects page=1.5",
    "one-on-one: rejects page=-1",
    "one-on-one: rejects page=1000001",
    "one-on-one: rejects pageSize=abc",
    "one-on-one: rejects pageSize=0",
    "employees: all 221 records reachable",
    "employees: rejects page=abc",
    "employees: rejects page=1.5",
    "employees: rejects page=-1",
    "employees: rejects page=1000001",
    "employees: rejects pageSize=abc",
    "employees: rejects pageSize=0"
  ]
}
PASS records: pagination and failed continuation preserve loaded data
PASS records: older response cannot overwrite newer page
PASS employees: pagination and failed continuation preserve loaded data
PASS employees: older response cannot overwrite newer page
{
  "passed": 4,
  "results": [
    "records: pagination and failed continuation preserve loaded data",
    "records: older response cannot overwrite newer page",
    "employees: pagination and failed continuation preserve loaded data",
    "employees: older response cannot overwrite newer page"
  ]
}
PASS API date undefined
PASS API date null
PASS API date 2026-09-20T10:30:00+09:00
PASS invalid API date bad
PASS invalid API date
PASS invalid API date 123
PASS invalid API date 2026-09-20T10:30:00
PASS invalid API date 2026-99-99T10:30:00Z
PASS create UI /
PASS create UI 2026-09-20/
PASS create UI /10:30
PASS create UI 2026-09-20/10:30
{
  "passed": 12,
  "results": [
    "API date undefined",
    "API date null",
    "API date 2026-09-20T10:30:00+09:00",
    "invalid API date bad",
    "invalid API date ",
    "invalid API date 123",
    "invalid API date 2026-09-20T10:30:00",
    "invalid API date 2026-99-99T10:30:00Z",
    "create UI /",
    "create UI 2026-09-20/",
    "create UI /10:30",
    "create UI 2026-09-20/10:30"
  ]
}
PASS old GET response ignored after route switch
PASS old failure cannot replace newer successful record
PASS route change clears previous errors and record
PASS mismatched GET id not displayed
PASS wrong form id rejected before PATCH
PASS old save response cannot merge into another record
PASS wrong save response id rejected
{
  "passed": 7,
  "results": [
    "old GET response ignored after route switch",
    "old failure cannot replace newer successful record",
    "route change clears previous errors and record",
    "mismatched GET id not displayed",
    "wrong form id rejected before PATCH",
    "old save response cannot merge into another record",
    "wrong save response id rejected"
  ]
}
PASS saved subscription fallback foreign-app
PASS saved subscription fallback other-user
PASS saved subscription fallback own-legacy
PASS period_end fails=
PASS period_end fails=a
PASS period_end fails=b
PASS period_end fails=a,b
PASS immediate fails=
PASS immediate fails=a
PASS immediate fails=b
PASS immediate fails=a,b
PASS notification queue outage falls back to awaited critical alert
PASS notification delivery claim outage keeps queued alert without duplicate fallback
PASS foreign contract returned by stale discovery is never canceled
PASS src/app/banner/dashboard/plan/page.tsx success
PASS src/app/banner/dashboard/plan/page.tsx partial failure
PASS src/app/banner/dashboard/settings/page.tsx success
PASS src/app/banner/dashboard/settings/page.tsx partial failure
PASS src/app/seo/dashboard/plan/page.tsx success
PASS src/app/seo/dashboard/plan/page.tsx partial failure
{
  "passed": 20,
  "results": [
    "saved subscription fallback foreign-app",
    "saved subscription fallback other-user",
    "saved subscription fallback own-legacy",
    "period_end fails=",
    "period_end fails=a",
    "period_end fails=b",
    "period_end fails=a,b",
    "immediate fails=",
    "immediate fails=a",
    "immediate fails=b",
    "immediate fails=a,b",
    "notification queue outage falls back to awaited critical alert",
    "notification delivery claim outage keeps queued alert without duplicate fallback",
    "foreign contract returned by stale discovery is never canceled",
    "src/app/banner/dashboard/plan/page.tsx success",
    "src/app/banner/dashboard/plan/page.tsx partial failure",
    "src/app/banner/dashboard/settings/page.tsx success",
    "src/app/banner/dashboard/settings/page.tsx partial failure",
    "src/app/seo/dashboard/plan/page.tsx success",
    "src/app/seo/dashboard/plan/page.tsx partial failure"
  ]
}
PASS all 0 customers searched, no duplicate stored customer
PASS all 1 customers searched, no duplicate stored customer
PASS all 100 customers searched, no duplicate stored customer
PASS all 101 customers searched, no duplicate stored customer
PASS all 205 customers searched, no duplicate stored customer
PASS active contract after 0 subscription records
PASS active contract after 1 subscription records
PASS active contract after 100 subscription records
PASS active contract after 101 subscription records
PASS active contract after 205 subscription records
PASS shared-account discovery ignores foreign active subscriptions
PASS stored foreign customer cannot contribute another user contract
PASS legacy contract requires verified Stripe customer email
PASS reloaded legacy contract rejects foreign customer email
PASS customers second page failure is not partial success
PASS subscriptions second page failure is not partial success
PASS portal customer lookup propagates customers pagination failure
PASS portal customer lookup propagates subscriptions pagination failure
PASS portal selects customer with a live contract
PASS portal retains stored customer only when discovery completed without a live contract
PASS portal rejects foreign stored customer without a live contract
PASS portal rejects stored customer without any proven Doya contract
PASS portal rejects customer with another user subscription even when own contract is active
PASS portal rejects customer with a foreign app subscription
PASS portal rejects customer with a foreign or unlinked invoice
PASS portal checks later invoice pages and propagates lookup failure
PASS portal selects a clean customer when the stored customer has a foreign contract
PASS portal missing shows retry page for the original service
PASS portal error shows retry page for the original service
PASS portal/redirect missing shows retry page for the original service
PASS portal/redirect error shows retry page for the original service
PASS portal login returns to the requested billing flow
PASS portal/redirect login returns to the requested billing flow
PASS repeating cursor rejected instead of infinite loop
PASS checkout gate failure
PASS checkout gate existing
PASS checkout gate none
{
  "passed": 37,
  "results": [
    "all 0 customers searched, no duplicate stored customer",
    "all 1 customers searched, no duplicate stored customer",
    "all 100 customers searched, no duplicate stored customer",
    "all 101 customers searched, no duplicate stored customer",
    "all 205 customers searched, no duplicate stored customer",
    "active contract after 0 subscription records",
    "active contract after 1 subscription records",
    "active contract after 100 subscription records",
    "active contract after 101 subscription records",
    "active contract after 205 subscription records",
    "shared-account discovery ignores foreign active subscriptions",
    "stored foreign customer cannot contribute another user contract",
    "legacy contract requires verified Stripe customer email",
    "reloaded legacy contract rejects foreign customer email",
    "customers second page failure is not partial success",
    "subscriptions second page failure is not partial success",
    "portal customer lookup propagates customers pagination failure",
    "portal customer lookup propagates subscriptions pagination failure",
    "portal selects customer with a live contract",
    "portal retains stored customer only when discovery completed without a live contract",
    "portal rejects foreign stored customer without a live contract",
    "portal rejects stored customer without any proven Doya contract",
    "portal rejects customer with another user subscription even when own contract is active",
    "portal rejects customer with a foreign app subscription",
    "portal rejects customer with a foreign or unlinked invoice",
    "portal checks later invoice pages and propagates lookup failure",
    "portal selects a clean customer when the stored customer has a foreign contract",
    "portal missing shows retry page for the original service",
    "portal error shows retry page for the original service",
    "portal/redirect missing shows retry page for the original service",
    "portal/redirect error shows retry page for the original service",
    "portal login returns to the requested billing flow",
    "portal/redirect login returns to the requested billing flow",
    "repeating cursor rejected instead of infinite loop",
    "checkout gate failure",
    "checkout gate existing",
    "checkout gate none"
  ]
}
PASS trial history new
PASS trial history old
PASS trial history late-customer
PASS trial history late-subscription
PASS trial history customer-failure
PASS trial history subscription-failure
PASS stored foreign customer history does not deny the real user trial
PASS mismatched Stripe email search row cannot deny the real user trial
PASS stored same-email customer history still denies repeat trial
PASS checkout trial new
PASS checkout trial old
PASS checkout trial customer-failure
PASS checkout trial subscription-failure
PASS eligibility display new
PASS eligibility display old
PASS eligibility display customer-failure
{
  "passed": 16,
  "results": [
    "trial history new",
    "trial history old",
    "trial history late-customer",
    "trial history late-subscription",
    "trial history customer-failure",
    "trial history subscription-failure",
    "stored foreign customer history does not deny the real user trial",
    "mismatched Stripe email search row cannot deny the real user trial",
    "stored same-email customer history still denies repeat trial",
    "checkout trial new",
    "checkout trial old",
    "checkout trial customer-failure",
    "checkout trial subscription-failure",
    "eligibility display new",
    "eligibility display old",
    "eligibility display customer-failure"
  ]
}
PASS resume active
PASS resume trialing
PASS resume past_due
PASS resume already-resumed
PASS resume none
PASS resume multiple
PASS resume lookup-error
PASS resume ended
PASS resume wrong-customer
PASS resume foreign-app
PASS resume other-user
PASS resume legacy-foreign-email
PASS resume update-failure
PASS resume unchanged
{
  "passed": 14,
  "results": [
    "resume active",
    "resume trialing",
    "resume past_due",
    "resume already-resumed",
    "resume none",
    "resume multiple",
    "resume lookup-error",
    "resume ended",
    "resume wrong-customer",
    "resume foreign-app",
    "resume other-user",
    "resume legacy-foreign-email",
    "resume update-failure",
    "resume unchanged"
  ]
}
PASS status current
PASS status none
PASS status multiple
PASS status lookup-failure
PASS status stale
PASS status missing
PASS status unpaid
PASS status foreign
PASS status foreign-app
PASS status other-user
PASS status legacy-foreign-email
{
  "passed": 11,
  "results": [
    "status current",
    "status none",
    "status multiple",
    "status lookup-failure",
    "status stale",
    "status missing",
    "status unpaid",
    "status foreign",
    "status foreign-app",
    "status other-user",
    "status legacy-foreign-email"
  ]
}
PASS owner saves user
PASS owner saves guest
PASS other saves user
PASS other saves guest
PASS guest saves user
PASS guest saves guest
PASS other-guest saves user
PASS other-guest saves guest
PASS anonymous saves user
PASS anonymous saves guest
{
  "passed": 10,
  "results": [
    "owner saves user",
    "owner saves guest",
    "other saves user",
    "other saves guest",
    "guest saves user",
    "guest saves guest",
    "other-guest saves user",
    "other-guest saves guest",
    "anonymous saves user",
    "anonymous saves guest"
  ]
}
PASS memo owner user
PASS memo owner guest
PASS memo other user
PASS memo other guest
PASS memo guest user
PASS memo guest guest
PASS memo other-guest user
PASS memo other-guest guest
PASS memo anonymous user
PASS memo anonymous guest
PASS outline owner user
PASS outline owner guest
PASS outline other user
PASS outline other guest
PASS outline guest user
PASS outline guest guest
PASS outline other-guest user
PASS outline other-guest guest
PASS outline anonymous user
PASS outline anonymous guest
{
  "passed": 20,
  "results": [
    "memo owner user",
    "memo owner guest",
    "memo other user",
    "memo other guest",
    "memo guest user",
    "memo guest guest",
    "memo other-guest user",
    "memo other-guest guest",
    "memo anonymous user",
    "memo anonymous guest",
    "outline owner user",
    "outline owner guest",
    "outline other user",
    "outline other guest",
    "outline guest user",
    "outline guest guest",
    "outline other-guest user",
    "outline other-guest guest",
    "outline anonymous user",
    "outline anonymous guest"
  ]
}
PASS html owner user
PASS html owner guest
PASS html other user
PASS html other guest
PASS html guest user
PASS html guest guest
PASS html other-guest user
PASS html other-guest guest
PASS html anonymous user
PASS html anonymous guest
PASS json owner user
PASS json owner guest
PASS json other user
PASS json other guest
PASS json guest user
PASS json guest guest
PASS json other-guest user
PASS json other-guest guest
PASS json anonymous user
PASS json anonymous guest
PASS markdown owner user
PASS markdown owner guest
PASS markdown other user
PASS markdown other guest
PASS markdown guest user
PASS markdown guest guest
PASS markdown other-guest user
PASS markdown other-guest guest
PASS markdown anonymous user
PASS markdown anonymous guest
PASS note owner user
PASS note owner guest
PASS note other user
PASS note other guest
PASS note guest user
PASS note guest guest
PASS note other-guest user
PASS note other-guest guest
PASS note anonymous user
PASS note anonymous guest
PASS txt owner user
PASS txt owner guest
PASS txt other user
PASS txt other guest
PASS txt guest user
PASS txt guest guest
PASS txt other-guest user
PASS txt other-guest guest
PASS txt anonymous user
PASS txt anonymous guest
{
  "passed": 50,
  "results": [
    "html owner user",
    "html owner guest",
    "html other user",
    "html other guest",
    "html guest user",
    "html guest guest",
    "html other-guest user",
    "html other-guest guest",
    "html anonymous user",
    "html anonymous guest",
    "json owner user",
    "json owner guest",
    "json other user",
    "json other guest",
    "json guest user",
    "json guest guest",
    "json other-guest user",
    "json other-guest guest",
    "json anonymous user",
    "json anonymous guest",
    "markdown owner user",
    "markdown owner guest",
    "markdown other user",
    "markdown other guest",
    "markdown guest user",
    "markdown guest guest",
    "markdown other-guest user",
    "markdown other-guest guest",
    "markdown anonymous user",
    "markdown anonymous guest",
    "note owner user",
    "note owner guest",
    "note other user",
    "note other guest",
    "note guest user",
    "note guest guest",
    "note other-guest user",
    "note other-guest guest",
    "note anonymous user",
    "note anonymous guest",
    "txt owner user",
    "txt owner guest",
    "txt other user",
    "txt other guest",
    "txt guest user",
    "txt guest guest",
    "txt other-guest user",
    "txt other-guest guest",
    "txt anonymous user",
    "txt anonymous guest"
  ]
}
PASS check owner user
PASS check owner guest
PASS check other user
PASS check other guest
PASS check guest user
PASS check guest guest
PASS check other-guest user
PASS check other-guest guest
PASS check anonymous user
PASS check anonymous guest
PASS autofix owner user
PASS autofix owner guest
PASS autofix other user
PASS autofix other guest
PASS autofix guest user
PASS autofix guest guest
PASS autofix other-guest user
PASS autofix other-guest guest
PASS autofix anonymous user
PASS autofix anonymous guest
PASS link-check owner user
PASS link-check owner guest
PASS link-check other user
PASS link-check other guest
PASS link-check guest user
PASS link-check guest guest
PASS link-check other-guest user
PASS link-check other-guest guest
PASS link-check anonymous user
PASS link-check anonymous guest
{
  "passed": 30,
  "results": [
    "check owner user",
    "check owner guest",
    "check other user",
    "check other guest",
    "check guest user",
    "check guest guest",
    "check other-guest user",
    "check other-guest guest",
    "check anonymous user",
    "check anonymous guest",
    "autofix owner user",
    "autofix owner guest",
    "autofix other user",
    "autofix other guest",
    "autofix guest user",
    "autofix guest guest",
    "autofix other-guest user",
    "autofix other-guest guest",
    "autofix anonymous user",
    "autofix anonymous guest",
    "link-check owner user",
    "link-check owner guest",
    "link-check other user",
    "link-check other guest",
    "link-check guest user",
    "link-check guest guest",
    "link-check other-guest user",
    "link-check other-guest guest",
    "link-check anonymous user",
    "link-check anonymous guest"
  ]
}
PASS check result empty
PASS check result valid
PASS check result malformed
PASS check result missing-items
PASS check result bad-item
PASS check result storage-failure
PASS check result changed
{
  "passed": 7,
  "results": [
    "check result empty",
    "check result valid",
    "check result malformed",
    "check result missing-items",
    "check result bad-item",
    "check result storage-failure",
    "check result changed"
  ]
}
PASS generate-note owner user
PASS generate-note owner guest
PASS generate-note other user
PASS generate-note other guest
PASS generate-note guest user
PASS generate-note guest guest
PASS generate-note other-guest user
PASS generate-note other-guest guest
PASS generate-note anonymous user
PASS generate-note anonymous guest
PASS research owner user
PASS research owner guest
PASS research other user
PASS research other guest
PASS research guest user
PASS research guest guest
PASS research other-guest user
PASS research other-guest guest
PASS research anonymous user
PASS research anonymous guest
PASS images/select-banner owner user
PASS images/select-banner owner guest
PASS images/select-banner other user
PASS images/select-banner other guest
PASS images/select-banner guest user
PASS images/select-banner guest guest
PASS images/select-banner other-guest user
PASS images/select-banner other-guest guest
PASS images/select-banner anonymous user
PASS images/select-banner anonymous guest
{
  "passed": 30,
  "results": [
    "generate-note owner user",
    "generate-note owner guest",
    "generate-note other user",
    "generate-note other guest",
    "generate-note guest user",
    "generate-note guest guest",
    "generate-note other-guest user",
    "generate-note other-guest guest",
    "generate-note anonymous user",
    "generate-note anonymous guest",
    "research owner user",
    "research owner guest",
    "research other user",
    "research other guest",
    "research guest user",
    "research guest guest",
    "research other-guest user",
    "research other-guest guest",
    "research anonymous user",
    "research anonymous guest",
    "images/select-banner owner user",
    "images/select-banner owner guest",
    "images/select-banner other user",
    "images/select-banner other guest",
    "images/select-banner guest user",
    "images/select-banner guest guest",
    "images/select-banner other-guest user",
    "images/select-banner other-guest guest",
    "images/select-banner anonymous user",
    "images/select-banner anonymous guest"
  ]
}
PASS banner owner user
PASS banner owner guest
PASS banner other user
PASS banner other guest
PASS banner guest user
PASS banner guest guest
PASS banner other-guest user
PASS banner other-guest guest
PASS banner anonymous user
PASS banner anonymous guest
PASS diagram owner user
PASS diagram owner guest
PASS diagram other user
PASS diagram other guest
PASS diagram guest user
PASS diagram guest guest
PASS diagram other-guest user
PASS diagram other-guest guest
PASS diagram anonymous user
PASS diagram anonymous guest
PASS batch owner user
PASS batch owner guest
PASS batch other user
PASS batch other guest
PASS batch guest user
PASS batch guest guest
PASS batch other-guest user
PASS batch other-guest guest
PASS batch anonymous user
PASS batch anonymous guest
PASS suggest owner user
PASS suggest owner guest
PASS suggest other user
PASS suggest other guest
PASS suggest guest user
PASS suggest guest guest
PASS suggest other-guest user
PASS suggest other-guest guest
PASS suggest anonymous user
PASS suggest anonymous guest
{
  "passed": 40,
  "results": [
    "banner owner user",
    "banner owner guest",
    "banner other user",
    "banner other guest",
    "banner guest user",
    "banner guest guest",
    "banner other-guest user",
    "banner other-guest guest",
    "banner anonymous user",
    "banner anonymous guest",
    "diagram owner user",
    "diagram owner guest",
    "diagram other user",
    "diagram other guest",
    "diagram guest user",
    "diagram guest guest",
    "diagram other-guest user",
    "diagram other-guest guest",
    "diagram anonymous user",
    "diagram anonymous guest",
    "batch owner user",
    "batch owner guest",
    "batch other user",
    "batch other guest",
    "batch guest user",
    "batch guest guest",
    "batch other-guest user",
    "batch other-guest guest",
    "batch anonymous user",
    "batch anonymous guest",
    "suggest owner user",
    "suggest owner guest",
    "suggest other user",
    "suggest other guest",
    "suggest guest user",
    "suggest guest guest",
    "suggest other-guest user",
    "suggest other-guest guest",
    "suggest anonymous user",
    "suggest anonymous guest"
  ]
}
PASS invalid batch null
PASS invalid batch {}
PASS invalid batch {"diagrams":[]}
PASS invalid batch {"diagrams":"bad"}
PASS invalid batch {"diagrams":[{"title":"","description":"x"}]}
PASS invalid batch {"diagrams":[{"title":"x","description":"y"},{"title":"x","description":"y"},{"title":"x","description":"y"},{"title":"x","description":"y"},{"title":"x","description":"y"},{"title":"x","description":"y"},{"title":"x","description":"y"},{"title":"x","description":"y"},{"title":"x","description":"y"},{"title":"x","description":"y"},{"title":"x","description":"y"}]}
PASS two images 0 failures
PASS two images 1 failures
PASS two images 2 failures
{
  "passed": 9,
  "results": [
    "invalid batch null",
    "invalid batch {}",
    "invalid batch {\"diagrams\":[]}",
    "invalid batch {\"diagrams\":\"bad\"}",
    "invalid batch {\"diagrams\":[{\"title\":\"\",\"description\":\"x\"}]}",
    "invalid batch {\"diagrams\":[{\"title\":\"x\",\"description\":\"y\"},{\"title\":\"x\",\"description\":\"y\"},{\"title\":\"x\",\"description\":\"y\"},{\"title\":\"x\",\"description\":\"y\"},{\"title\":\"x\",\"description\":\"y\"},{\"title\":\"x\",\"description\":\"y\"},{\"title\":\"x\",\"description\":\"y\"},{\"title\":\"x\",\"description\":\"y\"},{\"title\":\"x\",\"description\":\"y\"},{\"title\":\"x\",\"description\":\"y\"},{\"title\":\"x\",\"description\":\"y\"}]}",
    "two images 0 failures",
    "two images 1 failures",
    "two images 2 failures"
  ]
}
PASS 100 concurrent same-name saves preserve every image
PASS reject filename ../bad.png
PASS reject filename /tmp/bad.png
PASS reject filename a\b.png
PASS reject filename
PASS reject directory escape
PASS existing legacy files remain readable
{
  "passed": 7,
  "results": [
    "100 concurrent same-name saves preserve every image",
    "reject filename ../bad.png",
    "reject filename /tmp/bad.png",
    "reject filename a\\b.png",
    "reject filename ",
    "reject directory escape",
    "existing legacy files remain readable"
  ]
}
PASS owner user missing=false
PASS owner user missing=true
PASS owner guest missing=false
PASS owner guest missing=true
PASS other user missing=false
PASS other user missing=true
PASS other guest missing=false
PASS other guest missing=true
PASS guest user missing=false
PASS guest user missing=true
PASS guest guest missing=false
PASS guest guest missing=true
PASS anonymous user missing=false
PASS anonymous user missing=true
PASS anonymous guest missing=false
PASS anonymous guest missing=true
{
  "passed": 16,
  "results": [
    "owner user missing=false",
    "owner user missing=true",
    "owner guest missing=false",
    "owner guest missing=true",
    "other user missing=false",
    "other user missing=true",
    "other guest missing=false",
    "other guest missing=true",
    "guest user missing=false",
    "guest user missing=true",
    "guest guest missing=false",
    "guest guest missing=true",
    "anonymous user missing=false",
    "anonymous user missing=true",
    "anonymous guest missing=false",
    "anonymous guest missing=true"
  ]
}
PASS reject read ../outside
PASS reject read /var/folders/s_/8mncv6j57sbchnyvmgwm9h0r0000gn/T/doya-boundary-pAhMUI/outside
PASS reject read link
PASS reject read linked-dir/outside
PASS reject read
PASS reject read a\b
PASS allow stored relative or absolute path inside
PASS allow stored relative or absolute path /var/folders/s_/8mncv6j57sbchnyvmgwm9h0r0000gn/T/doya-boundary-pAhMUI/storage/inside
PASS reject saving through external directory symlink
{
  "passed": 9,
  "results": [
    "reject read ../outside",
    "reject read /var/folders/s_/8mncv6j57sbchnyvmgwm9h0r0000gn/T/doya-boundary-pAhMUI/outside",
    "reject read link",
    "reject read linked-dir/outside",
    "reject read ",
    "reject read a\\b",
    "allow stored relative or absolute path inside",
    "allow stored relative or absolute path /var/folders/s_/8mncv6j57sbchnyvmgwm9h0r0000gn/T/doya-boundary-pAhMUI/storage/inside",
    "reject saving through external directory symlink"
  ]
}
PASS normalization reflected only after confirmed save
PASS typing while saving retains new input and stays unsaved
PASS same-render duplicate click sends only one request
PASS http failure preserves draft
PASS invalid response preserves draft
PASS wrong record preserves draft
{
  "passed": 6,
  "results": [
    "normalization reflected only after confirmed save",
    "typing while saving retains new input and stays unsaved",
    "same-render duplicate click sends only one request",
    "http failure preserves draft",
    "invalid response preserves draft",
    "wrong record preserves draft"
  ]
}
PASS article identity keys the entire editor state
PASS valid article populates editor
PASS invalid article response does not populate editor {"success":true,"article":{"id":"b","finalMarkdown":"wrong"}}
PASS invalid article response does not populate editor {"success":true}
PASS invalid article response does not populate editor {"success":true,"article":{"id":"a","finalMarkdown":45}}
PASS disposed load ignores late success
PASS disposed load ignores late failure
{
  "passed": 7,
  "results": [
    "article identity keys the entire editor state",
    "valid article populates editor",
    "invalid article response does not populate editor {\"success\":true,\"article\":{\"id\":\"b\",\"finalMarkdown\":\"wrong\"}}",
    "invalid article response does not populate editor {\"success\":true}",
    "invalid article response does not populate editor {\"success\":true,\"article\":{\"id\":\"a\",\"finalMarkdown\":45}}",
    "disposed load ignores late success",
    "disposed load ignores late failure"
  ]
}
PASS GET owner user
PASS GET owner guest
PASS GET other user
PASS GET other guest
PASS GET guest user
PASS GET guest guest
PASS GET other-guest user
PASS GET other-guest guest
PASS GET anonymous user
PASS GET anonymous guest
PASS DELETE owner user
PASS DELETE owner guest
PASS DELETE other user
PASS DELETE other guest
PASS DELETE guest user
PASS DELETE guest guest
PASS DELETE other-guest user
PASS DELETE other-guest guest
PASS DELETE anonymous user
PASS DELETE anonymous guest
PASS child failure stops deletion and returns failure
{
  "passed": 21,
  "results": [
    "GET owner user",
    "GET owner guest",
    "GET other user",
    "GET other guest",
    "GET guest user",
    "GET guest guest",
    "GET other-guest user",
    "GET other-guest guest",
    "GET anonymous user",
    "GET anonymous guest",
    "DELETE owner user",
    "DELETE owner guest",
    "DELETE other user",
    "DELETE other guest",
    "DELETE guest user",
    "DELETE guest guest",
    "DELETE other-guest user",
    "DELETE other-guest guest",
    "DELETE anonymous user",
    "DELETE anonymous guest",
    "child failure stops deletion and returns failure"
  ]
}
PASS restart owner user
PASS restart owner guest
PASS restart other user
PASS restart other guest
PASS restart guest user
PASS restart guest guest
PASS restart other-guest user
PASS restart other-guest guest
PASS restart anonymous user
PASS restart anonymous guest
PASS failure at parent never commits or returns success
PASS failure at sections never commits or returns success
PASS failure at job never commits or returns success
PASS no reset retains body and sections
PASS malformed JSON never clears content
{
  "passed": 15,
  "results": [
    "restart owner user",
    "restart owner guest",
    "restart other user",
    "restart other guest",
    "restart guest user",
    "restart guest guest",
    "restart other-guest user",
    "restart other-guest guest",
    "restart anonymous user",
    "restart anonymous guest",
    "failure at parent never commits or returns success",
    "failure at sections never commits or returns success",
    "failure at job never commits or returns success",
    "no reset retains body and sections",
    "malformed JSON never clears content"
  ]
}
PASS GET owner user
PASS GET owner guest
PASS GET other user
PASS GET other guest
PASS GET guest user
PASS GET guest guest
PASS GET other-guest user
PASS GET other-guest guest
PASS GET anonymous user
PASS GET anonymous guest
PASS POST owner user
PASS POST owner guest
PASS POST other user
PASS POST other guest
PASS POST guest user
PASS POST guest guest
PASS POST other-guest user
PASS POST other-guest guest
PASS POST anonymous user
PASS POST anonymous guest
PASS DELETE owner user
PASS DELETE owner guest
PASS DELETE other user
PASS DELETE other guest
PASS DELETE guest user
PASS DELETE guest guest
PASS DELETE other-guest user
PASS DELETE other-guest guest
PASS DELETE anonymous user
PASS DELETE anonymous guest
PASS POST concurrent change rejects stale write
PASS DELETE concurrent change rejects stale write
PASS legacy guest can edit candidates but cannot start generation
PASS job failure propagates out of shared transaction
PASS duplicate candidate count reflects actual additions
PASS POST blank name rejected
PASS DELETE blank name rejected
{
  "passed": 37,
  "results": [
    "GET owner user",
    "GET owner guest",
    "GET other user",
    "GET other guest",
    "GET guest user",
    "GET guest guest",
    "GET other-guest user",
    "GET other-guest guest",
    "GET anonymous user",
    "GET anonymous guest",
    "POST owner user",
    "POST owner guest",
    "POST other user",
    "POST other guest",
    "POST guest user",
    "POST guest guest",
    "POST other-guest user",
    "POST other-guest guest",
    "POST anonymous user",
    "POST anonymous guest",
    "DELETE owner user",
    "DELETE owner guest",
    "DELETE other user",
    "DELETE other guest",
    "DELETE guest user",
    "DELETE guest guest",
    "DELETE other-guest user",
    "DELETE other-guest guest",
    "DELETE anonymous user",
    "DELETE anonymous guest",
    "POST concurrent change rejects stale write",
    "DELETE concurrent change rejects stale write",
    "legacy guest can edit candidates but cannot start generation",
    "job failure propagates out of shared transaction",
    "duplicate candidate count reflects actual additions",
    "POST blank name rejected",
    "DELETE blank name rejected"
  ]
}
PASS job owner user
PASS vibe owner user
PASS job owner guest
PASS vibe owner guest
PASS job other user
PASS vibe other user
PASS job other guest
PASS vibe other guest
PASS job guest user
PASS vibe guest user
PASS job guest guest
PASS vibe guest guest
PASS job other-guest user
PASS vibe other-guest user
PASS job other-guest guest
PASS vibe other-guest guest
PASS job anonymous user
PASS vibe anonymous user
PASS job anonymous guest
PASS vibe anonymous guest
PASS edit conflict never overwrites changed article
{
  "passed": 21,
  "results": [
    "job owner user",
    "vibe owner user",
    "job owner guest",
    "vibe owner guest",
    "job other user",
    "vibe other user",
    "job other guest",
    "vibe other guest",
    "job guest user",
    "vibe guest user",
    "job guest guest",
    "vibe guest guest",
    "job other-guest user",
    "vibe other-guest user",
    "job other-guest guest",
    "vibe other-guest guest",
    "job anonymous user",
    "vibe anonymous user",
    "job anonymous guest",
    "vibe anonymous guest",
    "edit conflict never overwrites changed article"
  ]
}
PASS advance owner user
PASS advance owner guest
PASS advance other user
PASS advance other guest
PASS advance guest user
PASS advance guest guest
PASS advance other-guest user
PASS advance other-guest guest
PASS advance anonymous user
PASS advance anonymous guest
PASS pause owner user
PASS pause owner guest
PASS pause other user
PASS pause other guest
PASS pause guest user
PASS pause guest guest
PASS pause other-guest user
PASS pause other-guest guest
PASS pause anonymous user
PASS pause anonymous guest
PASS resume owner user
PASS resume owner guest
PASS resume other user
PASS resume other guest
PASS resume guest user
PASS resume guest guest
PASS resume other-guest user
PASS resume other-guest guest
PASS resume anonymous user
PASS resume anonymous guest
PASS cancel owner user
PASS cancel owner guest
PASS cancel other user
PASS cancel other guest
PASS cancel guest user
PASS cancel guest guest
PASS cancel other-guest user
PASS cancel other-guest guest
PASS cancel anonymous user
PASS cancel anonymous guest
PASS reset owner user
PASS reset owner guest
PASS reset other user
PASS reset other guest
PASS reset guest user
PASS reset guest guest
PASS reset other-guest user
PASS reset other-guest guest
PASS reset anonymous user
PASS reset anonymous guest
PASS pause changed job rejects operation
PASS resume changed job rejects operation
PASS cancel changed job rejects operation
PASS reset changed job rejects operation
PASS reset done cannot restart completed or active work for free
PASS reset queued cannot restart completed or active work for free
PASS reset running cannot restart completed or active work for free
PASS reset paused cannot restart completed or active work for free
PASS reset cancelled cannot restart completed or active work for free
PASS pause cancelled job cannot be revived
PASS resume cancelled job cannot be revived
PASS cancel cancelled job cannot be revived
PASS pause done does not mutate terminal job
PASS pause error does not mutate terminal job
{
  "passed": 64,
  "results": [
    "advance owner user",
    "advance owner guest",
    "advance other user",
    "advance other guest",
    "advance guest user",
    "advance guest guest",
    "advance other-guest user",
    "advance other-guest guest",
    "advance anonymous user",
    "advance anonymous guest",
    "pause owner user",
    "pause owner guest",
    "pause other user",
    "pause other guest",
    "pause guest user",
    "pause guest guest",
    "pause other-guest user",
    "pause other-guest guest",
    "pause anonymous user",
    "pause anonymous guest",
    "resume owner user",
    "resume owner guest",
    "resume other user",
    "resume other guest",
    "resume guest user",
    "resume guest guest",
    "resume other-guest user",
    "resume other-guest guest",
    "resume anonymous user",
    "resume anonymous guest",
    "cancel owner user",
    "cancel owner guest",
    "cancel other user",
    "cancel other guest",
    "cancel guest user",
    "cancel guest guest",
    "cancel other-guest user",
    "cancel other-guest guest",
    "cancel anonymous user",
    "cancel anonymous guest",
    "reset owner user",
    "reset owner guest",
    "reset other user",
    "reset other guest",
    "reset guest user",
    "reset guest guest",
    "reset other-guest user",
    "reset other-guest guest",
    "reset anonymous user",
    "reset anonymous guest",
    "pause changed job rejects operation",
    "resume changed job rejects operation",
    "cancel changed job rejects operation",
    "reset changed job rejects operation",
    "reset done cannot restart completed or active work for free",
    "reset queued cannot restart completed or active work for free",
    "reset running cannot restart completed or active work for free",
    "reset paused cannot restart completed or active work for free",
    "reset cancelled cannot restart completed or active work for free",
    "pause cancelled job cannot be revived",
    "resume cancelled job cannot be revived",
    "cancel cancelled job cannot be revived",
    "pause done does not mutate terminal job",
    "pause error does not mutate terminal job"
  ]
}
PASS legacy SEO guest cannot start provider-backed generation in 11 routes
PASS stop before section loop on paused
PASS stop before section loop on cancelled
PASS stop before section loop on done
PASS stop before section loop on error
PASS stop before integration on paused
PASS stop before integration on cancelled
PASS stop before integration on done
PASS stop before integration on error
PASS stop before integration on null
PASS integration conditional update lost race does not start
PASS active job still integrates
PASS failure update cannot revive stopped job
PASS error job does not call outline generation
PASS section failure is attempted once per request
{
  "passed": 14,
  "results": [
    "stop before section loop on paused",
    "stop before section loop on cancelled",
    "stop before section loop on done",
    "stop before section loop on error",
    "stop before integration on paused",
    "stop before integration on cancelled",
    "stop before integration on done",
    "stop before integration on error",
    "stop before integration on null",
    "integration conditional update lost race does not start",
    "active job still integrates",
    "failure update cannot revive stopped job",
    "error job does not call outline generation",
    "section failure is attempted once per request"
  ]
}
PASS superseded job never sends action
PASS manual resume succeeds before advance
PASS failed resume does not advance and shows error
PASS network rejection displays error and unlocks UI
PASS automatic loops explicitly exclude paused and replaced jobs
PASS replacement view supplies article navigation without resume
{
  "passed": 6,
  "results": [
    "superseded job never sends action",
    "manual resume succeeds before advance",
    "failed resume does not advance and shows error",
    "network rejection displays error and unlocks UI",
    "automatic loops explicitly exclude paused and replaced jobs",
    "replacement view supplies article navigation without resume"
  ]
}
PASS cancelled
PASS already done
PASS HTTP failure
PASS malformed success
PASS wrong job
PASS same-render duplicate cancel sends one request
PASS cancel is available while generation request is busy
{
  "passed": 7,
  "results": [
    "cancelled",
    "already done",
    "HTTP failure",
    "malformed success",
    "wrong job",
    "same-render duplicate cancel sends one request",
    "cancel is available while generation request is busy"
  ]
}
PASS job response removes execution credential fields but preserves UX fields
PASS legacy job without execution fields retains shape
PASS existing SEO job errors never expose provider or database exception text
PASS existing SEO job research error details stay private without losing progress
{
  "passed": 4,
  "results": [
    "job response removes execution credential fields but preserves UX fields",
    "legacy job without execution fields retains shape",
    "existing SEO job errors never expose provider or database exception text",
    "existing SEO job research error details stay private without losing progress"
  ]
}
PASS search cursor validates query binding, dates and user input limits
PASS signed-in owner
PASS guest cannot see transferred article
PASS other user
PASS unknown user
PASS other guest
PASS anonymous
PASS database failure is not an empty successful list
{
  "passed": 8,
  "results": [
    "search cursor validates query binding, dates and user input limits",
    "signed-in owner",
    "guest cannot see transferred article",
    "other user",
    "unknown user",
    "other guest",
    "anonymous",
    "database failure is not an empty successful list"
  ]
}
PASS mensetsu rejects pending
PASS mensetsu rejects consented
PASS mensetsu rejects live
PASS mensetsu rejects aborted
PASS mensetsu rejects expired
PASS mensetsu rejects unknown
PASS mensetsu completed ended=true
PASS mensetsu completed ended=false
PASS mensetsu evaluated ended=true
PASS mensetsu evaluated ended=false
PASS mensetsu unstarted cannot evaluate
PASS mensetsu empty transcript cannot evaluate
PASS mensetsu provider failure preserves state
PASS aishodan rejects pending
PASS aishodan rejects consented
PASS aishodan rejects live
PASS aishodan rejects aborted
PASS aishodan rejects expired
PASS aishodan rejects unknown
PASS aishodan completed ended=true
PASS aishodan completed ended=false
PASS aishodan evaluated ended=true
PASS aishodan evaluated ended=false
PASS aishodan unstarted cannot evaluate
PASS aishodan empty transcript cannot evaluate
PASS aishodan provider failure preserves state
{
  "passed": 26,
  "results": [
    "mensetsu rejects pending",
    "mensetsu rejects consented",
    "mensetsu rejects live",
    "mensetsu rejects aborted",
    "mensetsu rejects expired",
    "mensetsu rejects unknown",
    "mensetsu completed ended=true",
    "mensetsu completed ended=false",
    "mensetsu evaluated ended=true",
    "mensetsu evaluated ended=false",
    "mensetsu unstarted cannot evaluate",
    "mensetsu empty transcript cannot evaluate",
    "mensetsu provider failure preserves state",
    "aishodan rejects pending",
    "aishodan rejects consented",
    "aishodan rejects live",
    "aishodan rejects aborted",
    "aishodan rejects expired",
    "aishodan rejects unknown",
    "aishodan completed ended=true",
    "aishodan completed ended=false",
    "aishodan evaluated ended=true",
    "aishodan evaluated ended=false",
    "aishodan unstarted cannot evaluate",
    "aishodan empty transcript cannot evaluate",
    "aishodan provider failure preserves state"
  ]
}
PASS all 451 interview sessions remain reachable across three pages
PASS status-filtered pages and cursors remain organization scoped
PASS failed and inconsistent interview pages never become an empty success
PASS evaluation delayed batch permutation later,early,unknown
PASS evaluation delayed batch permutation unknown,early,later
PASS evaluation delayed batch permutation early,unknown,later
PASS evaluation equal timestamp stable order
PASS evaluation unknown times retain ord
PASS detail delayed batch permutation later,early,unknown
PASS detail delayed batch permutation unknown,early,later
PASS detail delayed batch permutation early,unknown,later
PASS detail equal timestamp stable order
PASS detail unknown times retain ord
PASS pdf delayed batch permutation later,early,unknown
PASS pdf delayed batch permutation unknown,early,later
PASS pdf delayed batch permutation early,unknown,later
PASS pdf equal timestamp stable order
PASS pdf unknown times retain ord
{
  "passed": 15,
  "results": [
    "evaluation delayed batch permutation later,early,unknown",
    "evaluation delayed batch permutation unknown,early,later",
    "evaluation delayed batch permutation early,unknown,later",
    "evaluation equal timestamp stable order",
    "evaluation unknown times retain ord",
    "detail delayed batch permutation later,early,unknown",
    "detail delayed batch permutation unknown,early,later",
    "detail delayed batch permutation early,unknown,later",
    "detail equal timestamp stable order",
    "detail unknown times retain ord",
    "pdf delayed batch permutation later,early,unknown",
    "pdf delayed batch permutation unknown,early,later",
    "pdf delayed batch permutation early,unknown,later",
    "pdf equal timestamp stable order",
    "pdf unknown times retain ord"
  ]
}
PASS 20 simultaneous ends {}
PASS 20 simultaneous ends {"aiFails":true}
PASS 20 simultaneous ends {"preview":true}
PASS 20 simultaneous ends {"turns":1}
PASS 20 simultaneous ends {"notifyFails":true}
PASS sequential retry does not evaluate twice
PASS inconsistent unended pending is not revived
PASS inconsistent unended aborted is not revived
PASS inconsistent unended completed is not revived
PASS inconsistent unended evaluated is not revived
PASS inconsistent unended expired is not revived
PASS inconsistent unended unknown is not revived
PASS unstarted remains usable
PASS unowned is rejected
PASS failed database claim never starts AI
{
  "passed": 15,
  "results": [
    "20 simultaneous ends {}",
    "20 simultaneous ends {\"aiFails\":true}",
    "20 simultaneous ends {\"preview\":true}",
    "20 simultaneous ends {\"turns\":1}",
    "20 simultaneous ends {\"notifyFails\":true}",
    "sequential retry does not evaluate twice",
    "inconsistent unended pending is not revived",
    "inconsistent unended aborted is not revived",
    "inconsistent unended completed is not revived",
    "inconsistent unended evaluated is not revived",
    "inconsistent unended expired is not revived",
    "inconsistent unended unknown is not revived",
    "unstarted remains usable",
    "unowned is rejected",
    "failed database claim never starts AI"
  ]
}
PASS initial connection starts once
PASS reconnect preserves start time
PASS late first connection preserves another connection start time
PASS end while token pending completed
PASS end while token pending evaluated
PASS end while token pending aborted
PASS end while token pending expired
PASS ended timestamp wins over stale live status
PASS end before reservation avoids provider call
PASS consent revoked while pending suppresses secret
PASS room disabled while pending suppresses secret
PASS room expires while pending suppresses secret
PASS quota remains 429 for active session
PASS removed session suppresses secret
PASS oversized request is rejected before session lookup or provider call
PASS malformed request is rejected before provider call
PASS provider failure never logs response body
PASS oversized provider response is rejected without leaking body
PASS provider connection error is bounded and sanitized
PASS retention expiring during provider wait cannot be extended into a live session
PASS retention expiring before reservation does not call the provider
PASS missing provider configuration does not exhaust connection attempts
PASS expired conversation does not spend a connection reservation
{
  "passed": 23,
  "results": [
    "initial connection starts once",
    "reconnect preserves start time",
    "late first connection preserves another connection start time",
    "end while token pending completed",
    "end while token pending evaluated",
    "end while token pending aborted",
    "end while token pending expired",
    "ended timestamp wins over stale live status",
    "end before reservation avoids provider call",
    "consent revoked while pending suppresses secret",
    "room disabled while pending suppresses secret",
    "room expires while pending suppresses secret",
    "quota remains 429 for active session",
    "removed session suppresses secret",
    "oversized request is rejected before session lookup or provider call",
    "malformed request is rejected before provider call",
    "provider failure never logs response body",
    "oversized provider response is rejected without leaking body",
    "provider connection error is bounded and sanitized",
    "retention expiring during provider wait cannot be extended into a live session",
    "retention expiring before reservation does not call the provider",
    "missing provider configuration does not exhaust connection attempts",
    "expired conversation does not spend a connection reservation"
  ]
}
PASS optional metadata undefined typeof undefined
PASS optional metadata null typeof object
PASS optional metadata  typeof string
PASS optional metadata    typeof string
PASS optional metadata 0 typeof number
PASS optional metadata 0 typeof string
PASS optional metadata 1200 typeof number
PASS optional metadata 1200 typeof string
PASS optional metadata 2147483647 typeof number
PASS optional metadata 2147483648 typeof number
PASS optional metadata -1 typeof number
PASS optional metadata 1.5 typeof number
PASS optional metadata NaN typeof number
PASS optional metadata Infinity typeof number
PASS optional metadata true typeof boolean
PASS optional metadata false typeof boolean
PASS optional metadata  typeof object
PASS optional metadata [object Object] typeof object
PASS optional metadata bad typeof string
PASS known times before unknown and true zero retained
{
  "passed": 20,
  "results": [
    "optional metadata undefined typeof undefined",
    "optional metadata null typeof object",
    "optional metadata  typeof string",
    "optional metadata    typeof string",
    "optional metadata 0 typeof number",
    "optional metadata 0 typeof string",
    "optional metadata 1200 typeof number",
    "optional metadata 1200 typeof string",
    "optional metadata 2147483647 typeof number",
    "optional metadata 2147483648 typeof number",
    "optional metadata -1 typeof number",
    "optional metadata 1.5 typeof number",
    "optional metadata NaN typeof number",
    "optional metadata Infinity typeof number",
    "optional metadata true typeof boolean",
    "optional metadata false typeof boolean",
    "optional metadata  typeof object",
    "optional metadata [object Object] typeof object",
    "optional metadata bad typeof string",
    "known times before unknown and true zero retained"
  ]
}
PASS different slide writes both survive
PASS same slide stale write rejected
PASS changed structure rejects generated image
PASS missing or transferred parent rejects before writes
PASS invalid slot -1
PASS invalid slot 2
PASS invalid slot 0.5
PASS one conflicting batch slot prevents every batch write
{
  "passed": 8,
  "results": [
    "different slide writes both survive",
    "same slide stale write rejected",
    "changed structure rejects generated image",
    "missing or transferred parent rejects before writes",
    "invalid slot -1",
    "invalid slot 2",
    "invalid slot 0.5",
    "one conflicting batch slot prevents every batch write"
  ]
}
PASS new proposal atomically replaces structure and clears old images
PASS busy proposal rejects before replacing existing images
PASS usage logging failure does not misreport saved proposal as failed
PASS ai-error preserves existing complete document
PASS empty-body preserves existing complete document
PASS empty-slides preserves existing complete document
PASS blank-title preserves existing complete document
PASS db-error preserves existing complete document
PASS newer-success rejects old generation
PASS transferred rejects old generation
PASS late failure does not mark newer result as failed
PASS provider failure details are not saved with the proposal
{
  "passed": 12,
  "results": [
    "new proposal atomically replaces structure and clears old images",
    "busy proposal rejects before replacing existing images",
    "usage logging failure does not misreport saved proposal as failed",
    "ai-error preserves existing complete document",
    "empty-body preserves existing complete document",
    "empty-slides preserves existing complete document",
    "blank-title preserves existing complete document",
    "db-error preserves existing complete document",
    "newer-success rejects old generation",
    "transferred rejects old generation",
    "late failure does not mark newer result as failed",
    "provider failure details are not saved with the proposal"
  ]
}
PASS generate all 1 slides with two-per-call batches
PASS generate all 8 slides with two-per-call batches
PASS generate all 9 slides with two-per-call batches
PASS generate all 14 slides with two-per-call batches
PASS generate all 15 slides with two-per-call batches
PASS failed final slide is not complete
PASS PDF preserves every page 1
PASS PDF preserves every page 8
PASS PDF preserves every page 14
PASS PDF rejects none
PASS PDF rejects missing
PASS PDF rejects extra
PASS PDF rejects null
PASS PDF rejects blank
PASS PDF rejects numeric
{
  "passed": 15,
  "results": [
    "generate all 1 slides with two-per-call batches",
    "generate all 8 slides with two-per-call batches",
    "generate all 9 slides with two-per-call batches",
    "generate all 14 slides with two-per-call batches",
    "generate all 15 slides with two-per-call batches",
    "failed final slide is not complete",
    "PDF preserves every page 1",
    "PDF preserves every page 8",
    "PDF preserves every page 14",
    "PDF rejects none",
    "PDF rejects missing",
    "PDF rejects extra",
    "PDF rejects null",
    "PDF rejects blank",
    "PDF rejects numeric"
  ]
}
PASS actual PDF handler complete
PASS actual PDF handler missing
PASS actual PDF handler generating
PASS actual PDF handler busy
PASS actual PDF handler fetch-failure
PASS actual PDF handler decode-failure
{
  "passed": 6,
  "results": [
    "actual PDF handler complete",
    "actual PDF handler missing",
    "actual PDF handler generating",
    "actual PDF handler busy",
    "actual PDF handler fetch-failure",
    "actual PDF handler decode-failure"
  ]
}
PASS all five automatic image timers canceled on effect cleanup
PASS oversized model result schedules only fifteen scenes plus portrait
PASS portrait normal
PASS portrait modified
PASS portrait late-error
PASS portrait old-timer
PASS portrait newer-request
PASS portrait other-tab
PASS portrait unmounted
PASS scene normal
PASS scene modified
PASS scene late-error
PASS scene old-timer
PASS scene newer-request
PASS scene other-tab
PASS scene unmounted
PASS GUEST desktop
PASS GUEST mobile
PASS FREE desktop
PASS FREE mobile
PASS LIGHT desktop
PASS LIGHT mobile
PASS PRO desktop
PASS PRO mobile
PASS ENTERPRISE desktop
PASS ENTERPRISE mobile
PASS BASIC desktop
PASS BASIC mobile
PASS STARTER desktop
PASS STARTER mobile
PASS BUSINESS desktop
PASS BUSINESS mobile
PASS BUNDLE desktop
PASS BUNDLE mobile
18 rendered component checks passed
PASS GUEST desktop
PASS GUEST mobile
PASS FREE desktop
PASS FREE mobile
PASS LIGHT desktop
PASS LIGHT mobile
PASS PRO desktop
PASS PRO mobile
PASS ENTERPRISE desktop
PASS ENTERPRISE mobile
PASS BASIC desktop
PASS BASIC mobile
PASS STARTER desktop
PASS STARTER mobile
PASS BUSINESS desktop
PASS BUSINESS mobile
PASS BUNDLE desktop
PASS BUNDLE mobile
18 rendered component checks passed
PASS normal feedback
PASS image quota offers pricing while ordinary failures do not
PASS paid image quota offers additional capacity contact
PASS generate invalidates old feedback success
PASS generate invalidates old feedback error
PASS generate blocks duplicate and competing work
PASS generate failure releases retry
PASS generate ignores response after unmount
PASS refine invalidates old feedback success
PASS refine invalidates old feedback error
PASS refine blocks duplicate and competing work
PASS refine failure releases retry
PASS refine ignores response after unmount
PASS newer scoring result wins
14 cases passed
[
  {
    "name": "Revert restores generation prompt with image",
    "outcome": "PASS",
    "http": 200,
    "image": "blue.png",
    "prompt": "Blue background",
    "expectedPrompt": "Blue background"
  },
  {
    "name": "Regeneration after revert uses restored version",
    "outcome": "PASS",
    "http": 200,
    "generatorInput": "Blue background",
    "calls": 1
  },
  {
    "name": "Current version remains consistent",
    "outcome": "PASS",
    "http": 200
  },
  {
    "name": "Foreign slide",
    "outcome": "PASS",
    "http": 404,
    "image": "red.png"
  },
  {
    "name": "Unknown version",
    "outcome": "PASS",
    "http": 404,
    "image": "red.png"
  },
  {
    "name": "Missing version",
    "outcome": "PASS",
    "http": 400,
    "image": "red.png"
  },
  {
    "name": "Invalid version -1",
    "outcome": "PASS",
    "http": 400
  },
  {
    "name": "Invalid version 1.5",
    "outcome": "PASS",
    "http": 400
  },
  {
    "name": "Invalid version bad",
    "outcome": "PASS",
    "http": 400
  },
  {
    "name": "Invalid version 0",
    "outcome": "PASS",
    "http": 400
  },
  {
    "name": "Missing raw image does not inherit another version",
    "outcome": "PASS",
    "http": 200
  },
  {
    "name": "Legacy missing prompt is explicit conflict",
    "outcome": "PASS",
    "http": 409
  },
  {
    "name": "In-flight generation cannot be reverted",
    "outcome": "PASS",
    "http": 409
  },
  {
    "name": "Restored version resets mismatched metadata and keeps sequence",
    "outcome": "PASS",
    "http": 200
  },
  {
    "name": "Generation starts after read: conditional write refuses overwrite",
    "outcome": "PASS",
    "http": 409
  }
]
PASS project without task
PASS project with task
PASS legacy task-only request
PASS unallocated
PASS reject invalid ownership {"projectId":"foreign"}
PASS reject invalid ownership {"projectId":"p","taskId":"other-task"}
PASS reject invalid ownership {"projectId":"p","taskId":"missing"}
PASS attribution and legacy fallback without double count
8 cases passed
PASS Promane labor cost stays fixed after member rate changes
PASS timesheet month boundaries use stored calendar dates including leap month
PASS invalid month and cross-filter cursors cannot silently choose first page
{
  "passed": 2,
  "results": [
    "timesheet month boundaries use stored calendar dates including leap month",
    "invalid month and cross-filter cursors cannot silently choose first page"
  ]
}
PASS real calendar dates accepted; impossible/offset/timestamp dates rejected
PASS integer duration obeys DB boundary without rounding or coercion
PASS Japan midnight default and stored calendar date are stable
PASS server action rejects malformed inputs before write or revalidation
{
  "passed": 4,
  "results": [
    "real calendar dates accepted; impossible/offset/timestamp dates rejected",
    "integer duration obeys DB boundary without rounding or coercion",
    "Japan midnight default and stored calendar date are stable",
    "server action rejects malformed inputs before write or revalidation"
  ]
}
PASS readonly/inactive/unknown/anonymous users cannot add or delete expenses
PASS owner/admin/member normal operations preserve date and integer amount
PASS malformed money, calendar, category, description and project input return 400 without write
PASS foreign project rejected and DB details never returned
PASS yen input is strict and server action shares validation
{
  "passed": 5,
  "results": [
    "readonly/inactive/unknown/anonymous users cannot add or delete expenses",
    "owner/admin/member normal operations preserve date and integer amount",
    "malformed money, calendar, category, description and project input return 400 without write",
    "foreign project rejected and DB details never returned",
    "yen input is strict and server action shares validation"
  ]
}
PASS project create/update rejects fractional, negative, coerced and overflow fields
PASS integer boundaries, omitted defaults and explicit optional clearing remain supported
PASS rate API and action refuse silent rounding and overflow
PASS rate API and action preserve owner/admin-only authorization
PASS rate API rejects malformed workspace selectors before any DB access
PASS text input parsing rejects prefixes/exponents/fractions without coercion
{
  "passed": 6,
  "results": [
    "project create/update rejects fractional, negative, coerced and overflow fields",
    "integer boundaries, omitted defaults and explicit optional clearing remain supported",
    "rate API and action refuse silent rounding and overflow",
    "rate API and action preserve owner/admin-only authorization",
    "rate API rejects malformed workspace selectors before any DB access",
    "text input parsing rejects prefixes/exponents/fractions without coercion"
  ]
}
PASS create/update reject nonexistent and non-calendar dates without writes
PASS partial date updates compare against retained database dates
PASS null clears optional values while omitted fields are preserved
PASS leap dates and clearing one date retain allowed behavior
{
  "passed": 4,
  "results": [
    "create/update reject nonexistent and non-calendar dates without writes",
    "partial date updates compare against retained database dates",
    "null clears optional values while omitted fields are preserved",
    "leap dates and clearing one date retain allowed behavior"
  ]
}
PASS create and update reject overlong or wrongly typed project text
PASS unknown and prototype property enum values are rejected
PASS all UI enum choices work and exact text boundaries remain intact
PASS empty optional text clears and omitted selections retain defaults or existing values
{
  "passed": 4,
  "results": [
    "create and update reject overlong or wrongly typed project text",
    "unknown and prototype property enum values are rejected",
    "all UI enum choices work and exact text boundaries remain intact",
    "empty optional text clears and omitted selections retain defaults or existing values"
  ]
}
PASS project usage counts only workspaces owned by the paying user
PASS serializable transaction retries conflicts and uses owner quota
PASS full and disabled owner quotas return LIMIT without writes
PASS member sees owner guidance while owner sees plan guidance
PASS membership recheck denies before quota or write
PASS retry bound and non-conflict errors do not loop indefinitely
PASS unlimited owner quota still checks membership and creates once
{
  "passed": 7,
  "results": [
    "project usage counts only workspaces owned by the paying user",
    "serializable transaction retries conflicts and uses owner quota",
    "full and disabled owner quotas return LIMIT without writes",
    "member sees owner guidance while owner sees plan guidance",
    "membership recheck denies before quota or write",
    "retry bound and non-conflict errors do not loop indefinitely",
    "unlimited owner quota still checks membership and creates once"
  ]
}
PASS full quota returns a clear API error without sending an email
PASS new invitation reserves an owner seat before any email delivery
PASS full including pending invitations rejects before token creation
PASS workspace owner receives owner billing guidance at the seat cap
PASS another owner-role member is directed to the paying workspace owner
PASS existing invitation is reused only while an active seat remains
PASS a different role cannot silently reuse the old invitation
PASS inactive inviter cannot create an invitation
PASS issuance retries serialization conflict before reservation
PASS available owner seat accepts and consumes exactly one place
PASS full owner seat blocks before member and invitation writes
PASS inactive membership cannot be revived by an invitation
PASS an existing active member can consume an invitation without another seat
PASS wrong account and expired invitation never write
PASS accepted and expiry codes match GET and admission at the exact deadline without writes
PASS serialization conflict retries before admitting
{
  "passed": 16,
  "results": [
    "full quota returns a clear API error without sending an email",
    "new invitation reserves an owner seat before any email delivery",
    "full including pending invitations rejects before token creation",
    "workspace owner receives owner billing guidance at the seat cap",
    "another owner-role member is directed to the paying workspace owner",
    "existing invitation is reused only while an active seat remains",
    "a different role cannot silently reuse the old invitation",
    "inactive inviter cannot create an invitation",
    "issuance retries serialization conflict before reservation",
    "available owner seat accepts and consumes exactly one place",
    "full owner seat blocks before member and invitation writes",
    "inactive membership cannot be revived by an invitation",
    "an existing active member can consume an invitation without another seat",
    "wrong account and expired invitation never write",
    "accepted and expiry codes match GET and admission at the exact deadline without writes",
    "serialization conflict retries before admitting"
  ]
}
PASS retry re-reads latest dates and rejects newly invalid range
PASS missing project or lost membership cannot update
PASS update conflict retry is bounded and actionable
PASS stale editor and missing version cannot overwrite a newer project
PASS conditional update failure reports the same conflict
PASS matching version permits a write and advances the version
{
  "passed": 6,
  "results": [
    "retry re-reads latest dates and rejects newly invalid range",
    "missing project or lost membership cannot update",
    "update conflict retry is bounded and actionable",
    "stale editor and missing version cannot overwrite a newer project",
    "conditional update failure reports the same conflict",
    "matching version permits a write and advances the version"
  ]
}
PASS retry re-reads the opposite date after a concurrent update
PASS strict dates, optional clearing and membership recheck remain intact
PASS invalid task states, priorities and ordering cannot hide a task
PASS task create, move and delete retry in a serializable transaction and recheck revoked membership
PASS task text rejects overflow without truncation and preserves exact boundaries
PASS task repair scopes and compares source values
PASS task repair skips concurrent corrections
PASS task repair checks current admin permission
PASS task repair rolls back a later failure
PASS task repair rechecks permission after serialization conflict
PASS project repair scopes and compares source values
PASS project repair skips concurrent corrections
PASS project repair checks current admin permission
PASS project repair rolls back a later failure
PASS project repair rechecks permission after serialization conflict
{
  "passed": 10,
  "results": [
    "task repair scopes and compares source values",
    "task repair skips concurrent corrections",
    "task repair checks current admin permission",
    "task repair rolls back a later failure",
    "task repair rechecks permission after serialization conflict",
    "project repair scopes and compares source values",
    "project repair skips concurrent corrections",
    "project repair checks current admin permission",
    "project repair rolls back a later failure",
    "project repair rechecks permission after serialization conflict"
  ]
}
PASS five profit scenarios src/app/promane/[workspaceSlug]/reports/page.tsx
PASS five profit scenarios src/app/promane/[workspaceSlug]/projects/page.tsx
PASS five profit scenarios src/app/promane/[workspaceSlug]/page.tsx
PASS same client combines; duplicate names and unassigned remain separate
16 cases passed
PASS Organization fallback rule, normal status, UTC date
PASS Individual rule produces late status
PASS Employee changed after request claim rolls back approval
PASS Repeated approval refused
PASS Database failure rolls back approval and clock
PASS Ambiguous multiple records leave request pending
PASS Selected second record changes only that record
PASS Foreign or missing record ID never falls back to another record
PASS Changed timestamp after submission rejects approval
PASS Invalid correction {"date":"2026-02-30"}
PASS Invalid correction {"correctedTime":"24:00"}
PASS Invalid correction {"clockType":"unknown"}
PASS Invalid correction {"date":"not-date"}
13 cases passed
PASS 本人
PASS 一般社員から他人
PASS 同部署管理者
PASS 他部署管理者
PASS 部署なし管理者
PASS 部署なし管理者本人
PASS 人事
PASS システム管理者
PASS 他組織の管理者
PASS 存在しない申請
PASS 未認証
PASS 部署一覧も組織を固定
PASS 他組織の従業員紐付けは本人一覧に限定
PASS 部署なし管理者の承認拒否 null
PASS 部署なし管理者の承認拒否 dep
15 cases passed
PASS 管理権限剥奪
PASS 所属停止
PASS 従業員無効化
PASS 部署移動
PASS 現在も同部署の管理者
PASS 所属停止
PASS 従業員無効化
PASS 不正な本文 null
PASS 不正な本文 []
PASS 不正な残業・休日出勤内容は保存されない
PASS 有効な従業員の申請
PASS 有効な残業申請
PASS 23時の30分勤務
PASS 午前1時から4時
PASS 22時と5時の境界
PASS 夜間休憩を除外
PASS 日中の対照
PASS 休憩0分のルール
PASS 再出勤未退勤
PASS 2勤務の隙間を除外
PASS 休憩中退勤
PASS 勤務外の孤立休憩は除外
PASS 重複出勤・退勤・休憩
PASS 逆順入力を時刻順へ
PASS 出勤なし
PASS 夜勤所定時間
PASS 同時刻の自動休憩終了と退勤
{"passed":15,"minuteOracleCases":195}
{"passed":13,"scope":"actual route, synthetic transaction/auth; concurrent exclusion verified separately in PostgreSQL"}
PASS 打刻履歴の不正日付を拒否し、正常日付を維持
PASS 不正な打刻本文とメモは保存されない
PASS 会員停止後の打刻は保存されない
PASS 正常な打刻とメモは保存される
{"passed":26}
{"passed":5,"scope":"GET with saved zero-work records never recalculates; JST current day; department scope"}
{"passed":12}
{"passed":14}
PASS AIO/Shodan/SFA member update/delete recheck active actor and target rank after a conflict
PASS AIO scan deletion locks and rechecks current admin membership before deleting content
PASS all provider failures fail without zero score or fabricated observations
PASS blank answers fail without zero score or fabricated observations
PASS analysis failures fail without zero score or fabricated observations
PASS one failed engine cannot halve measured awareness
PASS search outage cannot produce a successful memory-based search scan
PASS one failed search query leaves that prompt unmeasured
PASS failed prompt stays unmeasured, other prompt remains measured
PASS real nonmentions remain a successful zero score
PASS all successful observations retain complete coverage
PASS AIO cron requires authorization before reading organizations
PASS four daily slots rotate through eight paid organizations without repeat scans
PASS recent success, recent failure and exhausted quota do not block due organizations
PASS a preflight rejection does not consume the only scan slot
PASS ambiguous billing owners and active scans are skipped while stale scans can retry
PASS paid month resets exactly at JST midnight
PASS free window is seven rolling days
PASS plan limits use actual shared definitions
PASS paid cap messaging does not sell the same PRO plan
PASS FREE owner scan cap returns the correct action without calling the provider
PASS FREE member scan cap returns the correct action without calling the provider
PASS PRO owner scan cap returns the correct action without calling the provider
PASS PRO member scan cap returns the correct action without calling the provider
PASS owner prompt cap directs the contract manager
PASS manager prompt cap directs the contract manager
PASS partial and legacy scan coverage is disclosed without exposing saved answers
PASS all 120 retained scans remain reachable across stable cursor pages
PASS foreign and malformed scan cursors are rejected before database access
PASS reject before provider {"anon":true}
PASS reject before provider {"noSession":true}
PASS reject before provider {"foreign":true}
PASS reject before provider {"missing":true}
PASS reject before provider {"ended":true}
PASS reject before provider {"limit":true}
PASS reject before provider {"empty":true}
PASS legacy transcription quota action {"limit":true,"code":"LIMIT","upgradeAvailable":true}
PASS legacy transcription quota action {"limit":true,"code":"LIMIT","upgradeAvailable":false}
PASS legacy transcription quota action {"limit":true,"code":"RECORDING_RESERVED","upgradeAvailable":false}
PASS owned active allowed session saves transcript
PASS silence is returned without fabricated transcript
PASS save failure is not reported as successful transcription
PASS server reservations deny new start without calling old aggregate
PASS one second remains usable and minute display cannot turn it into zero
PASS only free exhausted recording quota can be expanded by an upgrade
PASS missing account cannot start
PASS exact seconds 0
PASS exact seconds 1
PASS exact seconds 59
PASS exact seconds 60
PASS exact seconds 3600
PASS exact seconds -1
PASS invalid allowance rejected null
PASS invalid allowance rejected {}
PASS invalid allowance rejected {"plan":"GUEST"}
PASS invalid allowance rejected {"remainingMinutes":1}
PASS invalid allowance rejected {"remainingSeconds":-2,"limits":{"maxMinutesPerMonth":60}}
PASS invalid allowance rejected {"remainingSeconds":0.5,"limits":{"maxMinutesPerMonth":60}}
PASS invalid allowance rejected {"remainingSeconds":null,"limits":{"maxMinutesPerMonth":60}}
PASS invalid allowance rejected {"remainingSeconds":null,"limits":{"maxMinutesPerMonth":60}}
PASS invalid allowance rejected {"remainingSeconds":3601,"limits":{"maxMinutesPerMonth":60}}
PASS invalid allowance rejected {"remainingSeconds":"1","limits":{"maxMinutesPerMonth":60}}
PASS invalid allowance rejected {"remainingSeconds":-1,"limits":{"maxMinutesPerMonth":60}}
PASS usage load success
PASS usage load limit
PASS usage load paid-limit
PASS usage load unlimited
PASS usage load http
PASS usage load network
PASS usage load guest
PASS usage load invalid
PASS usage load stale
PASS timer stop with remaining 1
PASS timer stop with remaining -1
PASS both recording controls and handler block unverified usage
PASS finish ok preserves cumulative retry
PASS finish http preserves cumulative retry
PASS finish network preserves cumulative retry
PASS finish stays exclusive even if an external retry resets ended flag while draining
PASS heartbeat failure during recording
PASS heartbeat failure after finalization
PASS unmount does not end unused session
PASS unmount records remainder
PASS session baseline active
PASS session baseline ended
PASS session baseline http
PASS session baseline invalid
PASS session baseline stale
PASS ended/loading session and duplicate start are gated
PASS drain waits for work spawned by a finishing task
PASS timeout is retryable and does not discard pending work
PASS rejected work flags incomplete input without unhandled rejection
PASS remote final recorder upload precedes end and report
PASS self final recorder upload precedes end and report
PASS finalization timeout never sends end or report and offers retry
PASS sendChunk short final chunk ok
PASS sendChunk short final chunk http
PASS sendChunk short final chunk network
PASS sendSelfChunk short final chunk ok
PASS sendSelfChunk short final chunk http
PASS sendSelfChunk short final chunk network
PASS both chunk paths record HTTP and network failure instead of silent success
PASS remote ordered late audio, first fails=false
PASS remote ordered late audio, first fails=true
PASS self ordered late audio, first fails=false
PASS self ordered late audio, first fails=true
PASS failed final audio retries original closure and clears only its failure
PASS double retry clicks share one request and cannot replace original audio
PASS recovering one channel does not clear other or unrelated failures
PASS pending drain observes failure recovery without discarding other tasks
{
  "passed": 4,
  "results": [
    "failed final audio retries original closure and clears only its failure",
    "double retry clicks share one request and cannot replace original audio",
    "recovering one channel does not clear other or unrelated failures",
    "pending drain observes failure recovery without discarding other tasks"
  ]
}
PASS all 501 transcripts and 241 answers included in original order
PASS reject invalid report null
PASS reject invalid report empty
PASS reject invalid report empty summary
PASS reject invalid report object title
PASS reject invalid report invalid list
PASS reject invalid report missing score
PASS reject invalid report NaN score
PASS reject invalid report infinite score
PASS reject invalid report negative score
PASS reject invalid report oversized score
PASS reject invalid report missing feedback
PASS provider failure propagates
PASS valid zero score and empty decision lists remain valid
PASS pending audio cannot be silently omitted
PASS explicit partial generation excludes missing audio and marks report
PASS expired active lease is settled before offering partial recovery
PASS expired active lease may be explicitly recovered
PASS failed final answer cannot be silently omitted from a report
PASS saved final answer permits a complete report
PASS missing final answer needs explicit partial recovery after the deadline
PASS running final answer cannot be omitted during partial recovery
PASS before recovery deadline
PASS active recording
PASS provider still processing
PASS no saved content
PASS foreign session
PASS stale account identity is not authorized through fallback email
PASS legacy email-only session resolves an existing account
PASS missing authentication remains anonymous
PASS monotonic revision 999
PASS monotonic revision 1000
PASS monotonic revision 2000
PASS content save increments revision
PASS idempotent no-op preserves revision
PASS foreign row rejected without write
PASS deleted row rejected without write
PASS deleted account rejects orphan content without callback
PASS report route rejects superseded generation new-first
PASS report route rejects superseded generation old-first
PASS report status [{"sourceFingerprint":"a"},"a"]
PASS report status [{"sourceFingerprint":"a"},"b"]
PASS report status [{},"a"]
PASS report status [null,"a"]
PASS report status [{"sourceFingerprint":1},"a"]
PASS report status [{"sourceFingerprint":"a"},null]
PASS empty snapshot does not imply current
PASS fingerprint query scopes owner revision and explicit UTC
PASS transcript cursor preserves receipt, window sequence, fallback, session and revision
PASS transcript rejects old, oversized and malformed version/date/session/sequence cursors
PASS cursor roundtrip preserves tie-breaking id and milliseconds
PASS reject invalid history cursor
PASS reject invalid history cursor !
PASS reject invalid history cursor xxxxxxxxxxxxxxxxxxxx
PASS reject invalid history cursor e30
PASS reject invalid history cursor eyJpZCI6IngiLCJhdCI6
PASS replayed pages deduplicate without losing established order
PASS list http failure retains data and permits retry
PASS list network failure retains data and permits retry
PASS duplicate page load issues one request
PASS delete status 200 truthful feedback
PASS delete status 500 truthful feedback
PASS delete network failure is caught
PASS late page cannot resurrect deleted row
PASS unmounted response does not change rows
PASS retry updates the same deletion notice
PASS empty state requires no error and no older page
PASS all images preserved with unique filenames
PASS partial cannot silently produce incomplete ZIP
PASS all-missing cannot silently produce incomplete ZIP
PASS throw cannot silently produce incomplete ZIP
PASS empty cannot silently produce incomplete ZIP
PASS explicit partial export includes missing manifest
PASS partial does not allow empty archive
PASS db-error becomes retryable JSON without secrets
PASS archive-error becomes retryable JSON without secrets
PASS anonymous denied
PASS foreign concept denied
PASS valid server aggregate accepted
PASS invalid aggregate is not rendered as zero
PASS invalid aggregate is not rendered as zero
PASS invalid aggregate is not rendered as zero
PASS invalid aggregate is not rendered as zero
PASS invalid aggregate is not rendered as zero
PASS invalid aggregate is not rendered as zero
PASS large currency remains exact
PASS summary API ok
PASS summary API denied
PASS summary API failure
PASS per request
PASS daily free
PASS monthly free
PASS daily paid
PASS monthly paid
PASS concept free
PASS concept paid
PASS generate route returns diagnosis before any generation or writes
PASS refine route returns diagnosis before any generation or writes
PASS generate atomic reservation denial blocks image provider
PASS refine atomic reservation denial blocks image provider
PASS refinement ignores new-concept cap but still consumes image allowance
PASS advertised AdImage allowances include actual image and concept caps
PASS monthly reset boundary 2026-12-31T14:59:59Z
PASS monthly reset boundary 2028-02-28T15:00:00Z
PASS monthly reset boundary 2026-09-30T15:00:00Z
PASS allowed request logs no denial
PASS DB failure is not converted to quota
PASS account scoped reads writes deletion and legacy isolation
PASS handleGenerate normal
PASS handleGenerate unmounted
PASS handleGenerate late-error
PASS handleGenerate full
PASS handleGenerate retry
PASS handleGenerate changed-input
PASS handleGenerate quota
PASS handleGenerate quota-paid
PASS handleModify normal
PASS handleModify unmounted
PASS handleModify late-error
PASS handleModify full
PASS handleModify retry
PASS handleModify changed-input
PASS handleModify quota
PASS handleModify quota-paid
PASS handleModify replaced
PASS restore-empty-images
PASS restore-portrait
PASS restore-complete
PASS new-generation
PASS new-modification
PASS direct server restore server-url
PASS direct server restore blocked-storage
PASS direct server restore legacy-url
PASS direct server restore different-record
PASS requestMissingImages explicit
PASS requestMissingImages duplicate
PASS requestMissingImages unmounted
PASS requestMissingImages text-busy
PASS requestMissingImages image-busy
PASS requestMissingImages replaced
PASS portrait and multiple scenes survive history reload
PASS updating history does not overwrite another last record
PASS deleted history is not recreated by late image
PASS identical text is isolated by record ID and stale revision rejected
PASS 20-record retention and exact-ID replacement
PASS corrupt reported; previous last preserved
PASS full-history reported; previous last preserved
PASS full-last reported; previous last preserved
PASS delete clears restored copy, retains newer history, rejects stale selection and image
PASS unrelated last retained; clear-all removes both
PASS ID-less exact record deletion
PASS selection reads fresh image data instead of stale UI snapshot
PASS clear-all last failure propagates
PASS clear-all history failure propagates
PASS storage event history-delete
PASS storage event last-delete
PASS storage event all-clear
PASS storage event other-account
PASS storage event other-record
PASS storage event malformed
PASS portrait anonymous 401
PASS portrait email-only 401
PASS portrait authenticated 200
PASS portrait invalid-json 400
PASS portrait array 400
PASS portrait null 400
PASS portrait missing-input 400
PASS portrait foreign 404
PASS portrait invalid-grant 400
PASS portrait limit 429
PASS portrait limit-paid 429
PASS portrait pending 409
PASS portrait cached 200
PASS portrait storage-unavailable 503
PASS portrait upload-failed 503
PASS portrait provider-error 503
PASS portrait provider-throws 503
PASS portrait invalid-provider-json 503
PASS portrait stale-settlement 409
PASS scene anonymous 401
PASS scene email-only 401
PASS scene authenticated 200
PASS scene invalid-json 400
PASS scene array 400
PASS scene null 400
PASS scene missing-input 400
PASS scene foreign 404
PASS scene invalid-grant 400
PASS scene limit 429
PASS scene limit-paid 429
PASS scene pending 409
PASS scene cached 200
PASS scene storage-unavailable 503
PASS scene upload-failed 503
PASS scene provider-error 503
PASS scene provider-throws 503
PASS scene invalid-provider-json 503
PASS scene stale-settlement 409
PASS banner anonymous 401
PASS banner email-only 401
PASS banner authenticated 200
PASS banner invalid-json 400
PASS banner array 400
PASS banner null 400
PASS banner missing-input 400
PASS banner foreign 404
PASS banner invalid-grant 400
PASS banner limit 429
PASS banner limit-paid 429
PASS banner pending 409
PASS banner cached 200
PASS banner storage-unavailable 503
PASS banner upload-failed 503
PASS banner provider-error 503
PASS banner provider-throws 503
PASS banner invalid-provider-json 503
PASS banner stale-settlement 409
PASS scene http500
PASS scene http429
PASS scene http401
PASS scene network
PASS scene invalid-json
PASS scene missing-image
PASS scene success
PASS scene late-error
PASS scene save-fails
PASS concurrent included image preserves quota notice until regeneration succeeds
PASS loopback { status: 400, external: 0, ai: 0, writes: 0 }
PASS metadata { status: 400, external: 0, ai: 0, writes: 0 }
PASS credentials { status: 400, external: 0, ai: 0, writes: 0 }
PASS non-http { status: 400, external: 0, ai: 0, writes: 0 }
PASS private-dns { status: 400, external: 0, ai: 0, writes: 0 }
PASS redirect-private { status: 400, external: 1, ai: 0, writes: 0 }
PASS http404 { status: 400, external: 1, ai: 0, writes: 0 }
PASS pdf { status: 400, external: 1, ai: 0, writes: 0 }
PASS oversize { status: 400, external: 1, ai: 0, writes: 0 }
PASS chunked-oversize { status: 400, external: 1, ai: 0, writes: 0 }
PASS valid { status: 200, external: 1, ai: 1, writes: 1 }
PASS modify { status: 200, external: 0, ai: 1, writes: 1 }
PASS invalid-json { status: 400, external: 0, ai: 0, writes: 0 }
PASS anonymous { status: 401, external: 0, ai: 0, writes: 0 }
PASS deleted-user { status: 401, external: 0, ai: 0, writes: 0 }
PASS quota-free { status: 429, external: 0, ai: 0, writes: 0 }
PASS quota-paid { status: 429, external: 0, ai: 0, writes: 0 }
PASS provider-secret { status: 500, external: 1, ai: 2, writes: 0 }
PASS standard image groups capped to sixteen despite excess model prompts
PASS original slot indexes retained; absent prompts not fabricated
PASS malformed group and oversized prompt rejected
PASS included first use, cached retry and unknown grant rejection
PASS included/extra image regeneration consumes extra allowance; missing original and unknown intent rejected
PASS actual raster decoding, PNG normalization, SVG and malformed input rejection
PASS bucket privacy and exact path checked before upload/download
PASS private immutable upload, retrieval, cleanup and bounded fetch
PASS upload failure remains failure
PASS owned image GET owner
PASS owned image GET anonymous
PASS owned image GET foreign
PASS owned image GET deleted
PASS owned image GET pending
PASS owned image GET bad-path
PASS owned image GET storage-failure
PASS Persona provider deadlines reach primary and fallback despite environment overrides
PASS primary fetch receives bounded abort signal; existing callers preserve prior timeout behavior
PASS exact requested, metadata and saved size google-responsive 1200 628
PASS exact requested, metadata and saved size google-square 1200 1200
PASS exact requested, metadata and saved size google-landscape 1200 900
PASS exact requested, metadata and saved size meta-feed 1080 1080
PASS exact requested, metadata and saved size meta-story 1080 1920
PASS exact requested, metadata and saved size twitter 1200 675
PASS exact requested, metadata and saved size youtube 1280 720
PASS exact requested, metadata and saved size display-leaderboard 728 90
PASS exact requested, metadata and saved size display-rectangle 300 250
PASS exact requested, metadata and saved size display-skyscraper 160 600
PASS exact requested, metadata and saved size custom 333 777
PASS exact requested, metadata and saved size custom/default 2048 2048
PASS exact requested, metadata and saved size custom/default 1200 628
PASS cached size stays consistent and changed size cannot reuse request key
PASS invalid preset/dimensions rejected before reservation and provider 18
PASS non-banner image behavior unchanged; invalid normalization dimensions rejected
PASS adapter forwards explicit size and preserves existing default
PASS FREE/GUEST/unset and nine paid compatibility forms share text/image limits
PASS existing explicit server text-limit override preserved
PASS rendered pricing FAQ states actual limits, attached allowance and reset time
PASS malformed pagination tokens rejected
PASS list owner
PASS list anonymous
PASS list foreign
PASS list database-failure
PASS read owner
PASS read anonymous
PASS read foreign
PASS read database-failure
PASS delete owner
PASS delete anonymous
PASS delete foreign
PASS delete database-failure
PASS server copies redirect before rendering; legacy records remain readable; invalid IDs not routed
PASS live access valid
PASS live access deleted
PASS live access unauthorized
PASS live access failure
PASS live access network
PASS live access replaced
PASS live access new-text
PASS live access unmounted
PASS HEAD owner
PASS HEAD anonymous
PASS HEAD foreign
PASS HEAD deleted
PASS HEAD invalid
PASS HEAD failure
PASS complete result preserves text, drops unknown fields and grants sixteen images
PASS consumer personas do not require invented employer fields
PASS missing persona
PASS string instead of array
PASS object instead of string
PASS string age
PASS out of range age
PASS blank required text
PASS oversized text
PASS missing diary
PASS missing deep dive
PASS missing summary
PASS missing creative
PASS missing schedule fields
PASS incomplete schedule
PASS missing schedule image
PASS missing painpoint image
PASS empty nested row
PASS invalid rank order
PASS invalid checklist priority
PASS too many nested rows
PASS truncated adoption
PASS large unknown output
PASS full and partial legacy data remain unchanged and readable
PASS sixteen malformed result forms and invalid image states rejected without mutation
PASS mixed browser history preserves stored rows and still lists readable record
PASS invalid stored server result fails without writing or deleting it
PASS namespace validation, private bucket, empty confirmation, bounded batch and retryable storage errors
PASS 206 files including unrecorded attempts drained without offset skips or foreign project deletion
PASS cron rejects missing/wrong secret and surfaces cleanup failure
PASS persona orphan purge leases across concurrent workers and retries unfinished batches
PASS persona project purge leases across concurrent workers and confirms empty namespace later
PASS malformed inputs return400 before reference lookups, writes or notifications
PASS all three references require ownership and reject missing/foreign without creating a session
PASS owned references, defaults, trimming and every supported mode create successfully
PASS authentication and existing allowance gate retained
PASS free-plan quota offers upgrade, paid quota offers contact, and recording reservations offer neither
PASS owned session deletion removes dependent audio windows and final answers before transcripts
PASS deletion settles only elapsed recording time and releases the unused reservation
PASS JST month/year boundaries, leap February, exact milliseconds, empty interval and invalid ranges
PASS malformed commands never reach ledger
PASS auth, no-store and no client clock/duration forwarded
PASS state mappings, retryable stop and sanitized server failure
PASS free recording quota offers upgrade, paid quota explains reset and offers contact
PASS native malformed/invalid/expired/duplicate audio never invokes provider
PASS replaced final claim cannot save or release successor
PASS admitted final audio saves after stop without checking new-session quota
PASS provider failure does not log response body or pretend transcript was saved
PASS cached final audio bypasses provider and writes
PASS final silence persists for replay
PASS native final uses server text and does not duplicate transcript or recheck new quota
PASS native ordinary/manual questions stay in answers without duplicate audio; legacy transcript behavior preserved
PASS denied native/ended legacy/exhausted legacy never generate
PASS stale final answer cannot save or release a successor claim
PASS malformed input and empty final result are not false successes
PASS failure releases once and release failure never leaks details
PASS uncertain running provider retains claim
PASS cached final response bypasses provider and all writes
PASS provider fallback warning excludes raw error contents
PASS timed-out uncancelled primary retains uncertainty on empty or failed fallback
PASS Cunning legacy answer and prep return plan-appropriate quota actions without provider calls
PASS final retry keeps original language and context
PASS ordinary regeneration follows newly selected language
PASS failed finalization keeps original input and language; only success clears input and marks answered
PASS Cunning live view returns recent saved history and enforces ownership
PASS Cunning live reload restores saved transcript and answer order, and exposes partial history
PASS concurrent starts share one request and stop is idempotent with no restart
PASS response transit is subtracted from relative grant without trusting wall clock
PASS late heartbeat cannot restart stopped recording
PASS stopping during start releases late grant before any recording is allowed
PASS heartbeat failure stops capture and attempts server release
PASS failed start retries with the same idempotency key
PASS already-expired initial grant is released and cannot start media
PASS failed stop can be retried without restarting capture
PASS hung request is bounded even when fetch ignores abort
PASS elapsed deadline is checked even before a delayed timer runs
PASS server limit classification survives for UI guidance
PASS invalid grants never schedule recording
PASS parallel uploads deliver in reserved channel order; successful payload is never reuploaded
PASS failure retains original audio/language; overlapping retries have one in-flight upload
PASS lost reservation response is recovered with same key after stop; unused slot is silent
PASS explicit expired response discards only an unused unaccepted reservation
PASS captured-but-missing data blocks finalize and is never silently acknowledged
PASS reservation order, stop boundary and both-channel completion are enforced
PASS hung fetch ignoring abort is bounded; late response cannot publish a reservation
PASS consumer failure blocks completion without another paid upload
PASS final response must match every last saved channel window
PASS saved final input survives reload with the original language and context
PASS tampered or expired recovery input is discarded before any request
PASS successful final answer removes recovery data
PASS reloaded retry sends the saved token and input, then resumes report generation once
PASS failed retry does not generate a report
PASS receipt records first signed event and holds concurrent duplicate
PASS failed receipt can be reclaimed and stale owner cannot finish
PASS expired processing lease can be reclaimed without duplicate success
PASS receipt database failure cannot acknowledge an event
PASS conflicting event types cannot reuse an event ID
PASS outbox requires current matching receipt owner
PASS outbox queue failure cannot acknowledge notification creation
PASS outbox queues one notice per Stripe event
PASS billing operation notice is durable and deduplicated without webhook receipt
PASS concurrent workers cannot send the same notice twice
PASS Slack failure remains pending and later Cron retry succeeds
PASS expired sending lease can be reclaimed
PASS retry endpoint requires Cron secret and delegates only authorized calls
PASS admin Stripe rejects unauthenticated request before Stripe read
PASS admin Stripe GET refuses foreign saved contract
PASS admin Stripe cancel refuses foreign saved contract before mutation
PASS admin Stripe cancel_immediately refuses foreign saved contract before mutation
PASS admin Stripe resume refuses foreign saved contract before mutation
PASS admin Stripe period-end cancellation changes only verified contract
PASS admin Stripe immediate cancellation syncs all services atomically to FREE
PASS admin Stripe immediate cancellation retains another paid contract
PASS admin Stripe refuses uncertain remaining contract before downgrading
PASS admin Stripe refuses uncertain remaining contract before downgrading
PASS admin Stripe does not downgrade when immediate cancellation is unconfirmed
PASS admin Stripe reports DB sync failure after immediate cancellation
{
  "passed": 12,
  "results": [
    "admin Stripe rejects unauthenticated request before Stripe read",
    "admin Stripe GET refuses foreign saved contract",
    "admin Stripe cancel refuses foreign saved contract before mutation",
    "admin Stripe cancel_immediately refuses foreign saved contract before mutation",
    "admin Stripe resume refuses foreign saved contract before mutation",
    "admin Stripe period-end cancellation changes only verified contract",
    "admin Stripe immediate cancellation syncs all services atomically to FREE",
    "admin Stripe immediate cancellation retains another paid contract",
    "admin Stripe refuses uncertain remaining contract before downgrading",
    "admin Stripe refuses uncertain remaining contract before downgrading",
    "admin Stripe does not downgrade when immediate cancellation is unconfirmed",
    "admin Stripe reports DB sync failure after immediate cancellation"
  ]
}
PASS monthly revenue reads page 21 and excludes shared-account apps and one-off invoices
PASS monthly revenue uses paid date across invoice creation months and JST boundaries
PASS paid Doya invoice without payment timestamp stops the monthly report
PASS monthly revenue subtracts successful refunds in their own month, not invoice credit-note totals
PASS monthly refunds resolve invoice from a referenced charge or payment intent
PASS monthly refund repeated cursor fails instead of publishing partial totals
PASS monthly invoice repeated cursor fails instead of publishing partial totals
PASS subscription repeated cursor fails instead of publishing partial contract counts
PASS billing audit normalizes annual prices and flags unknown billing intervals
PASS billing audit maps owner ID across changed customer email and split customers
PASS billing audit does not attach a missing owner ID to a customer-email match
PASS billing audit retains customer-email fallback for legacy subscriptions
PASS billing audit detects paid tier drift in both directions
PASS billing audit compares highest active tier once and honors only higher manual grants
PASS manual-grant list never hides a FREE account or a paid tier above its grant
PASS a marked Doya contract with an unmapped price cannot pass as healthy
PASS webhook endpoint check reaches page two
PASS webhook endpoint repeating cursor reports failure
{
  "passed": 18,
  "results": [
    "monthly revenue reads page 21 and excludes shared-account apps and one-off invoices",
    "monthly revenue uses paid date across invoice creation months and JST boundaries",
    "paid Doya invoice without payment timestamp stops the monthly report",
    "monthly revenue subtracts successful refunds in their own month, not invoice credit-note totals",
    "monthly refunds resolve invoice from a referenced charge or payment intent",
    "monthly refund repeated cursor fails instead of publishing partial totals",
    "monthly invoice repeated cursor fails instead of publishing partial totals",
    "subscription repeated cursor fails instead of publishing partial contract counts",
    "billing audit normalizes annual prices and flags unknown billing intervals",
    "billing audit maps owner ID across changed customer email and split customers",
    "billing audit does not attach a missing owner ID to a customer-email match",
    "billing audit retains customer-email fallback for legacy subscriptions",
    "billing audit detects paid tier drift in both directions",
    "billing audit compares highest active tier once and honors only higher manual grants",
    "manual-grant list never hides a FREE account or a paid tier above its grant",
    "a marked Doya contract with an unmapped price cannot pass as healthy",
    "webhook endpoint check reaches page two",
    "webhook endpoint repeating cursor reports failure"
  ]
}
PASS monthly calculation failure sends no partial daily report and keeps the response private
PASS weekly calculation failure sends no partial daily report
PASS successful first-of-month report sends daily then monthly once
PASS retry after monthly delivery failure skips the delivered daily report
PASS explicit monthly resend preserves manual behavior without repeating the daily report
PASS invalid manual windows do not become scheduled sends
PASS valid manual window still sends a manual report
PASS unauthorized cron exits before any reads or posts
{
  "passed": 8,
  "results": [
    "monthly calculation failure sends no partial daily report and keeps the response private",
    "weekly calculation failure sends no partial daily report",
    "successful first-of-month report sends daily then monthly once",
    "retry after monthly delivery failure skips the delivered daily report",
    "explicit monthly resend preserves manual behavior without repeating the daily report",
    "invalid manual windows do not become scheduled sends",
    "valid manual window still sends a manual report",
    "unauthorized cron exits before any reads or posts"
  ]
}
PASS same scheduled report is sent once across retries
PASS failed Slack send releases the claim for a retry
PASS concurrent claim does not send a second copy
PASS unrecorded successful send stays leased rather than immediately duplicating
PASS corrupt receipt and invalid key fail closed before sending
{
  "passed": 5,
  "results": [
    "same scheduled report is sent once across retries",
    "failed Slack send releases the claim for a retry",
    "concurrent claim does not send a second copy",
    "unrecorded successful send stays leased rather than immediately duplicating",
    "corrupt receipt and invalid key fail closed before sending"
  ]
}
PASS feedback report aggregates counts in DB and reads only five texts
PASS feedback report rejects invalid periods before reading or posting
PASS feedback report keeps private DB errors out of the response
PASS feedback report requires cron authorization before DB access
PASS spend report keeps notification failures out of the response
PASS AIO scan hides per-organization and top-level private errors
PASS scheduled reports retain internal diagnostics without returning them
PASS no cron route returns raw exception message or stack fields
{
  "passed": 8,
  "results": [
    "feedback report aggregates counts in DB and reads only five texts",
    "feedback report rejects invalid periods before reading or posting",
    "feedback report keeps private DB errors out of the response",
    "feedback report requires cron authorization before DB access",
    "spend report keeps notification failures out of the response",
    "AIO scan hides per-organization and top-level private errors",
    "scheduled reports retain internal diagnostics without returning them",
    "no cron route returns raw exception message or stack fields"
  ]
}
PASS Unknown feedback form waits for its alert and hides private key names
PASS Valid sidebar feedback still saves and notifies normally
PASS watch uses one rolling completion marker across 15-minute slots
PASS old per-slot completion marker prevents a duplicate during migration
PASS review polling also uses one rolling marker
PASS daily completion marker and dry-run behavior remain unchanged
PASS invalid manual mode or dry-run values do not send or claim
{
  "passed": 5,
  "results": [
    "watch uses one rolling completion marker across 15-minute slots",
    "old per-slot completion marker prevents a duplicate during migration",
    "review polling also uses one rolling marker",
    "daily completion marker and dry-run behavior remain unchanged",
    "invalid manual mode or dry-run values do not send or claim"
  ]
}
PASS Cunning company analysis serializes at the JST daily ceiling and resets at midnight
PASS Cunning company analysis rejects invalid input and cap before external work
PASS Cunning company extraction rejects malformed or empty AI output
PASS Cunning company operational ceiling is not presented as an upgrade allowance
PASS Cunning knowledge chunking never leaves oversized sentences unsplit
PASS Cunning knowledge retrieval prefers recent chunks for historical oversized bases
PASS Cunning knowledge capacity serializes concurrent ingests and prevents hidden chunks
PASS Cunning scraper accepts normal HTML and rejects declared oversized pages before reading
PASS Cunning scraper stops chunked responses at the decoded byte ceiling
PASS Cunning scraper pins every fetch and cancels a redirect before rejecting private destinations
PASS Cunning scraper stops before fetch when DNS does not answer by the deadline
PASS Cunning URL consumers return actionable 413 without writing data
PASS SEO references use the shared bounded, pinned fetcher and still extract HTML
PASS SEO references remain empty when the safe fetcher rejects a URL or body
PASS Ad image palette reads only a bounded resource through pinned transport
PASS Ad image generation continues without extracted colors when a reference is rejected
PASS DoyaSlide image fetch is host restricted, pinned and byte bounded
PASS DoyaSlide image fetch fails closed without the configured storage host
PASS DoyaSlide image fetch reports a failed safe transfer
PASS Shodan slide transfer uses the bounded DoyaSlide storage fetcher
PASS Body check bounds the sitemap and article fetches without sending notifications
PASS Body check rejects a foreign sitemap URL before fetching it
PASS AIO brand lookup uses bounded pinned HTML and keeps a successful title
PASS AIO brand lookup falls back without AI when the safe fetch rejects a URL
PASS Gemini file URI uses pinned transport with a 16 MiB and 30 second budget
PASS Gemini file URI rejects plain HTTP and a failed or empty transfer
PASS active prompt refinement has a total fetch timeout and bounded JSON response
PASS banner image configuration permits Pro IDs and rejects non-Pro models
PASS active image fallback parses a bounded response and keeps its timeout signal
PASS image and error response caps reject declared and streamed oversize bodies
PASS primary image generation parses bounded JSON and preserves timeout signal
PASS primary image and error responses reject declared and streamed oversize bodies
PASS Claude and Perplexity use bounded fetch and preserve answer fields
PASS Serper has its own timeout and returns validated search hits
PASS Serper distinguishes a valid zero-hit search from an unavailable provider
PASS provider response rejects oversized headers and streamed bodies
PASS Vision feedback parses bounded JSON and retains its 90 second signal
PASS Vision rejects declared and streamed oversize provider responses
PASS Banner Vision parses valid response and retains a body-wide timeout
PASS Banner Vision rejects declared and streamed oversized responses
PASS Banner Vision does not read or log provider error bodies
PASS Persona rejects oversized and invalid input before quota and provider calls
PASS Persona generation and modification remain usable for valid input
PASS Persona rejects oversized provider envelopes and refunds the claim
PASS Interview stream keeps submit and poll deadlines through JSON reads
PASS Interview stream handles submit-oversize without exposing provider data
PASS Interview stream handles submit-error without exposing provider data
PASS Interview stream handles poll-oversize without exposing provider data
PASS Interview stream handles poll-error without exposing provider data
PASS Nano Banana Pro aliases resolve to official Pro image ID only
PASS admin model suggestions contain only Pro image models
PASS admin model list rejects oversized provider responses
PASS banner refine uses the official Pro image endpoint with timeout and bounded response
PASS invalid model and oversized response fail before charging quota
   ▲ Next.js 15.5.25
   - Environments: .env.local, .env

   Creating an optimized production build ...
 ✓ Compiled successfully in 106s
   Skipping linting
   Checking validity of types ...
   Collecting page data ...
 ⚠ Using edge runtime on a page currently disables static generation for that page
   Generating static pages (0/296) ...
   Generating static pages (74/296)
   Generating static pages (148/296)
   Generating static pages (222/296)
 ✓ Generating static pages (296/296)
   Finalizing page optimization ...
   Collecting build traces ...

Route (app)                                                 Size  First Load JS
┌ ○ /                                                    3.98 kB         155 kB
├ ○ /_not-found                                          1.73 kB         104 kB
├ ○ /adbanner                                            6.18 kB         158 kB
├ ƒ /adbanner/dashboard                                  3.01 kB         114 kB
├ ƒ /adbanner/dashboard/[campaignId]                     3.65 kB         115 kB
├ ƒ /adbanner/dashboard/new                              6.76 kB         160 kB
├ ○ /adbanner/pricing                                    2.86 kB         150 kB
├ ƒ /adimage                                             15.7 kB         176 kB
├ ƒ /adimage/history                                     4.45 kB         121 kB
├ ○ /adimage/icon.png                                        0 B            0 B
├ ƒ /adimage/pricing                                     1.59 kB         148 kB
├ ○ /admin                                               5.61 kB         153 kB
├ ○ /admin/2fa                                            3.3 kB         111 kB
├ ○ /admin/admin-users                                   3.65 kB         147 kB
├ ○ /admin/admins                                        6.18 kB         150 kB
├ ○ /admin/analytics                                     4.04 kB         148 kB
├ ○ /admin/billing                                        4.2 kB         148 kB
├ ○ /admin/doyamana-categories                           4.93 kB         152 kB
├ ƒ /admin/doyamana-categories/[id]                      2.74 kB         150 kB
├ ○ /admin/doyamana-images                               4.91 kB         152 kB
├ ƒ /admin/doyamana-images/[id]/edit                     4.68 kB         152 kB
├ ○ /admin/doyamana-images/new                           3.68 kB         151 kB
├ ○ /admin/drip                                          3.88 kB         148 kB
├ ○ /admin/drip/logs                                     2.87 kB         147 kB
├ ○ /admin/drip/sequences                                 4.9 kB         149 kB
├ ƒ /admin/drip/sequences/[id]                           6.32 kB         150 kB
├ ○ /admin/drip/settings                                 3.92 kB         148 kB
├ ○ /admin/drip/templates                                6.29 kB         150 kB
├ ○ /admin/drip/users                                    4.99 kB         149 kB
├ ○ /admin/feedback                                      1.47 kB         104 kB
├ ○ /admin/kintai                                        2.23 kB         108 kB
├ ○ /admin/kintai/employees                              2.37 kB         105 kB
├ ○ /admin/kintai/organizations                          2.67 kB         105 kB
├ ○ /admin/login                                          4.3 kB         152 kB
├ ○ /admin/services                                      1.61 kB         108 kB
├ ○ /admin/settings                                      5.53 kB         149 kB
├ ○ /admin/templates                                     3.67 kB         153 kB
├ ○ /admin/users                                         11.5 kB         155 kB
├ ○ /adsim                                               9.17 kB         165 kB
├ ƒ /adsim/[projectId]                                   10.8 kB         299 kB
├ ○ /adsim/guide                                         1.73 kB         104 kB
├ ○ /adsim/history                                       2.63 kB         123 kB
├ ○ /adsim/new                                           4.52 kB         163 kB
├ ○ /adsim/pricing                                       6.79 kB         133 kB
├ ƒ /aio                                                 6.14 kB         176 kB
├ ƒ /aio/[orgSlug]                                         16 kB         264 kB
├ ƒ /aio/[orgSlug]/history                               2.59 kB         109 kB
├ ƒ /aio/[orgSlug]/history/[id]                          2.73 kB         109 kB
├ ƒ /aio/[orgSlug]/members                               4.14 kB         112 kB
├ ƒ /aio/[orgSlug]/prompts                                4.2 kB         115 kB
├ ƒ /aio/[orgSlug]/scan                                  3.69 kB         124 kB
├ ƒ /aio/[orgSlug]/settings                              3.79 kB         112 kB
├ ○ /aio/icon.png                                            0 B            0 B
├ ƒ /aio/invite/[token]                                  3.73 kB         121 kB
├ ƒ /aio/pricing                                            2 kB         149 kB
├ ƒ /aishodan                                            12.5 kB         172 kB
├ ○ /aishodan/icon.png                                       0 B            0 B
├ ƒ /aishodan/invite/[token]                             3.53 kB         120 kB
├ ƒ /aishodan/preview                                    4.15 kB         164 kB
├ ƒ /aishodan/pricing                                    2.65 kB         149 kB
├ ƒ /aishodan/scenarios/[id]                             5.02 kB         165 kB
├ ƒ /aishodan/sessions                                   3.24 kB         158 kB
├ ƒ /aishodan/sessions/[id]                              4.32 kB         164 kB
├ ƒ /aishodan/settings                                   2.96 kB         115 kB
├ ○ /all-in-one                                           2.5 kB         169 kB
├ ƒ /api/adbanner/analyze-url                            1.73 kB         104 kB
├ ƒ /api/adbanner/campaigns                              1.73 kB         104 kB
├ ƒ /api/adbanner/campaigns/[id]                         1.73 kB         104 kB
├ ƒ /api/adbanner/feedback                               1.73 kB         104 kB
├ ƒ /api/adbanner/generate                               1.73 kB         104 kB
├ ƒ /api/adbanner/logo                                   1.73 kB         104 kB
├ ƒ /api/adbanner/refine                                 1.73 kB         104 kB
├ ƒ /api/adimage/analyze                                 1.73 kB         104 kB
├ ƒ /api/adimage/brands/[id]/logo                        1.73 kB         104 kB
├ ƒ /api/adimage/concepts                                1.73 kB         104 kB
├ ƒ /api/adimage/concepts/[id]/export                    1.73 kB         104 kB
├ ƒ /api/adimage/concepts/[id]/feedback                  1.73 kB         104 kB
├ ƒ /api/adimage/concepts/[id]/refine                    1.73 kB         104 kB
├ ƒ /api/adimage/design-refs                             1.73 kB         104 kB
├ ƒ /api/adimage/placements                              1.73 kB         104 kB
├ ƒ /api/admin/2fa/disable                               1.73 kB         104 kB
├ ƒ /api/admin/2fa/setup                                 1.73 kB         104 kB
├ ƒ /api/admin/2fa/status                                1.73 kB         104 kB
├ ƒ /api/admin/2fa/verify                                1.73 kB         104 kB
├ ƒ /api/admin/admin-users                               1.73 kB         104 kB
├ ƒ /api/admin/admin-users/[id]                          1.73 kB         104 kB
├ ƒ /api/admin/auth/login                                1.73 kB         104 kB
├ ƒ /api/admin/auth/logout                               1.73 kB         104 kB
├ ƒ /api/admin/auth/session                              1.73 kB         104 kB
├ ƒ /api/admin/doyamana/categories                       1.73 kB         104 kB
├ ƒ /api/admin/doyamana/categories/[id]                  1.73 kB         104 kB
├ ƒ /api/admin/doyamana/images                           1.73 kB         104 kB
├ ƒ /api/admin/doyamana/images/[id]                      1.73 kB         104 kB
├ ƒ /api/admin/doyamana/images/upload-url                1.73 kB         104 kB
├ ƒ /api/admin/drip/dashboard                            1.73 kB         104 kB
├ ƒ /api/admin/drip/logs                                 1.73 kB         104 kB
├ ƒ /api/admin/drip/seed                                 1.73 kB         104 kB
├ ƒ /api/admin/drip/segments                             1.73 kB         104 kB
├ ƒ /api/admin/drip/segments/[id]                        1.73 kB         104 kB
├ ƒ /api/admin/drip/sequences                            1.73 kB         104 kB
├ ƒ /api/admin/drip/sequences/[id]                       1.73 kB         104 kB
├ ƒ /api/admin/drip/sequences/[id]/steps                 1.73 kB         104 kB
├ ƒ /api/admin/drip/sequences/[id]/steps/[stepId]        1.73 kB         104 kB
├ ƒ /api/admin/drip/settings                             1.73 kB         104 kB
├ ƒ /api/admin/drip/templates                            1.73 kB         104 kB
├ ƒ /api/admin/drip/templates/[id]                       1.73 kB         104 kB
├ ƒ /api/admin/drip/test-unsubscribe                     1.73 kB         104 kB
├ ƒ /api/admin/drip/users                                1.73 kB         104 kB
├ ƒ /api/admin/drip/users/[id]/timeline                  1.73 kB         104 kB
├ ƒ /api/admin/feedback                                  1.73 kB         104 kB
├ ƒ /api/admin/kintai                                    1.73 kB         104 kB
├ ƒ /api/admin/kintai/employees                          1.73 kB         104 kB
├ ƒ /api/admin/kintai/organizations                      1.73 kB         104 kB
├ ƒ /api/admin/migrate                                   1.73 kB         104 kB
├ ƒ /api/admin/migrate-banner-prompts                    1.73 kB         104 kB
├ ƒ /api/admin/services                                  1.73 kB         104 kB
├ ƒ /api/admin/stats                                     1.73 kB         104 kB
├ ƒ /api/admin/stripe                                    1.73 kB         104 kB
├ ƒ /api/admin/templates/generate-batch                  1.73 kB         104 kB
├ ƒ /api/admin/users                                     1.73 kB         104 kB
├ ƒ /api/admin/users/export                              1.73 kB         104 kB
├ ƒ /api/adsim/auto-generate                             1.73 kB         104 kB
├ ƒ /api/adsim/projects                                  1.73 kB         104 kB
├ ƒ /api/adsim/projects/[projectId]                      1.73 kB         104 kB
├ ƒ /api/adsim/projects/[projectId]/banners              1.73 kB         104 kB
├ ƒ /api/adsim/projects/[projectId]/chat-edit            1.73 kB         104 kB
├ ƒ /api/adsim/projects/[projectId]/export               1.73 kB         104 kB
├ ƒ /api/adsim/projects/[projectId]/proposal             1.73 kB         104 kB
├ ƒ /api/adsim/projects/[projectId]/simulate             1.73 kB         104 kB
├ ƒ /api/adsim/scrape                                    1.73 kB         104 kB
├ ƒ /api/aio/brand-profile                               1.73 kB         104 kB
├ ƒ /api/aio/invite/[token]                              1.73 kB         104 kB
├ ƒ /api/aio/me                                          1.73 kB         104 kB
├ ƒ /api/aio/members                                     1.73 kB         104 kB
├ ƒ /api/aio/members/[id]                                1.73 kB         104 kB
├ ƒ /api/aio/organization                                1.73 kB         104 kB
├ ƒ /api/aio/prompts                                     1.73 kB         104 kB
├ ƒ /api/aio/prompts/[id]                                1.73 kB         104 kB
├ ƒ /api/aio/quick-start                                 1.73 kB         104 kB
├ ƒ /api/aio/scans                                       1.73 kB         104 kB
├ ƒ /api/aio/scans/[id]                                  1.73 kB         104 kB
├ ƒ /api/aishodan/invite/[token]                         1.73 kB         104 kB
├ ƒ /api/aishodan/members                                1.73 kB         104 kB
├ ƒ /api/aishodan/members/[id]                           1.73 kB         104 kB
├ ƒ /api/aishodan/organizations                          1.73 kB         104 kB
├ ƒ /api/aishodan/products                               1.73 kB         104 kB
├ ƒ /api/aishodan/products/[id]                          1.73 kB         104 kB
├ ƒ /api/aishodan/products/[id]/sources                  1.73 kB         104 kB
├ ƒ /api/aishodan/room/[token]                           1.73 kB         104 kB
├ ƒ /api/aishodan/room/[token]/advance                   1.73 kB         104 kB
├ ƒ /api/aishodan/room/[token]/end                       1.73 kB         104 kB
├ ƒ /api/aishodan/room/[token]/lookup                    1.73 kB         104 kB
├ ƒ /api/aishodan/room/[token]/record                    1.73 kB         104 kB
├ ƒ /api/aishodan/room/[token]/scheduling                1.73 kB         104 kB
├ ƒ /api/aishodan/room/[token]/start                     1.73 kB         104 kB
├ ƒ /api/aishodan/room/[token]/token                     1.73 kB         104 kB
├ ƒ /api/aishodan/room/[token]/turn                      1.73 kB         104 kB
├ ƒ /api/aishodan/rooms                                  1.73 kB         104 kB
├ ƒ /api/aishodan/rooms/[id]                             1.73 kB         104 kB
├ ƒ /api/aishodan/scenarios/[id]                         1.73 kB         104 kB
├ ƒ /api/aishodan/scenarios/[id]/preview                 1.73 kB         104 kB
├ ƒ /api/aishodan/sessions                               1.73 kB         104 kB
├ ƒ /api/aishodan/sessions/[id]                          1.73 kB         104 kB
├ ƒ /api/aishodan/sessions/[id]/re-evaluate              1.73 kB         104 kB
├ ƒ /api/aishodan/stats                                  1.73 kB         104 kB
├ ƒ /api/auth/[...nextauth]                              1.73 kB         104 kB
├ ƒ /api/banner/chat                                     1.73 kB         104 kB
├ ƒ /api/banner/copy                                     1.73 kB         104 kB
├ ƒ /api/banner/from-url                                 1.73 kB         104 kB
├ ƒ /api/banner/gallery                                  1.73 kB         104 kB
├ ƒ /api/banner/generate                                 1.73 kB         104 kB
├ ƒ /api/banner/history                                  1.73 kB         104 kB
├ ƒ /api/banner/history/image                            1.73 kB         104 kB
├ ƒ /api/banner/history/thumb                            1.73 kB         104 kB
├ ƒ /api/banner/image                                    1.73 kB         104 kB
├ ƒ /api/banner/models                                   1.73 kB         104 kB
├ ƒ /api/banner/refine                                   1.73 kB         104 kB
├ ƒ /api/banner/stats                                    1.73 kB         104 kB
├ ƒ /api/banner/test/debug                               1.73 kB         104 kB
├ ƒ /api/banner/test/generate                            1.73 kB         104 kB
├ ƒ /api/banner/test/health                              1.73 kB         104 kB
├ ƒ /api/banner/test/image/[templateId]                  1.73 kB         104 kB
├ ƒ /api/banner/test/templates                           1.73 kB         104 kB
├ ƒ /api/banner/test/templates-minimal                   1.73 kB         104 kB
├ ƒ /api/banner/test/templates/add                       1.73 kB         104 kB
├ ƒ /api/banner/test/templates/bootstrap                 1.73 kB         104 kB
├ ƒ /api/banner/test/templates/cleanup                   1.73 kB         104 kB
├ ƒ /api/banner/test/templates/cleanup-non-nano          1.73 kB         104 kB
├ ƒ /api/banner/test/templates/clear                     1.73 kB         104 kB
├ ƒ /api/banner/test/templates/delete-branded            1.73 kB         104 kB
├ ƒ /api/banner/test/templates/generate-v2               1.73 kB         104 kB
├ ƒ /api/banner/thumb                                    1.73 kB         104 kB
├ ƒ /api/campaign/case-study                             1.73 kB         104 kB
├ ƒ /api/copy/analyze-url                                1.73 kB         104 kB
├ ƒ /api/copy/brand-voice                                1.73 kB         104 kB
├ ƒ /api/copy/brushup                                    1.73 kB         104 kB
├ ƒ /api/copy/export                                     1.73 kB         104 kB
├ ƒ /api/copy/generate                                   1.73 kB         104 kB
├ ƒ /api/copy/generate-persona                           1.73 kB         104 kB
├ ƒ /api/copy/generate-search                            1.73 kB         104 kB
├ ƒ /api/copy/generate-sns                               1.73 kB         104 kB
├ ƒ /api/copy/projects                                   1.73 kB         104 kB
├ ƒ /api/copy/projects/[id]                              1.73 kB         104 kB
├ ƒ /api/copy/projects/[id]/items/[itemId]               1.73 kB         104 kB
├ ƒ /api/cron/aio-scan                                   1.73 kB         104 kB
├ ƒ /api/cron/aishodan-evaluations                       1.73 kB         104 kB
├ ƒ /api/cron/aishodan-notifications                     1.73 kB         104 kB
├ ƒ /api/cron/aishodan-retention                         1.73 kB         104 kB
├ ƒ /api/cron/aishodan-work-cleanup                      1.73 kB         104 kB
├ ƒ /api/cron/analytics-report                           1.73 kB         104 kB
├ ƒ /api/cron/appstore-country-report                    1.73 kB         104 kB
├ ƒ /api/cron/appstore-marketing-report                  1.73 kB         104 kB
├ ƒ /api/cron/appstore-report                            1.73 kB         104 kB
├ ƒ /api/cron/appstore-source-report                     1.73 kB         104 kB
├ ƒ /api/cron/billing-audit                              1.73 kB         104 kB
├ ƒ /api/cron/daily-summary                              1.73 kB         104 kB
├ ƒ /api/cron/doyamarke-body-check                       1.73 kB         104 kB
├ ƒ /api/cron/drip-report                                1.73 kB         104 kB
├ ƒ /api/cron/drip-report-evening                        1.73 kB         104 kB
├ ƒ /api/cron/drip-report-morning                        1.73 kB         104 kB
├ ƒ /api/cron/drip-sender                                1.73 kB         104 kB
├ ƒ /api/cron/feedback-report                            1.73 kB         104 kB
├ ƒ /api/cron/gcp-usage                                  1.73 kB         104 kB
├ ƒ /api/cron/health-alert                               1.73 kB         104 kB
├ ƒ /api/cron/hubspot-sync                               1.73 kB         104 kB
├ ƒ /api/cron/interview-storage-purge                    1.73 kB         104 kB
├ ƒ /api/cron/media-seo-report                           1.73 kB         104 kB
├ ƒ /api/cron/mensetsu-purge                             1.73 kB         104 kB
├ ƒ /api/cron/monthly-summary                            1.73 kB         104 kB
├ ƒ /api/cron/noroi-engagement-report                    1.73 kB         104 kB
├ ƒ /api/cron/noroi-monthly-summary                      1.73 kB         104 kB
├ ƒ /api/cron/noroi-morning-digest                       1.73 kB         104 kB
├ ƒ /api/cron/noroi-weekly-summary                       1.73 kB         104 kB
├ ƒ /api/cron/persona-purge                              1.73 kB         104 kB
├ ƒ /api/cron/seo-image-purge                            1.73 kB         104 kB
├ ƒ /api/cron/service-downloads                          1.73 kB         104 kB
├ ƒ /api/cron/service-operations                         1.73 kB         104 kB
├ ƒ /api/cron/spend-report                               1.73 kB         104 kB
├ ƒ /api/cron/stripe-notifications                       1.73 kB         104 kB
├ ƒ /api/cron/weekly-summary                             1.73 kB         104 kB
├ ƒ /api/cron/yurusen-appstore-report                    1.73 kB         104 kB
├ ƒ /api/cron/yurusen-morning-digest                     1.73 kB         104 kB
├ ƒ /api/cunning/answer                                  1.73 kB         104 kB
├ ƒ /api/cunning/company                                 1.73 kB         104 kB
├ ƒ /api/cunning/company/analyze                         1.73 kB         104 kB
├ ƒ /api/cunning/knowledge                               1.73 kB         104 kB
├ ƒ /api/cunning/knowledge/[id]                          1.73 kB         104 kB
├ ƒ /api/cunning/knowledge/[id]/ingest                   1.73 kB         104 kB
├ ƒ /api/cunning/prep                                    1.73 kB         104 kB
├ ƒ /api/cunning/profiles                                1.73 kB         104 kB
├ ƒ /api/cunning/sessions                                1.73 kB         104 kB
├ ƒ /api/cunning/sessions/[id]                           1.73 kB         104 kB
├ ƒ /api/cunning/sessions/[id]/audio-windows             1.73 kB         104 kB
├ ƒ /api/cunning/sessions/[id]/audio-windows/[windowId]  1.73 kB         104 kB
├ ƒ /api/cunning/sessions/[id]/entries                   1.73 kB         104 kB
├ ƒ /api/cunning/sessions/[id]/recording                 1.73 kB         104 kB
├ ƒ /api/cunning/sessions/[id]/report                    1.73 kB         104 kB
├ ƒ /api/cunning/transcribe                              1.73 kB         104 kB
├ ƒ /api/cunning/usage                                   1.73 kB         104 kB
├ ƒ /api/doyalist/approaches                             1.73 kB         104 kB
├ ƒ /api/doyalist/collect                                1.73 kB         104 kB
├ ƒ /api/doyalist/estimate                               1.73 kB         104 kB
├ ƒ /api/doyalist/expand-keywords                        1.73 kB         104 kB
├ ƒ /api/doyalist/export                                 1.73 kB         104 kB
├ ƒ /api/doyalist/export-all                             1.73 kB         104 kB
├ ƒ /api/doyalist/projects                               1.73 kB         104 kB
├ ƒ /api/doyalist/projects/[id]                          1.73 kB         104 kB
├ ƒ /api/doyalist/tools                                  1.73 kB         104 kB
├ ƒ /api/doyalist/usage                                  1.73 kB         104 kB
├ ƒ /api/doyaslide/analyze                               1.73 kB         104 kB
├ ƒ /api/doyaslide/assets/logo                           1.73 kB         104 kB
├ ƒ /api/doyaslide/export                                1.73 kB         104 kB
├ ƒ /api/doyaslide/generate                              1.73 kB         104 kB
├ ƒ /api/doyaslide/projects                              1.73 kB         104 kB
├ ƒ /api/doyaslide/projects/[id]                         1.73 kB         104 kB
├ ƒ /api/doyaslide/projects/[id]/logo-config             1.73 kB         104 kB
├ ƒ /api/doyaslide/slides/[id]/chat                      1.73 kB         104 kB
├ ƒ /api/doyaslide/slides/[id]/regenerate                1.73 kB         104 kB
├ ƒ /api/doyaslide/slides/[id]/revert                    1.73 kB         104 kB
├ ƒ /api/doyaslide/structure                             1.73 kB         104 kB
├ ƒ /api/doyaslide/style-preview                         1.73 kB         104 kB
├ ƒ /api/doyaslide/usage                                 1.73 kB         104 kB
├ ƒ /api/drip/unsubscribe                                1.73 kB         104 kB
├ ƒ /api/feedback                                        1.73 kB         104 kB
├ ƒ /api/generate                                        1.73 kB         104 kB
├ ƒ /api/guide/image                                     1.73 kB         104 kB
├ ƒ /api/health                                          1.73 kB         104 kB
├ ƒ /api/hr/audit-logs                                   1.73 kB         104 kB
├ ƒ /api/hr/billing/checkout                             1.73 kB         104 kB
├ ƒ /api/hr/billing/portal                               1.73 kB         104 kB
├ ƒ /api/hr/billing/webhook                              1.73 kB         104 kB
├ ƒ /api/hr/dashboard                                    1.73 kB         104 kB
├ ƒ /api/hr/departments                                  1.73 kB         104 kB
├ ƒ /api/hr/departments/[id]                             1.73 kB         104 kB
├ ƒ /api/hr/employees                                    1.73 kB         104 kB
├ ƒ /api/hr/employees/[id]                               1.73 kB         104 kB
├ ƒ /api/hr/employees/[id]/photo                         1.73 kB         104 kB
├ ƒ /api/hr/employees/import                             1.73 kB         104 kB
├ ƒ /api/hr/evaluations                                  1.73 kB         104 kB
├ ƒ /api/hr/evaluations/[id]                             1.73 kB         104 kB
├ ƒ /api/hr/evaluations/[id]/ai-comment                  1.73 kB         104 kB
├ ƒ /api/hr/evaluations/[id]/submit                      1.73 kB         104 kB
├ ƒ /api/hr/evaluations/periods                          1.73 kB         104 kB
├ ƒ /api/hr/evaluations/periods/[id]                     1.73 kB         104 kB
├ ƒ /api/hr/one-on-one                                   1.73 kB         104 kB
├ ƒ /api/hr/one-on-one/[id]                              1.73 kB         104 kB
├ ƒ /api/hr/one-on-one/[id]/ai-summary                   1.73 kB         104 kB
├ ƒ /api/hr/org-chart                                    1.73 kB         104 kB
├ ƒ /api/hr/organization                                 1.73 kB         104 kB
├ ƒ /api/hr/organization/invite                          1.73 kB         104 kB
├ ƒ /api/hr/organization/invite/[token]                  1.73 kB         104 kB
├ ƒ /api/hr/organization/invite/accept                   1.73 kB         104 kB
├ ƒ /api/hr/organization/members                         1.73 kB         104 kB
├ ƒ /api/hr/organization/members/[id]                    1.73 kB         104 kB
├ ƒ /api/hr/organization/transfer-owner                  1.73 kB         104 kB
├ ƒ /api/hr/settings                                     1.73 kB         104 kB
├ ƒ /api/hr/upload                                       1.73 kB         104 kB
├ ƒ /api/hr/usage                                        1.73 kB         104 kB
├ ƒ /api/inbound-email                                   1.73 kB         104 kB
├ ƒ /api/interview/articles/[id]                         1.73 kB         104 kB
├ ƒ /api/interview/articles/[id]/fact-check              1.73 kB         104 kB
├ ƒ /api/interview/articles/[id]/proofread               1.73 kB         104 kB
├ ƒ /api/interview/articles/[id]/sns-posts               1.73 kB         104 kB
├ ƒ /api/interview/articles/[id]/suggest-titles          1.73 kB         104 kB
├ ƒ /api/interview/articles/[id]/translate               1.73 kB         104 kB
├ ƒ /api/interview/articles/generate                     1.73 kB         104 kB
├ ƒ /api/interview/claim-guest                           1.73 kB         104 kB
├ ƒ /api/interview/cleanup                               1.73 kB         104 kB
├ ƒ /api/interview/materials/[id]                        1.73 kB         104 kB
├ ƒ /api/interview/materials/[id]/transcribe             1.73 kB         104 kB
├ ƒ /api/interview/materials/[id]/transcribe-stream      1.73 kB         104 kB
├ ƒ /api/interview/materials/confirm                     1.73 kB         104 kB
├ ƒ /api/interview/materials/upload-url                  1.73 kB         104 kB
├ ƒ /api/interview/projects                              1.73 kB         104 kB
├ ƒ /api/interview/projects/[id]                         1.73 kB         104 kB
├ ƒ /api/interview/projects/[id]/thumbnail               1.73 kB         104 kB
├ ƒ /api/interview/recipes                               1.73 kB         104 kB
├ ƒ /api/interview/recipes/[id]                          1.73 kB         104 kB
├ ƒ /api/interview/recipes/generate                      1.73 kB         104 kB
├ ƒ /api/interview/revise                                1.73 kB         104 kB
├ ƒ /api/interview/transcriptions/[id]                   1.73 kB         104 kB
├ ƒ /api/interview/usage                                 1.73 kB         104 kB
├ ƒ /api/interviewx/analyze-url-preview                  1.73 kB         104 kB
├ ƒ /api/interviewx/projects                             1.73 kB         104 kB
├ ƒ /api/interviewx/projects/[id]                        1.73 kB         104 kB
├ ƒ /api/interviewx/projects/[id]/analyze-url            1.73 kB         104 kB
├ ƒ /api/interviewx/projects/[id]/drafts                 1.73 kB         104 kB
├ ƒ /api/interviewx/projects/[id]/drafts/[draftId]       1.73 kB         104 kB
├ ƒ /api/interviewx/projects/[id]/export/html            1.73 kB         104 kB
├ ƒ /api/interviewx/projects/[id]/export/markdown        1.73 kB         104 kB
├ ƒ /api/interviewx/projects/[id]/finalize               1.73 kB         104 kB
├ ƒ /api/interviewx/projects/[id]/generate-article       1.73 kB         104 kB
├ ƒ /api/interviewx/projects/[id]/generate-questions     1.73 kB         104 kB
├ ƒ /api/interviewx/projects/[id]/questions              1.73 kB         104 kB
├ ƒ /api/interviewx/projects/[id]/share                  1.73 kB         104 kB
├ ƒ /api/interviewx/public/[token]                       1.73 kB         104 kB
├ ƒ /api/interviewx/public/[token]/chat/history          1.73 kB         104 kB
├ ƒ /api/interviewx/public/[token]/chat/message          1.73 kB         104 kB
├ ƒ /api/interviewx/public/[token]/chat/start            1.73 kB         104 kB
├ ƒ /api/interviewx/public/[token]/status                1.73 kB         104 kB
├ ƒ /api/interviewx/templates                            1.73 kB         104 kB
├ ƒ /api/interviewx/usage                                1.73 kB         104 kB
├ ƒ /api/kintai/attendance                               1.73 kB         104 kB
├ ƒ /api/kintai/attendance/admin                         1.73 kB         104 kB
├ ƒ /api/kintai/attendance/export                        1.73 kB         104 kB
├ ƒ /api/kintai/attendance/recalculate                   1.73 kB         104 kB
├ ƒ /api/kintai/clock                                    1.73 kB         104 kB
├ ƒ /api/kintai/dashboard                                1.73 kB         104 kB
├ ƒ /api/kintai/departments                              1.73 kB         104 kB
├ ƒ /api/kintai/departments/[id]                         1.73 kB         104 kB
├ ƒ /api/kintai/employees                                1.73 kB         104 kB
├ ƒ /api/kintai/employees/[id]                           1.73 kB         104 kB
├ ƒ /api/kintai/employees/[id]/invite                    1.73 kB         104 kB
├ ƒ /api/kintai/invite/[token]                           1.73 kB         104 kB
├ ƒ /api/kintai/organization                             1.73 kB         104 kB
├ ƒ /api/kintai/requests                                 1.73 kB         104 kB
├ ƒ /api/kintai/requests/[id]                            1.73 kB         104 kB
├ ƒ /api/kintai/usage                                    1.73 kB         104 kB
├ ƒ /api/kintai/work-rules                               1.73 kB         104 kB
├ ƒ /api/kintai/work-rules/[id]                          1.73 kB         104 kB
├ ƒ /api/logo/generate                                   1.73 kB         104 kB
├ ƒ /api/lp/analyze-url                                  1.73 kB         104 kB
├ ƒ /api/lp/brushup-section                              1.73 kB         104 kB
├ ƒ /api/lp/export-html                                  1.73 kB         104 kB
├ ƒ /api/lp/generate-copy                                1.73 kB         104 kB
├ ƒ /api/lp/generate-structure                           1.73 kB         104 kB
├ ƒ /api/lp/projects                                     1.73 kB         104 kB
├ ƒ /api/lp/projects/[id]                                1.73 kB         104 kB
├ ƒ /api/lp/suggest-fields                               1.73 kB         104 kB
├ ƒ /api/lp/themes                                       1.73 kB         104 kB
├ ƒ /api/mensetsu/company                                1.73 kB         104 kB
├ ƒ /api/mensetsu/company/analyze                        1.73 kB         104 kB
├ ƒ /api/mensetsu/compare                                1.73 kB         104 kB
├ ƒ /api/mensetsu/invite/[token]                         1.73 kB         104 kB
├ ƒ /api/mensetsu/live/[token]                           1.73 kB         104 kB
├ ƒ /api/mensetsu/live/[token]/advance                   1.73 kB         104 kB
├ ƒ /api/mensetsu/live/[token]/consent                   1.73 kB         104 kB
├ ƒ /api/mensetsu/live/[token]/end                       1.73 kB         104 kB
├ ƒ /api/mensetsu/live/[token]/feedback                  1.73 kB         104 kB
├ ƒ /api/mensetsu/live/[token]/recording                 1.73 kB         104 kB
├ ƒ /api/mensetsu/live/[token]/token                     1.73 kB         104 kB
├ ƒ /api/mensetsu/live/[token]/turn                      1.73 kB         104 kB
├ ƒ /api/mensetsu/members                                1.73 kB         104 kB
├ ƒ /api/mensetsu/members/[id]                           1.73 kB         104 kB
├ ƒ /api/mensetsu/organizations                          1.73 kB         104 kB
├ ƒ /api/mensetsu/organizations/settings                 1.73 kB         104 kB
├ ƒ /api/mensetsu/samples                                1.73 kB         104 kB
├ ƒ /api/mensetsu/samples/[id]                           1.73 kB         104 kB
├ ƒ /api/mensetsu/sessions                               1.73 kB         104 kB
├ ƒ /api/mensetsu/sessions/[id]                          1.73 kB         104 kB
├ ƒ /api/mensetsu/sessions/[id]/close                    1.73 kB         104 kB
├ ƒ /api/mensetsu/sessions/[id]/evaluate                 1.73 kB         104 kB
├ ƒ /api/mensetsu/sessions/[id]/hr-handoff               1.73 kB         104 kB
├ ƒ /api/mensetsu/sessions/[id]/pdf                      1.73 kB         104 kB
├ ƒ /api/mensetsu/sessions/[id]/recording                1.73 kB         104 kB
├ ƒ /api/mensetsu/templates                              1.73 kB         104 kB
├ ƒ /api/mensetsu/templates/[id]                         1.73 kB         104 kB
├ ƒ /api/mitsuboshi/nagusame/chat                        1.73 kB         104 kB
├ ƒ /api/mitsuboshi/nagusame/generate                    1.73 kB         104 kB
├ ƒ /api/mitsuboshi/nagusame/healthcheck                 1.73 kB         104 kB
├ ƒ /api/movie/analyze-product                           1.73 kB         104 kB
├ ƒ /api/movie/bgm                                       1.73 kB         104 kB
├ ƒ /api/movie/generate-plan                             1.73 kB         104 kB
├ ƒ /api/movie/generate-scenes                           1.73 kB         104 kB
├ ƒ /api/movie/preview                                   1.73 kB         104 kB
├ ƒ /api/movie/projects                                  1.73 kB         104 kB
├ ƒ /api/movie/projects/[id]                             1.73 kB         104 kB
├ ƒ /api/movie/render                                    1.73 kB         104 kB
├ ƒ /api/movie/render/[jobId]                            1.73 kB         104 kB
├ ƒ /api/movie/render/[jobId]/download                   1.73 kB         104 kB
├ ƒ /api/movie/templates                                 1.73 kB         104 kB
├ ƒ /api/opening/analyze                                 1.73 kB         104 kB
├ ƒ /api/opening/animations/[id]                         1.73 kB         104 kB
├ ƒ /api/opening/animations/[id]/export                  1.73 kB         104 kB
├ ƒ /api/opening/projects                                1.73 kB         104 kB
├ ƒ /api/opening/projects/[id]                           1.73 kB         104 kB
├ ƒ /api/opening/usage                                   1.73 kB         104 kB
├ ƒ /api/operational-error                               1.73 kB         104 kB
├ ƒ /api/operations/configure                            1.73 kB         104 kB
├ ƒ /api/operations/daily-section                        1.73 kB         104 kB
├ ƒ /api/operations/receipt                              1.73 kB         104 kB
├ ƒ /api/operations/status                               1.73 kB         104 kB
├ ƒ /api/organization-billing/[service]                  1.73 kB         104 kB
├ ƒ /api/persona/banner                                  1.73 kB         104 kB
├ ƒ /api/persona/generate                                1.73 kB         104 kB
├ ƒ /api/persona/images/[id]                             1.73 kB         104 kB
├ ƒ /api/persona/portrait                                1.73 kB         104 kB
├ ƒ /api/persona/projects                                1.73 kB         104 kB
├ ƒ /api/persona/projects/[id]                           1.73 kB         104 kB
├ ƒ /api/persona/scene                                   1.73 kB         104 kB
├ ƒ /api/persona/usage                                   1.73 kB         104 kB
├ ƒ /api/promane/clients                                 1.73 kB         104 kB
├ ƒ /api/promane/expenses                                1.73 kB         104 kB
├ ƒ /api/promane/feedback                                1.73 kB         104 kB
├ ƒ /api/promane/invitations                             1.73 kB         104 kB
├ ƒ /api/promane/invite                                  1.73 kB         104 kB
├ ƒ /api/promane/invite/[token]                          1.73 kB         104 kB
├ ƒ /api/promane/members/[id]/rate                       1.73 kB         104 kB
├ ƒ /api/promane/repair                                  1.73 kB         104 kB
├ ƒ /api/promane/usage                                   1.73 kB         104 kB
├ ƒ /api/promane/workspaces                              1.73 kB         104 kB
├ ƒ /api/promane/workspaces/[id]                         1.73 kB         104 kB
├ ƒ /api/promane/workspaces/create                       1.73 kB         104 kB
├ ƒ /api/quote/documents                                 1.73 kB         104 kB
├ ƒ /api/quote/documents/[id]                            1.73 kB         104 kB
├ ƒ /api/quote/documents/[id]/pdf                        1.73 kB         104 kB
├ ƒ /api/quote/documents/estimate-item                   1.73 kB         104 kB
├ ƒ /api/quote/documents/suggest                         1.73 kB         104 kB
├ ƒ /api/quote/invite/[token]                            1.73 kB         104 kB
├ ƒ /api/quote/issuer                                    1.73 kB         104 kB
├ ƒ /api/quote/members                                   1.73 kB         104 kB
├ ƒ /api/quote/members/[id]                              1.73 kB         104 kB
├ ƒ /api/quote/organizations                             1.73 kB         104 kB
├ ƒ /api/quote/products                                  1.73 kB         104 kB
├ ƒ /api/quote/products/analyze                          1.73 kB         104 kB
├ ƒ /api/seo/articles                                    1.73 kB         104 kB
├ ƒ /api/seo/articles/[id]                               1.73 kB         104 kB
├ ƒ /api/seo/articles/[id]/autofix                       1.73 kB         104 kB
├ ƒ /api/seo/articles/[id]/candidates                    1.73 kB         104 kB
├ ƒ /api/seo/articles/[id]/chat-edit                     1.73 kB         104 kB
├ ƒ /api/seo/articles/[id]/check                         1.73 kB         104 kB
├ ƒ /api/seo/articles/[id]/competitor-analysis           1.73 kB         104 kB
├ ƒ /api/seo/articles/[id]/content                       1.73 kB         104 kB
├ ƒ /api/seo/articles/[id]/export/html                   1.73 kB         104 kB
├ ƒ /api/seo/articles/[id]/export/json                   1.73 kB         104 kB
├ ƒ /api/seo/articles/[id]/export/markdown               1.73 kB         104 kB
├ ƒ /api/seo/articles/[id]/export/note                   1.73 kB         104 kB
├ ƒ /api/seo/articles/[id]/export/txt                    1.73 kB         104 kB
├ ƒ /api/seo/articles/[id]/generate-note                 1.73 kB         104 kB
├ ƒ /api/seo/articles/[id]/images/banner                 1.73 kB         104 kB
├ ƒ /api/seo/articles/[id]/images/batch                  1.73 kB         104 kB
├ ƒ /api/seo/articles/[id]/images/diagram                1.73 kB         104 kB
├ ƒ /api/seo/articles/[id]/images/ensure                 1.73 kB         104 kB
├ ƒ /api/seo/articles/[id]/images/select-banner          1.73 kB         104 kB
├ ƒ /api/seo/articles/[id]/images/suggest                1.73 kB         104 kB
├ ƒ /api/seo/articles/[id]/jobs                          1.73 kB         104 kB
├ ƒ /api/seo/articles/[id]/link-check                    1.73 kB         104 kB
├ ƒ /api/seo/articles/[id]/memo                          1.73 kB         104 kB
├ ƒ /api/seo/articles/[id]/meta                          1.73 kB         104 kB
├ ƒ /api/seo/articles/[id]/outline                       1.73 kB         104 kB
├ ƒ /api/seo/articles/[id]/research                      1.73 kB         104 kB
├ ƒ /api/seo/articles/[id]/vibe-edit                     1.73 kB         104 kB
├ ƒ /api/seo/compare/candidates                          1.73 kB         104 kB
├ ƒ /api/seo/entitlements                                1.73 kB         104 kB
├ ƒ /api/seo/images/[id]                                 1.73 kB         104 kB
├ ƒ /api/seo/images/[id]/regenerate                      1.73 kB         104 kB
├ ƒ /api/seo/jobs/[id]                                   1.73 kB         104 kB
├ ƒ /api/seo/jobs/[id]/advance                           1.73 kB         104 kB
├ ƒ /api/seo/jobs/[id]/cancel                            1.73 kB         104 kB
├ ƒ /api/seo/jobs/[id]/pause                             1.73 kB         104 kB
├ ƒ /api/seo/jobs/[id]/reset                             1.73 kB         104 kB
├ ƒ /api/seo/jobs/[id]/resume                            1.73 kB         104 kB
├ ƒ /api/seo/knowledge                                   1.73 kB         104 kB
├ ƒ /api/seo/knowledge/[id]                              1.73 kB         104 kB
├ ƒ /api/seo/migrate-prompts                             1.73 kB         104 kB
├ ƒ /api/seo/predict                                     1.73 kB         104 kB
├ ƒ /api/seo/preview                                     1.73 kB         104 kB
├ ƒ /api/seo/reference/meta                              1.73 kB         104 kB
├ ƒ /api/seo/reference/parse                             1.73 kB         104 kB
├ ƒ /api/seo/sections/[id]                               1.73 kB         104 kB
├ ƒ /api/seo/sections/[id]/cv                            1.73 kB         104 kB
├ ƒ /api/seo/sections/[id]/regenerate                    1.73 kB         104 kB
├ ƒ /api/seo/sections/[id]/seo                           1.73 kB         104 kB
├ ƒ /api/seo/template/banners                            1.73 kB         104 kB
├ ƒ /api/seo/template/generate                           1.73 kB         104 kB
├ ƒ /api/seo/template/generate-thumbnails                1.73 kB         104 kB
├ ƒ /api/seo/template/image/category/[category]          1.73 kB         104 kB
├ ƒ /api/seo/template/image/template/[templateId]        1.73 kB         104 kB
├ ƒ /api/seo/title-suggestions                           1.73 kB         104 kB
├ ƒ /api/service-activity                                1.73 kB         104 kB
├ ƒ /api/sfa/accounts                                    1.73 kB         104 kB
├ ƒ /api/sfa/activities                                  1.73 kB         104 kB
├ ƒ /api/sfa/ai/next-action                              1.73 kB         104 kB
├ ƒ /api/sfa/ai/score                                    1.73 kB         104 kB
├ ƒ /api/sfa/contacts                                    1.73 kB         104 kB
├ ƒ /api/sfa/deals                                       1.73 kB         104 kB
├ ƒ /api/sfa/deals/[id]                                  1.73 kB         104 kB
├ ƒ /api/sfa/export                                      1.73 kB         104 kB
├ ƒ /api/sfa/invite/[token]                              1.73 kB         104 kB
├ ƒ /api/sfa/leads                                       1.73 kB         104 kB
├ ƒ /api/sfa/leads/[id]                                  1.73 kB         104 kB
├ ƒ /api/sfa/leads/[id]/convert                          1.73 kB         104 kB
├ ƒ /api/sfa/leads/import                                1.73 kB         104 kB
├ ƒ /api/sfa/members                                     1.73 kB         104 kB
├ ƒ /api/sfa/members/[id]                                1.73 kB         104 kB
├ ƒ /api/sfa/organization                                1.73 kB         104 kB
├ ƒ /api/sfa/summary                                     1.73 kB         104 kB
├ ƒ /api/sfa/tasks                                       1.73 kB         104 kB
├ ƒ /api/sfa/tasks/[id]                                  1.73 kB         104 kB
├ ƒ /api/sfa/usage                                       1.73 kB         104 kB
├ ƒ /api/shindan/generate                                1.73 kB         104 kB
├ ƒ /api/shodan/company-profile                          1.73 kB         104 kB
├ ƒ /api/shodan/company-profile/extract                  1.73 kB         104 kB
├ ƒ /api/shodan/company-profile/logo                     1.73 kB         104 kB
├ ƒ /api/shodan/invite/[token]                           1.73 kB         104 kB
├ ƒ /api/shodan/me                                       1.73 kB         104 kB
├ ƒ /api/shodan/members                                  1.73 kB         104 kB
├ ƒ /api/shodan/members/[id]                             1.73 kB         104 kB
├ ƒ /api/shodan/organization                             1.73 kB         104 kB
├ ƒ /api/shodan/preparations                             1.73 kB         104 kB
├ ƒ /api/shodan/preparations/[id]                        1.73 kB         104 kB
├ ƒ /api/shodan/preparations/[id]/generate               1.73 kB         104 kB
├ ƒ /api/shodan/preparations/[id]/slides/generate        1.73 kB         104 kB
├ ƒ /api/shodan/preparations/[id]/slides/regenerate      1.73 kB         104 kB
├ ƒ /api/slashslide/generate                             1.73 kB         104 kB
├ ƒ /api/slashslide/publish/google-slides                1.73 kB         104 kB
├ ƒ /api/slide/generate                                  1.73 kB         104 kB
├ ƒ /api/slide/publish/google-slides                     1.73 kB         104 kB
├ ƒ /api/stripe/checkout                                 1.73 kB         104 kB
├ ƒ /api/stripe/portal                                   1.73 kB         104 kB
├ ƒ /api/stripe/portal/redirect                          1.73 kB         104 kB
├ ƒ /api/stripe/subscription/cancel                      1.73 kB         104 kB
├ ƒ /api/stripe/subscription/resume                      1.73 kB         104 kB
├ ƒ /api/stripe/subscription/status                      1.73 kB         104 kB
├ ƒ /api/stripe/sync                                     1.73 kB         104 kB
├ ƒ /api/stripe/sync/latest                              1.73 kB         104 kB
├ ƒ /api/stripe/trial-eligibility                        1.73 kB         104 kB
├ ƒ /api/stripe/webhook                                  1.73 kB         104 kB
├ ƒ /api/swipe/celebration-images                        1.73 kB         104 kB
├ ƒ /api/swipe/celebration-images/generate               1.73 kB         104 kB
├ ƒ /api/swipe/generate                                  1.73 kB         104 kB
├ ƒ /api/swipe/log                                       1.73 kB         104 kB
├ ƒ /api/swipe/question-images                           1.73 kB         104 kB
├ ƒ /api/swipe/question-images/clear                     1.73 kB         104 kB
├ ƒ /api/swipe/question-images/generate                  1.73 kB         104 kB
├ ƒ /api/swipe/start                                     1.73 kB         104 kB
├ ƒ /api/swipe/test                                      1.73 kB         104 kB
├ ƒ /api/swipe/test/finalize                             1.73 kB         104 kB
├ ƒ /api/swipe/test/question                             1.73 kB         104 kB
├ ƒ /api/swipe/test/start                                1.73 kB         104 kB
├ ƒ /api/t/click/[trackingId]/[linkId]                   1.73 kB         104 kB
├ ƒ /api/t/open/[trackingId]                             1.73 kB         104 kB
├ ƒ /api/tenkai/account                                  1.73 kB         104 kB
├ ƒ /api/tenkai/api-key                                  1.73 kB         104 kB
├ ƒ /api/tenkai/brand-voices                             1.73 kB         104 kB
├ ƒ /api/tenkai/brand-voices/[id]                        1.73 kB         104 kB
├ ƒ /api/tenkai/content/analyze                          1.73 kB         104 kB
├ ƒ /api/tenkai/content/ingest/text                      1.73 kB         104 kB
├ ƒ /api/tenkai/content/ingest/url                       1.73 kB         104 kB
├ ƒ /api/tenkai/content/ingest/video                     1.73 kB         104 kB
├ ƒ /api/tenkai/content/ingest/youtube                   1.73 kB         104 kB
├ ƒ /api/tenkai/export                                   1.73 kB         104 kB
├ ƒ /api/tenkai/generate                                 1.73 kB         104 kB
├ ƒ /api/tenkai/generate/[platform]                      1.73 kB         104 kB
├ ƒ /api/tenkai/generate/regenerate                      1.73 kB         104 kB
├ ƒ /api/tenkai/health                                   1.73 kB         104 kB
├ ƒ /api/tenkai/outputs/[outputId]                       1.73 kB         104 kB
├ ƒ /api/tenkai/outputs/[outputId]/export                1.73 kB         104 kB
├ ƒ /api/tenkai/projects                                 1.73 kB         104 kB
├ ƒ /api/tenkai/projects/[projectId]                     1.73 kB         104 kB
├ ƒ /api/tenkai/projects/[projectId]/outputs             1.73 kB         104 kB
├ ƒ /api/tenkai/templates                                1.73 kB         104 kB
├ ƒ /api/tenkai/templates/[id]                           1.73 kB         104 kB
├ ƒ /api/tenkai/usage                                    1.73 kB         104 kB
├ ƒ /api/test/openai-image                               1.73 kB         104 kB
├ ƒ /api/usage/[service]                                 1.73 kB         104 kB
├ ƒ /api/voice/generate                                  1.73 kB         104 kB
├ ƒ /api/voice/projects                                  1.73 kB         104 kB
├ ƒ /api/voice/projects/[id]                             1.73 kB         104 kB
├ ƒ /api/voice/projects/[id]/download                    1.73 kB         104 kB
├ ƒ /api/voice/record/trim                               1.73 kB         104 kB
├ ƒ /api/voice/record/upload                             1.73 kB         104 kB
├ ƒ /api/voice/speakers                                  1.73 kB         104 kB
├ ƒ /api/voice/speakers/[id]/sample                      1.73 kB         104 kB
├ ƒ /api/voice/usage                                     1.73 kB         104 kB
├ ƒ /apple-icon                                          1.73 kB         104 kB
├ ○ /auth/signin                                         5.83 kB         157 kB
├ ƒ /banner                                                238 B         258 kB
├ ○ /banner/dashboard                                      216 B         233 kB
├ ○ /banner/dashboard/brand                              4.57 kB         208 kB
├ ○ /banner/dashboard/chat                               14.9 kB         223 kB
├ ○ /banner/dashboard/create                             29.9 kB         241 kB
├ ○ /banner/dashboard/gallery-test                       6.58 kB         159 kB
├ ○ /banner/dashboard/history                            11.4 kB         215 kB
├ ○ /banner/dashboard/plan                               9.24 kB         219 kB
├ ○ /banner/dashboard/settings                           8.04 kB         218 kB
├ ○ /banner/dashboard/stats                              9.88 kB         213 kB
├ ○ /banner/gallery                                      11.1 kB         214 kB
├ ○ /banner/guide                                          195 B         106 kB
├ ○ /banner/icon.png                                         0 B            0 B
├ ○ /banner/landing                                      1.52 kB         167 kB
├ ○ /banner/pricing                                      3.22 kB         150 kB
├ ○ /banner/test                                         18.5 kB         229 kB
├ ○ /banner/url                                          16.9 kB         220 kB
├ ƒ /billing/portal-unavailable                            195 B         106 kB
├ ○ /campaign/case-study                                 2.39 kB         123 kB
├ ○ /copy                                                 8.1 kB         173 kB
├ ƒ /copy/[projectId]                                    4.53 kB         147 kB
├ ƒ /copy/[projectId]/edit                               3.29 kB         118 kB
├ ƒ /copy/[projectId]/export                             2.67 kB         114 kB
├ ○ /copy/guide                                          3.46 kB         110 kB
├ ○ /copy/history                                        2.31 kB         117 kB
├ ○ /copy/new                                            5.71 kB         147 kB
├ ○ /copy/new/search                                     6.03 kB         151 kB
├ ○ /copy/new/sns                                        5.85 kB         151 kB
├ ○ /copy/pricing                                        2.15 kB         149 kB
├ ○ /copy/settings                                       3.15 kB         115 kB
├ ○ /copy/templates                                      3.25 kB         109 kB
├ ƒ /cunning                                             9.04 kB         173 kB
├ ƒ /cunning/company                                     2.66 kB         110 kB
├ ƒ /cunning/history                                     2.82 kB         119 kB
├ ƒ /cunning/history/[sessionId]                         4.07 kB         110 kB
├ ○ /cunning/icon.png                                        0 B            0 B
├ ƒ /cunning/knowledge                                   2.35 kB         114 kB
├ ƒ /cunning/knowledge/[id]                              2.23 kB         113 kB
├ ƒ /cunning/live/[sessionId]                            20.2 kB         162 kB
├ ƒ /cunning/pricing                                     1.92 kB         149 kB
├ ƒ /doyalist                                            15.4 kB         181 kB
├ ƒ /doyalist/history                                    7.75 kB         127 kB
├ ○ /doyalist/icon.png                                       0 B            0 B
├ ƒ /doyalist/pricing                                     3.2 kB         150 kB
├ ƒ /doyalist/settings                                   5.65 kB         126 kB
├ ƒ /doyalist/tools/email                                  397 B         116 kB
├ ƒ /doyalist/tools/form                                   403 B         116 kB
├ ƒ /doyalist/tools/phone                                  397 B         116 kB
├ ○ /doyaslide                                           5.03 kB         156 kB
├ ƒ /doyaslide/[id]                                       8.7 kB         139 kB
├ ○ /doyaslide/icon.png                                      0 B            0 B
├ ○ /doyaslide/new                                       10.2 kB         149 kB
├ ○ /doyaslide/pricing                                   1.93 kB         149 kB
├ ○ /doyaslide/projects                                  3.69 kB         120 kB
├ ○ /hr                                                  2.14 kB         158 kB
├ ○ /hr/dashboard                                        4.16 kB         146 kB
├ ○ /hr/employees                                        8.77 kB         156 kB
├ ƒ /hr/employees/[id]                                   5.13 kB         147 kB
├ ƒ /hr/employees/[id]/edit                              3.44 kB         151 kB
├ ○ /hr/employees/new                                    4.15 kB         151 kB
├ ○ /hr/evaluations                                      3.78 kB         151 kB
├ ƒ /hr/evaluations/[id]                                 4.14 kB         151 kB
├ ƒ /hr/evaluations/period/[id]                          2.97 kB         150 kB
├ ○ /hr/icon.png                                             0 B            0 B
├ ƒ /hr/invite/[token]                                   5.76 kB         159 kB
├ ○ /hr/one-on-one                                       4.46 kB         152 kB
├ ƒ /hr/one-on-one/[id]                                  4.22 kB         151 kB
├ ○ /hr/org-chart                                         4.3 kB         151 kB
├ ○ /hr/pricing                                          2.56 kB         185 kB
├ ○ /hr/settings                                         8.37 kB         156 kB
├ ○ /hr/settings/billing                                 4.07 kB         187 kB
├ ƒ /icon                                                1.73 kB         104 kB
├ ƒ /interview                                           17.8 kB         214 kB
├ ○ /interview/icon.png                                      0 B            0 B
├ ƒ /interview/pricing                                   1.05 kB         148 kB
├ ƒ /interview/projects                                  7.14 kB         165 kB
├ ƒ /interview/projects/[id]                             7.36 kB         150 kB
├ ƒ /interview/projects/[id]/edit                        17.9 kB         162 kB
├ ƒ /interview/projects/[id]/generate                    9.32 kB         154 kB
├ ƒ /interview/projects/[id]/materials                   13.9 kB         158 kB
├ ƒ /interview/projects/[id]/recipe                      3.38 kB         106 kB
├ ƒ /interview/projects/[id]/skill                       4.38 kB         156 kB
├ ƒ /interview/projects/[id]/transcribe                  7.59 kB         152 kB
├ ƒ /interview/projects/new                              2.78 kB         142 kB
├ ƒ /interview/recipes                                   6.63 kB         127 kB
├ ƒ /interview/settings                                  8.16 kB         191 kB
├ ƒ /interview/skills                                    8.28 kB         165 kB
├ ƒ /interview/templates                                 6.84 kB         146 kB
├ ○ /interviewx                                          3.56 kB         119 kB
├ ○ /interviewx/new                                      5.69 kB         112 kB
├ ○ /interviewx/pricing                                   4.1 kB         121 kB
├ ƒ /interviewx/projects/[id]                            5.52 kB         112 kB
├ ƒ /interviewx/projects/[id]/draft                      4.36 kB         111 kB
├ ƒ /interviewx/projects/[id]/questions                  4.14 kB         110 kB
├ ƒ /interviewx/projects/[id]/responses                  3.32 kB         109 kB
├ ƒ /interviewx/projects/[id]/share                       3.6 kB         110 kB
├ ƒ /interviewx/respond/[token]                          1.03 kB         104 kB
├ ƒ /interviewx/respond/[token]/chat                     4.66 kB         107 kB
├ ƒ /interviewx/respond/[token]/complete                 1.76 kB         104 kB
├ ○ /interviewx/templates                                1.95 kB         105 kB
├ ○ /kantan                                              4.25 kB         165 kB
├ ○ /kantan/dashboard                                    6.74 kB         210 kB
├ ○ /kantan/dashboard/chat                                 13 kB         134 kB
├ ○ /kantan/dashboard/history                             4.1 kB         124 kB
├ ○ /kantan/dashboard/plan                               7.98 kB         123 kB
├ ○ /kantan/dashboard/pricing                            8.76 kB         130 kB
├ ○ /kantan/dashboard/text                               10.3 kB         125 kB
├ ƒ /kantan/dashboard/text/[templateId]                  16.1 kB         147 kB
├ ○ /kantan/pricing                                         8 kB         134 kB
├ ○ /kintai                                                922 B         158 kB
├ ○ /kintai/admin/attendance                             4.58 kB         107 kB
├ ○ /kintai/approvals                                     5.8 kB         109 kB
├ ○ /kintai/attendance                                   5.24 kB         111 kB
├ ○ /kintai/clock                                        6.73 kB         113 kB
├ ○ /kintai/dashboard                                     2.9 kB         109 kB
├ ○ /kintai/departments                                  3.21 kB         106 kB
├ ○ /kintai/employees                                    8.64 kB         120 kB
├ ○ /kintai/icon.png                                         0 B            0 B
├ ƒ /kintai/invite/[token]                               4.37 kB         130 kB
├ ○ /kintai/pricing                                      3.23 kB         150 kB
├ ○ /kintai/requests                                     4.79 kB         111 kB
├ ○ /kintai/requests/new                                 6.01 kB         112 kB
├ ○ /kintai/settings                                     4.41 kB         107 kB
├ ○ /llms-full.txt                                       1.73 kB         104 kB
├ ○ /llms.txt                                            1.73 kB         104 kB
├ ○ /logo                                                8.16 kB         147 kB
├ ○ /lp                                                   5.1 kB         161 kB
├ ƒ /lp/[projectId]                                      5.26 kB         164 kB
├ ○ /lp/guide                                               4 kB         143 kB
├ ○ /lp/history                                          3.97 kB         157 kB
├ ○ /lp/new/copy                                         8.35 kB         161 kB
├ ○ /lp/new/design                                       4.27 kB         157 kB
├ ○ /lp/new/input                                        7.37 kB         160 kB
├ ○ /lp/new/structure                                    5.55 kB         164 kB
├ ○ /lp/pricing                                          1.88 kB         149 kB
├ ƒ /m/[token]                                           13.2 kB         116 kB
├ ƒ /mensetsu                                              13 kB         174 kB
├ ƒ /mensetsu/compare                                    3.76 kB         115 kB
├ ○ /mensetsu/icon.png                                       0 B            0 B
├ ƒ /mensetsu/invite/[token]                             3.53 kB         120 kB
├ ƒ /mensetsu/live/[token]                               12.4 kB         115 kB
├ ƒ /mensetsu/pricing                                    2.65 kB         150 kB
├ ƒ /mensetsu/sessions/[id]                              5.43 kB         117 kB
├ ƒ /mensetsu/settings                                   3.25 kB         123 kB
├ ƒ /mensetsu/templates/[id]                             4.64 kB         116 kB
├ ƒ /movie                                               3.53 kB         165 kB
├ ƒ /movie/[projectId]                                    3.6 kB         151 kB
├ ƒ /movie/[projectId]/edit                              5.03 kB         113 kB
├ ƒ /movie/guide                                         5.23 kB         147 kB
├ ƒ /movie/history                                       4.42 kB         152 kB
├ ƒ /movie/new/concept                                   3.34 kB         156 kB
├ ƒ /movie/new/edit                                      1.73 kB         104 kB
├ ƒ /movie/new/persona                                   3.25 kB         147 kB
├ ƒ /movie/new/plan                                      3.87 kB         148 kB
├ ƒ /movie/pricing                                        1.6 kB         148 kB
├ ƒ /movie/templates                                      1.9 kB         144 kB
├ ○ /nagusame                                              133 B         117 kB
├ ● /nagusame/[segment]                                    133 B         117 kB
├   ├ /nagusame/default
├   ├ /nagusame/business
├   └ /nagusame/student
├ ○ /nagusame/pricing                                      170 B         106 kB
├ ƒ /og/[...slug]                                        1.73 kB         104 kB
├ ƒ /opengraph-image-7kkyss                              1.73 kB         104 kB
├ ○ /opening                                              3.5 kB         142 kB
├ ○ /opening/dashboard                                   3.29 kB         142 kB
├ ƒ /opening/editor/[animationId]                        3.69 kB         147 kB
├ ƒ /opening/export/[animationId]                        3.64 kB         142 kB
├ ○ /opening/guide                                       2.47 kB         141 kB
├ ○ /opening/pricing                                     3.47 kB         157 kB
├ ƒ /opening/projects/[id]                               10.1 kB         153 kB
├ ƒ /persona                                             4.56 kB         226 kB
├ ƒ /persona/history                                     7.05 kB         127 kB
├ ○ /persona/icon.png                                        0 B            0 B
├ ƒ /persona/opengraph-image                             1.73 kB         104 kB
├ ƒ /persona/pricing                                     1.05 kB         148 kB
├ ƒ /persona/projects/[id]                               1.76 kB         180 kB
├ ƒ /persona/twitter-image                               1.73 kB         104 kB
├ ○ /pricing                                             1.77 kB         149 kB
├ ○ /privacy                                             1.73 kB         104 kB
├ ƒ /promane                                             4.34 kB         160 kB
├ ƒ /promane/[workspaceSlug]                             4.11 kB         245 kB
├ ƒ /promane/[workspaceSlug]/clients                     5.88 kB         130 kB
├ ƒ /promane/[workspaceSlug]/help                        4.46 kB         129 kB
├ ƒ /promane/[workspaceSlug]/members                      9.2 kB         133 kB
├ ƒ /promane/[workspaceSlug]/projects                      182 B         112 kB
├ ƒ /promane/[workspaceSlug]/projects/[projectId]          31 kB         158 kB
├ ƒ /promane/[workspaceSlug]/projects/[projectId]/edit     198 B         151 kB
├ ƒ /promane/[workspaceSlug]/projects/new                  510 B         148 kB
├ ƒ /promane/[workspaceSlug]/reports                     5.07 kB         230 kB
├ ƒ /promane/[workspaceSlug]/settings                    4.84 kB         129 kB
├ ƒ /promane/[workspaceSlug]/timesheet                   7.84 kB         135 kB
├ ○ /promane/icon.png                                        0 B            0 B
├ ƒ /promane/invite/[token]                              5.15 kB         137 kB
├ ○ /promane/pricing                                     1.05 kB         148 kB
├ ƒ /quote                                               12.2 kB         177 kB
├ ƒ /quote/documents/[id]                                4.52 kB         165 kB
├ ○ /quote/icon.png                                          0 B            0 B
├ ƒ /quote/invite/[token]                                3.54 kB         120 kB
├ ƒ /quote/pricing                                       2.65 kB         150 kB
├ ƒ /quote/settings                                       6.5 kB         172 kB
├ ● /renewal-preview/[service]                           14.1 kB         215 kB
├   ├ /renewal-preview/banner
├   ├ /renewal-preview/seo
├   ├ /renewal-preview/interview
├   └ [+14 more paths]
├ ○ /robots.txt                                          1.73 kB         104 kB
├ ƒ /seo                                                 12.4 kB         205 kB
├ ƒ /seo/articles                                        1.73 kB         104 kB
├ ƒ /seo/articles/[id]                                   38.7 kB         194 kB
├ ƒ /seo/articles/[id]/check                              6.3 kB         148 kB
├ ƒ /seo/articles/[id]/edit                              6.99 kB         149 kB
├ ƒ /seo/articles/[id]/export                            4.23 kB         146 kB
├ ƒ /seo/articles/[id]/outline                           7.78 kB         150 kB
├ ƒ /seo/create                                          17.4 kB         177 kB
├ ƒ /seo/dashboard/plan                                  7.66 kB         191 kB
├ ○ /seo/icon.png                                            0 B            0 B
├ ƒ /seo/images/[id]                                       195 B         106 kB
├ ƒ /seo/jobs/[id]                                       17.9 kB         178 kB
├ ƒ /seo/new                                             1.73 kB         104 kB
├ ƒ /seo/opengraph-image                                 1.73 kB         104 kB
├ ƒ /seo/pricing                                         3.61 kB         150 kB
├ ƒ /seo/settings                                        3.53 kB         160 kB
├ ƒ /seo/swipe                                           18.5 kB         173 kB
├ ƒ /seo/template                                        12.5 kB         173 kB
├ ƒ /seo/template/generate                               1.89 kB         109 kB
├ ƒ /seo/template/generate-images                        2.04 kB         105 kB
├ ƒ /seo/template/generate-question-images                2.4 kB         105 kB
├ ƒ /seo/twitter-image                                   1.73 kB         104 kB
├ ƒ /sfa                                                 6.01 kB         176 kB
├ ƒ /sfa/[orgSlug]                                       5.61 kB         129 kB
├ ƒ /sfa/[orgSlug]/accounts                              2.82 kB         111 kB
├ ƒ /sfa/[orgSlug]/activities                            3.04 kB         111 kB
├ ƒ /sfa/[orgSlug]/contacts                              3.26 kB         111 kB
├ ƒ /sfa/[orgSlug]/deals                                 9.63 kB         117 kB
├ ƒ /sfa/[orgSlug]/leads                                 5.29 kB         113 kB
├ ƒ /sfa/[orgSlug]/members                                3.5 kB         111 kB
├ ƒ /sfa/[orgSlug]/tasks                                 4.66 kB         112 kB
├ ○ /sfa/icon.png                                            0 B            0 B
├ ƒ /sfa/invite/[token]                                  3.88 kB         124 kB
├ ○ /sfa/pricing                                         2.26 kB         149 kB
├ ○ /shindan                                             14.7 kB         153 kB
├ ○ /shindan/history                                     2.38 kB         141 kB
├ ƒ /shodan                                              5.91 kB         176 kB
├ ƒ /shodan/[orgSlug]                                    5.53 kB         117 kB
├ ƒ /shodan/[orgSlug]/members                            4.36 kB         112 kB
├ ƒ /shodan/[orgSlug]/new                                6.94 kB         154 kB
├ ƒ /shodan/[orgSlug]/p/[id]                             11.4 kB         123 kB
├ ƒ /shodan/[orgSlug]/p/[id]/slides                      5.67 kB         117 kB
├ ƒ /shodan/[orgSlug]/settings                           7.34 kB         115 kB
├ ○ /shodan/icon.png                                         0 B            0 B
├ ƒ /shodan/invite/[token]                               4.01 kB         121 kB
├ ƒ /shodan/pricing                                      2.31 kB         149 kB
├ ○ /sitemap.xml                                         1.73 kB         104 kB
├ ○ /slashslide                                          3.39 kB         146 kB
├ ○ /slashslide/create                                   3.65 kB         149 kB
├ ○ /slide                                               3.39 kB         146 kB
├ ○ /slide/create                                        3.65 kB         149 kB
├ ○ /tenkai                                              1.73 kB         104 kB
├ ○ /tenkai/brand-voice                                  5.31 kB         144 kB
├ ○ /tenkai/create                                       4.81 kB         147 kB
├ ○ /tenkai/pricing                                      6.74 kB         158 kB
├ ○ /tenkai/projects                                     6.15 kB         148 kB
├ ƒ /tenkai/projects/[id]                                7.69 kB         150 kB
├ ƒ /tenkai/projects/[id]/outputs                        5.86 kB         148 kB
├ ○ /tenkai/settings                                      5.8 kB         157 kB
├ ○ /tenkai/templates                                    5.43 kB         144 kB
├ ○ /terms                                                 195 B         106 kB
├ ○ /tokushoho                                             195 B         106 kB
├ ƒ /voice                                               5.34 kB         121 kB
├ ƒ /voice/[projectId]                                   8.24 kB         128 kB
├ ƒ /voice/[projectId]/edit                              7.73 kB         123 kB
├ ƒ /voice/guide                                           195 B         106 kB
├ ƒ /voice/history                                       4.84 kB         120 kB
├ ƒ /voice/new                                           7.38 kB         123 kB
├ ƒ /voice/pricing                                       1.73 kB         149 kB
├ ƒ /voice/record                                        6.97 kB         122 kB
├ ƒ /voice/settings                                      6.22 kB         121 kB
└ ƒ /voice/speakers                                      5.31 kB         120 kB
+ First Load JS shared by all                             103 kB
  ├ chunks/31255-33e26c4842f8d15a.js                     45.9 kB
  ├ chunks/4bd1b696-2135e4d8b8354323.js                  54.2 kB
  └ other shared chunks (total)                          2.55 kB


ƒ Middleware                                             35.1 kB

○  (Static)   prerendered as static content
●  (SSG)      prerendered as static HTML (uses generateStaticParams)
ƒ  (Dynamic)  server-rendered on demand
